"公司代號","公司名稱","公司簡稱","產業類別","外國企業註冊地國","住址","營利事業統一編號","董事長","總經理","發言人","發言人職稱","代理發言人","總機電話","成立日期","興櫃日期","普通股每股面額","實收資本額(元)","已發行普通股數或TDR原發行股數","私募普通股(股)","特別股(股)","編製財務報告類型","普通股盈餘分派或虧損撥補頻率","普通股年度(含第4季或後半年度)現金股息及紅利決議層級","股票過戶機構","過戶電話","過戶地址","簽證會計師事務所","簽證會計師1","簽證會計師2","英文簡稱","英文通訊地址","傳真機號碼","電子郵件信箱","公司網址","投資人關係聯絡人","投資人關係聯絡人職稱","投資人關係聯絡電話","投資人關係聯絡電子郵件","公司網站內利害關係人專區網址","公司網站內公司治理資訊專區網址"
"1260","富味鄉食品股份有限公司","富味鄉","食品工業","－","台北市大安區市民大道四段102號11樓","	12467902","陳昶宏","陳昶宏","陳淑紋","副總經理","李芳怡","(02)2750-5667","1983/11/08","2012/11/26",新台幣                 10.0000元,1020981820,102098182,0,0,合併,每年,董事會,"福邦證券股份有限公司","(02)2371-1658","台北市中正區忠孝西路一段６號６樓","資誠聯合會計師事務所","黃金連","賴宗羲","FLAVOR","11F., No. 102, Sec. 4, Civic Blvd., Da'an Dist.,Taipei City 106, Taiwan","(02)2750-6777","flavor@flavor.com.tw","www.flavor.com.tw","－","－","－","－","www.flavor.com.tw","－"
"1269","乾杯股份有限公司","乾杯","觀光餐旅","－","台北市中正區忠孝東路二段88號11樓","	70443909","平出莊司","平出莊司","廖佳怡","董事長室經理","董浩成","(02)3322-2627","1999/10/13","2016/08/29",新台幣                 10.0000元,209094610,20909461,0,0,合併,每年,股東會,"凱基證券股份有限公司","02-2389-2999","台北市中正區重慶南路1段2號5樓","勤業眾信聯合會計師事務所","林淑如","虞成全","KANPAI","11F., No.88, Sec. 2, Zhongxiao E. Rd., Zhongzheng Dist.,Taipei City 100, Taiwan (R.O.C.)","(02)3322-2696","ir@kanpai.com.tw","www.kanpai.com.tw","－","－","－","－","www.kanpai.com.tw","－"
"1271","晨暉生物科技股份有限公司","晨暉生技","生技醫療業","－","新北市汐止區工建路356號1樓","	28708250","盛保熙","執行長：陳培志","潘佳岳","總經理","柯伯翰","(02)2792-9568","2007/09/10","2021/01/18",新台幣                 10.0000元,603890660,60389066,0,0,合併,每年,董事會,"台新綜合證券(股)公司股務代理部","(02)2504-8125","台北市中山區建國北路一段96號B1","安永聯合會計師事務所","姚世傑","張巧穎","SunWay","1 F., No. 356, Gongjian Rd., Xizhi Dist.New Taipei City, Taiwan (R.O.C.)","(02)2792-9566","ir@sunway.cc","www.sunway.cc","－","－","－","－","www.sunway.cc","－"
"1293","利統股份有限公司","利統","食品工業","－","新北市汐止區康寧街169巷31-1號13樓之1","	89955491","張天鴻","林燕","林燕(代理)","總經理","林燕","(02)2694-0885","1994/12/28","2021/10/29",新台幣                 10.0000元,170941120,17094112,0,0,合併,每年,董事會,"福邦證券股份有限公司","(02)2371-1658","台北市中正區忠孝西路一段6號6樓","安侯建業聯合會計師事務所","吳趙仁","江曉苓","Lytone","13F-1, No. 31-1, Ln. 169, Kangning St., Xizhi Dist.,New Taipei City, Taiwan, R.O.C.","(02)2694-0121","ir@lytone.com","http://www.lytone.com","－","－","－","－","http://www.lytone.com","－"
"1343","旭東環保科技股份有限公司","旭東環保","綠能環保","－","屏東縣屏東市大洲里環東街2號","	89323361","董基旭","董基旭","董妍伶","董事長特助","從缺","(08)7530968","1995/02/10","2021/03/25",新台幣                 10.0000元,405138740,40513874,0,0,個別,每年,董事會,"華南永昌綜合證券股份有限公司","(02)2718-6425","台北市松山區民生東路四段54號4樓","勤業眾信聯合會計師事務所","陳秀雯","張慈媛","SUN RISE","No.2, Huandong St.Pingtung City, Pingtung County , Taiwan","(08)7535986","sunrise@srise.com.tw","https://www.srise.com.tw/","－","－","－","－","https://www.srise.com.tw/","－"
"1480","東盟開發實業股份有限公司","東盟開發","鋼鐵工業","－","台南市學甲區秀昌里5鄰一秀155號","	88121697","劉子敬","劉子敬","馬畹芬","資材部經理","彭俊鑫","02-26961255","1968/10/17","2023/10/27",新台幣                 10.0000元,4160852170,416085217,0,0,個別,每年,股東會,"統一綜合證券股份有限公司","02-27463797","台北市松山區東興路8號B1樓","勤業眾信聯合會計師事務所","廖鴻儒","楊朝欽","TM　　","Tower C, 24FL,No.90,Sec.1, Hsin-Tai 5th Rd.,Hsichih Dist.,　　New Taipei City,Taiwan,R.O.C.　　","02-26961352","無","www.tungmung.com.tw","－","－","－","－","?L","－"
"1594","日高工程實業股份有限公司","日高","電機機械","－","(80147)高雄市前金區中正四路136號11樓","	04938839","陳鴻文","周賢昌","周賢昌","總經理","林盈秀","07-2858631","1974/04/02","2010/10/13",新台幣                 10.0000元,332200000,33220000,0,0,合併,每年,股東會,"國票綜合證券(股)公司股務代理部","02-25288988","台北市松山區南京東路五段188號15樓","勤業眾信聯合會計師事務所","陳明煇","陳秀雯","JUKAO","11F.,No.136,Zhongzheng 4th Rd.,Qianjin Dist.,Kaohsiung,80147Taiwan,Republic of china","07-2874674","jk_sales@jukao.com.tw","http://www.jukao.com.tw/","－","－","－","－","http://www.jukao.com.tw/interested.asp","－"
"1780","立弘生化科技股份有限公司","立弘","生技醫療業","－","(106)台北市敦化南路二段71號13樓","	12971536","楊正利","林清輝","楊幸慧","協理","楊子萱","27030209","2001/12/25","2010/04/29",新台幣                 10.0000元,962431730,96243173,0,0,合併,每年,股東會,"群益金鼎證券股份有限公司","27023999","台北市敦化南路二段97號B2","資誠聯合會計師事務所","阮呂曼玉","徐聖忠","ABC","13TH FL.,NO71 SEC.2 TUN-HWA SOUTH ROAD.TAIPEI.10682 TAIWAN, R.O.C","27030289","eyang@altratene.com","www.altratene.com/tw","－","－","－","－","?L","－"
"2071","震南鐵線股份有限公司","震南鐵","鋼鐵工業","－","高雄市路竹區順安路275巷202號","	86540792","黃錦榮","余金珠","蔡婉玲","財會經理","余金珠","(07)697-5852","1992/01/20","2019/09/23",新台幣                 10.0000元,690460000,69046000,0,0,合併,每年,股東會,"台新綜合證券(股)公司股務代理部","(02)2504-8125","台北市建國北路一段96號地下一樓","資誠聯合會計師事務所","徐惠榆","葉芳婷","Chen Nan Steel","NO.202,LANE 275,SHUN AN ROAD,LU ZHU DIST.KAOHSIUNG CITY TAIWAN,R.O.C","(07)607-2855","chennanir@chen-nan.com.tw","https://www.chen-nan.com.tw","－","－","－","－","https://www.chen-nan.com.tw","－"
"2072","世紀離岸風電設備股份有限公司","世紀風電","鋼鐵工業","－","新北市八里區下罟里5鄰中山路3段388之5號","	69651695","賴文祥","林明政","賴宣邠","業務副總","林明政","02-89798698","2017/05/15","2020/11/30",新台幣                 10.0000元,1700000000,170000000,0,0,合併,每年,董事會,"群益金鼎證券股份有限公司","(02)2702-3999","台北市大安區敦化南路二段97號B2","安永聯合會計師事務所","林政緯","陳國帥","CWP","No. 388-5, Sec. 3, Zhongshan Rd., Bali Dist., New Taipei City 249001, TaiwanNEW TAIPEI, TAIWAN","02-89798702","ir@cwptw.com","www.cwptw.com","－","－","－","－","http://www.cwptw.com/tw/duty/68/","－"
"2237","華德動能科技股份有限公司","華德動能","電機機械","－","桃園市大園區五青路291巷33號","	27579308","蔡裕慶","蔡裕慶","楊誌榮","總經理(桃園廠)","趙愷琪","03-381-1863","2005/04/07","2014/12/23",新台幣                 10.0000元,1217929010,121792901,0,0,合併,每年,股東會,"群益金鼎證券股份有限公司","02-2703-5000","台北市大安區敦化南路二段97號地下2樓","資誠聯合會計師事務所","劉美蘭","賴志維","RAC","No. 33, Lane 291, Wuqing Road, Dayuan DistrictTaoyuan City, Taiwan","03-381-7863","contact@racev.com","www.racev.com","－","－","－","－","www.racev.com","－"
"2245","詠勝昌股份有限公司","詠勝昌*","電機機械","－","台南市仁德區中正路三段209號","	16696080","吳書杰","吳明星","吳明星","總經理","林姿君","(06)2702277","1998/11/13","2016/12/15",新台幣                  5.0000元,162000000,32400000,0,0,合併,每年,董事會,"第一金證券(股)公司股務代理部","(02)25635711","台北市大安區安和路一段27號6樓","勤業眾信聯合會計師事務所","張青霞","王浚宇","NWW","No. 209, Sec. 3, Jhongjheng Rd., Rende Dist., Tainan City 717, Taiwan (R.O.C.)Tainan City 717, Taiwan (R.O.C.)","(06)2709912","ir@nwwmfg.com.tw","www.nwwmfg.com.tw","－","－","－","－","http://www.nwwmfg.com.tw/tw/§Q?`???Y?H.html","－"
"2249","湧盛電機股份有限公司","湧盛","電機機械","－","高雄市前鎮區中四路6號3樓","	70849653","林麗玉","萬芸榮","方宗琦","管理部協理","江春枝","07-8228183","2008/08/25","2019/12/19",新台幣                 10.0000元,255379000,25537900,0,0,合併,每年,董事會,"凱基證券股份有限公司股務代理部","02-23892999","10044 台北市重慶南路1段2號5樓","安侯建業聯合會計師事務所","許振隆","陳永祥","YOUNG SHINE","3F., No.6, Central 4th Rd., Cianjhen Dist.Kaohsiung City,Taiwan(R.O.C.)","07-8228178","invest@young-shine.com.tw","https://www.young-shine.com.tw/","－","－","－","－","https://www.young-shine.com.tw/","－"
"2252","為昇科科技股份有限公司","為昇科","其他電子業","－","新竹縣竹北市台元街38號6樓之7","	45127518","黃淑媛","洪元通","洪元通","執行長兼總經理","蔡青翰","(03)560-0289","2016/07/22","2021/08/23",新台幣                 10.0000元,1066175000,106617500,0,0,合併,每年,股東會,"第一金證券股份有限公司","(02)2563-5711","台北市大安區安和路一段27號六樓","安侯建業聯合會計師事務所","張字信","陳燕慧","CUBTEK","m.7, 6F., No.38, Taiyuan St.,Zhubei City, Hsinchu County Taiwan","(03)560-0291","investor@cubtek.com","https://www.cubtek.com/","－","－","－","－","https://www.cubtek.com/","－"
"2255","凱銳光電股份有限公司","凱銳光電","其他電子業","－","臺北市內湖區陽光街300號7樓之2","	27420770","林傳凱","林傳凱","林傳凱","董事長","蔡仁晃","(02)5582-1818","2004/08/11","2021/11/30",新台幣                 10.0000元,609325000,60932500,0,0,合併,每年,股東會,"台新證券股務代理部","02-25048125","臺北市中山區建國北路一段96號B1","安侯建業聯合會計師事務所","黃柏淑","吳仲舜","JET","7F.-2, No. 300, Yangguang St., Neihu Dist.Taipei City 114 , Taiwan (R.O.C.)","02-5582-0098","IR@jet-opto.com.tw","https://www.jet-opto.com.tw","－","－","－","－","https://www.jet-opto.com.tw","－"
"2256","歐特明電子股份有限公司","歐特明","其他電子業","－","新竹科學園區新竹市科研路8號9樓之2","	54101167","吳錫慶","吳錫慶","廖健武","財務處長","莊煜芳","03-6667968","2012/12/12","2021/12/08",新台幣                 10.0000元,390444000,39044400,0,0,合併,每年,董事會,"中國信託商業銀 代理部","(02)6636-5566","臺北市中正區重慶南路一段83號5樓","資誠聯合會計師事務所","蔣承翰","白淑蒨","oToBrite","9 F.-2, No. 8, Keyan Rd., East Dist.,Hsinchu City 300192, Taiwan (R.O.C.)","03-6667186","sales@otobrite.com","https://www.otobrite.com/","－","－","－","－","https://www.otobrite.com/","－"
"2644","中信造船股份有限公司","中信造船","航運業","－","高雄市旗津區中洲三路108巷92號","	82050180","韓碧祥","韓育霖","韓育霖","總經理","黃逢徵","07-5719000","1973/12/22","2022/10/11",新台幣                 10.0000元,829516960,82951696,0,0,合併,每半會計年度,董事會,"兆豐證券股份有限公司","(02)33930898","台北市中正區忠孝東路二段95 號1樓","勤業眾信聯合會計師事務所","王騰葦","許凱甯","JSSC","No. 92, Ln. 108, Zhongzhou 3rd Rd. Qijin Dist.,Kaohsiung City 805301 , Taiwan (R.O.C.)","07-5718671","jongshyn@jssc.com.tw","https://www.jongshyn.com/","－","－","－","－","https://www.jongshyn.com/social.asp?id=50","－"
"2733","維格餅家股份有限公司","維格餅家","觀光餐旅","－","新北市五股區成泰路一段87之1號(6樓)","	80490319","余佩佩","余佩佩","李欣倫","行政管理處協理","李文賀協理","02-2291-9122","2003/06/26","2012/12/24",新台幣                 10.0000元,245984000,24598400,0,0,合併,每年,股東會,"元富證券股務代理部","02-2768-6668","臺北市松山區光復北路11巷35號B1","資誠聯合會計師事務所","林柏全","王菘澤","Vigor Kobo","6F., No. 87-1, Sec. 1, Chengtai Rd.,Wugu Dist., New Taipei City 248, Taiwan","02-2291-9179","service@vigorkobo.com","https://www.vigorkobo.com/","－","－","－","－","https://www.vigorkobo.com/investors/company","－"
"2741","人杰老四川餐飲管理顧問(股)公司","老四川","觀光餐旅","－","高雄市左營區文學路597號","	28836494","陳淑萍","陳淑萍","陳淑萍","總經理","許麗君","07-3416222","2007/12/28","2014/10/28",新台幣                 10.0000元,225882810,22588281,0,0,個別,每年,董事會,"凱基證券股份有限公司股務代理部","02-23892999","台北市重慶南路一段2號5樓","勤業眾信聯合會計師事務所","陳珍麗","許凱甯","Oldsichuan","No.597, Wenxue Rd., Zuoying Dist.,Kaohsiung City 813, Taiwan (R.O.C.)","07-3500222","@oldsichuan.com.tw","http://www.oldsichuan.com.tw","－","－","－","－","http://www.oldsichuan.com.tw/investor01.aspx","－"
"2758","路易莎職人咖啡股份有限公司","路易莎咖啡","觀光餐旅","－","新北市新莊區建國一路55號","	54857699","驊穎有限公司","黃銘賢","盧贊宇","財會處資深協理","黃佳雯","02-8978-1628","2015/07/22","2021/09/17",新台幣                 10.0000元,204861210,20486121,0,0,合併,每半會計年度,董事會,"台新證券股務代理部","02-2504-8125","台北市中山區建國北路一段96號地下一樓","安侯建業聯合會計師事務所","江曉苓","吳趙仁","LOUISA COFFEE","No. 55, Jianguo 1st Rd.,Xinzhuang Dist., NewTaipei City 242,","02-2901-0608","investor@louisacoffee.com.tw","https://www.louisacoffee.co/","－","－","－","－","https://www.louisacoffee.co/","－"
"2760","巨宇翔股份有限公司","巨宇翔","觀光餐旅","－","台中市西屯區惠中路一段88號21樓之2","	82766468","許維翔","許維翔","張愷烓","財務長","黃郁芬","(04)22530011","2018/10/05","2022/12/26",新台幣                 10.0000元,130000000,13000000,0,0,合併,每半會計年度,董事會,"兆豐證券股份有限公司股務代理部","(02)23278988","台北市中正區忠孝東路二段95號1樓","勤業眾信聯合會計師事務所","蔡宗遠","郭乃華","CYH","21F-2,NO.88,SEC.1.HUIZHONG RD.,XITUN DISTTAICHUNG CITY 407,TAIWAN","(04)22532200","linda20170901@dingtea.com","https://www.dingtea.com/","－","－","－","－","https://www.dingtea.com/","－"
"2761","橘焱胡同國際股份有限公司","橘焱胡同","觀光餐旅","－","新北市新店區中正路四維巷2弄5號2樓","	53352952","吳念忠","楊哲瑋","楊哲瑋","總經理","張文婷","(02)2218-9868","2011/06/28","2022/04/13",新台幣                 10.0000元,173366260,17336626,0,0,合併,每年,董事會,"台新綜合證券股務代理部","(02)2504-8125","台北市中山區建國北路一段96號B1樓","安侯建業聯合會計師事務所","唐嘉鍵","黃明宏","GYEN HUTONG","2F., No. 5, Aly. 2, Siwei Ln., Zhongzheng Rd., Xindian Dist.New Taipei City 231 , Taiwan(R.O.C.)","(02)2218-9768","IR@gyen.com.tw","https://gyen.com.tw","－","－","－","－","https://gyen.com.tw","－"
"2938","床的世界股份有限公司","床的世界","居家生活","－","台北市內湖區舊宗路一段88號","	80646713","尚待選任","陳三傑","牟迪","財務長","許文誠","02-66266688","2004/02/09","2016/10/05",新台幣                 10.0000元,201400000,20140000,0,0,合併,每年,股東會,"統一綜合證券股份有限公司","02-27478266","台北市松山區東興路8號B1樓","勤業眾信聯合會計師事務所","黃秀椿","吳世宗","BEDDING WORLD","No.88, Sec. 1, Jiuzong Rd., Neihu DistTaipei City 114, Taiwan (R.O.C.)","02-87928554","cservice@beddingworld.com.tw","www.beddingworld.com.tw","－","－","－","－","www.beddingworld.com.tw","－"
"2940","歐都納股份有限公司","歐都納","運動休閒","－","彰化縣埤頭鄉大湖村彰水路二段400號","	59112564","程鯤","吳雪敏","吳雪敏","總經理","蔡佳君","04-23583456","1975/03/27","2025/05/05",新台幣                 10.0000元,251842690,25184269,0,0,合併,每年,董事會,"中國信託商業銀行代理部","02-66365566","台北市重慶南路一段83號5樓","安永聯合會計師事務所","黃宇廷","賴書晨","SUNOWN","No.400, Sec. 2, Zhangshui Rd., Pitou Township,Changhua County 523, Taiwan (R.O.C.)","04-23588609","atunas001@mail.atunas.com.tw","http://www.atunas.com.tw/","－","－","－","－","http://www.atunas.com.tw/","－"
"2942","京站實業股份有限公司","京站","居家生活","－","台北市大同區承德路一段1號","	28710621","林怡均","王大政","陳岱慧","協理","薛振宇","(02)2182-8888","2007/09/20","2018/03/31",新台幣                 10.0000元,600000000,60000000,0,0,合併,每年,股東會,"凱基證券股份有限公司","(02)2389-2999","台北市重慶南路一段2號5樓","勤業眾信聯合會計師事務所","方涵妮","楊清鎮","Jing-Jan","No.1, Sec. 1, Chengde Rd., Datong Dist.,Taipei,Taiwan,R.O.C.","(02)2555-1399","louisa@qsquare.com.tw","http://www.qsquare.com.tw/","－","－","－","－","https://jing-jan.com.tw/is/stakeholder/","－"
"3097","拍檔科技股份有限公司","拍檔","電腦及週邊設備業","－","新北市中和區建八路206號2樓","	23622986","陳其宏","王保鋅","王保鋅","總經理","劉銘哲","29188500","1990/02/21","2002/08/02",新台幣                 10.0000元,750856050,75085605,0,0,合併,每年,董事會,"富邦綜合證券(股)公司股務代理部","(02)2361-1300","台北市100中正區許昌街十七號十一樓","安侯建業聯合會計師事務所","高靚玟","尹元聖","PTT　","2F., No. 206, Jian 8th Rd., Zhonghe Dist., New Taipei City 235SHIN TIEN,TAIPEI,TAIWAN,R.O.C.　","29112344","stock_affairs@partner.com.tw","partnertechcorp.com","－","－","－","－","partnertechcorp.com","－"
"3117","年程科技股份有限公司","年程","電子零組件業","－","326桃園市楊梅區高獅路820之1號(聯絡地:高獅路863巷32號)","	89379218","薛維進","薛志豪","傅從芳","經理","黃曉娟","(03)4962286","1995/04/13","2012/08/31",新台幣                 10.0000元,228000000,22800000,0,0,合併,每年,股東會,"第一金證券股份有限公司","(02)2563-5711","10688台北市大安區安和路一段27號6樓","安永聯合會計師事務所","陳國帥","林政緯","TECSTAR　　","NO.32 , Lane 863,Kou Shin Rd., Yang Mei 　Taoyuan , Taiwan , R.O.C　　","(03)4962285","tecstar@tecstar.com.tw","www.tecstar.com.tw","－","－","－","－","www.tecstar.com.tw","－"
"3184","微邦科技股份有限公司","微邦","生技醫療業","－","桃園市八德區茄苳里1鄰茄苳路756號","	97454724","李欣","劉天來","劉天來","總經理","洪珮瑩","(03)376-7555","1997/05/12","2013/04/18",新台幣                 10.0000元,630744770,63074477,0,0,合併,每年,股東會,"凱基證券股份有限公司","(02)2389-2999","台北市重慶南路一段2號5樓","安永聯合會計師事務所","張巧穎","張正道","MBTC　","No.756, Jiadong Rd.Bade Dist, Taoyuan City, Taiwan","(03)376-7557","mktcom@microbasetech.com","https://microbasetech.com/","－","－","－","－","https://microbasetech.com/","－"
"3473","智通聯網科技股份有限公司","智通聯網","通信網路業","－","新竹市科學園區展業一路9號5樓之3","	16843870","李怡德","李怡德","李珮莉","協理","葉慧如","03-5638889","1999/05/14","2025/08/11",新台幣                 10.0000元,225114750,22511475,0,0,個別,每年,董事會,"群益金鼎證券(股)公司股務代理部","02-27035000","台北市大安區敦化南路二段97號B2","安侯建業聯合會計師事務所","吳俊源","鄭安志","Fiber Logic","5F-3, No.9,Zhanye 1st Rd.,East Dist.,Hsinchu City 300,TaiwanHsinchu, Taiwan R.O.C.","03-5638899","investor@fiberlogic.com","www.fiberlogic.com","－","－","－","－","www.fiberlogic.com","www.fiberlogic.com"
"3485","敘(余+卜+又)豐企業股份有限公司","敘豐","光電業","－","(334) 桃園市八德區茄苳路７６０巷１６號","	84995500","周政均","杜松穎","杜松穎","總經理","蕭雅娟","(03)3646445","1994/07/13","2012/09/28",新台幣                 10.0000元,341918500,34191850,0,0,合併,每年,股東會,"群益金鼎證券股份有限公司","(02)27023999","台北市敦化南路二段97號B2","勤業眾信聯合會計師事務所","洪偉倫","虞成全","EF","NO.16,  LANE 760,  JIA DUNG ROAD.,Bade Dist.,Taoyuan City, TAIWAN, R.O.C","(03)3764060","service@efm.com.tw","https://www.efm.com.tw/","－","－","－","－","https://www.efm.com.tw/","－"
"3585","聯致科技股份有限公司","聯致","電子零組件業","－","(338)桃園市蘆竹區南山路二段498-2號","	16742182","李長明","陳福龍","蘇連芳","財會主管","鄧惠文","03-3246000","1998/09/15","2007/10/25",新台幣                 10.0000元,1116786240,111678624,0,0,合併,每年,股東會,"宏遠證券股份有限公司股務代理部","(02) 77198899","台北市信義路四段236號3樓","資誠聯合會計師事務所","林雅慧","王菘澤","AMC","498-2, Nan San Rd., Sec. 2, Luchu,Taoyuan Hsien, Taiwan","03-3247000","tim@amcorp.com.tw","http://www.amcorp.com.tw","－","－","－","－","http://www.amcorp.com.tw","－"
"3595","山太士股份有限公司","山太士","光電業","－","(302)新竹縣竹北市沿河街28巷158號","	89716605","吳學宗","張師誠","吳學宗","董事長","廖偉志","03-5550999","1995/10/03","2007/11/16",新台幣                 10.0000元,339132820,33913282,0,0,合併,每年,股東會,"台新證券股務代理部","(02)25048125","台北市建國北路一段96號地下一樓","致遠聯合會計師事務所","曾瓊慧","曾瑞燕","AMC","No.158, Lane 28, Yanhe St.,Zhubei City, Hsinchu County 302,Taiwan","03-5551717","phill@amctape.com","http://www.amctape.com","－","－","－","－","http://www.amctape.com","－"
"3603","建祥國際股份有限公司","建祥國際","電子通路業","－","(242)新北市新莊區五權一路3號之4","	80337786","陳銘銓","陳銘銓","陳銘銓","董事長","曾麗玉","02-22983377","2002/07/04","2008/01/09",新台幣                 10.0000元,248442640,24844264,0,0,合併,每年,股東會,"群益金鼎證券股份有限公司","02-27023999","106台北市大安區敦化南路二段97號B2","廣信益群聯合會計師事務所","彭(系秀)娟","梁宏瑋","UC&GN","No.3-4, Wuquan 1st Rd., Xinzhuang Dist.,New Taipei City 242, Taiwan (R.O.C.)","02-22980077","ir@uc-gn.com","http://www.uc-gn.com","－","－","－","－","?L","－"
"3616","泓辰材料股份有限公司","泓辰","電機機械","－","(326)桃園市平鎮區工業一路2之3號","	12887215","陳宏力","陳宏力","黃思涵","業務經理","陳玉靜","(03)4191222","2001/08/21","2024/11/06",新台幣                 10.0000元,946495800,94649580,0,0,合併,每年,股東會,"元大證券股份有限公司","(02)2586-5859","臺北市大安區敦化南路2段67號地下一樓","聯捷聯合會計師事務所","詹定勳","黃珮樺","HCM","No.2-3, Gongye 1st Rd., Pingzhen Dist., Taoyuan City 32461, TaiwanTaoyuan County 326,Taiwan","(03)4192333","invest@hcmaterial.com.tw","www.hcmaterial.com.tw/","－","－","－","－","www.hcmaterial.com.tw/","－"
"3633","云光科技股份有限公司","云光","光電業","－","302新竹縣竹北市新泰路35號5樓之1","	16177616","許家滂","許家滂","徐鈺雯","經理","許富雄","03-5545488","1997/11/13","2008/08/06",新台幣                 10.0000元,340236430,34023643,0,0,合併,每年,股東會,"群益金鼎證券股份有限公司","02-2702-3999","台北市敦化南路二段97號地下2樓","安侯建業聯合會計師事務所","鄒依芸","韓沂璉","ECC","5-1F,No.35, Hsin-Tai Rd.Chupai City, Hsinchu Hsien, Taiwan(302)","03-5545489","wennyhsu@epoch-optic.com","http://www.epoch-optic.com/","－","－","－","－","http://www.epoch-optic.com/investor.php","－"
"3659","百辰光電股份有限公司","百辰","光電業","－","114062台北市內湖區瑞光路26巷20弄28號3樓","	80493934","賴孟修","林百祁","曾繁宜","協理","何宜芳","02-6600-6610","2003/07/07","2009/10/19",新台幣                 10.0000元,541238380,54123838,0,0,合併,每年,董事會,"台新證券股務代理部","02-25048125","104496台北市建國北路一段96號地下一樓","安侯建業聯合會計師事務所","許淑敏","郭柔蘭","Bison","3F., No.28, Aly. 20, Ln. 26, Ruiguang Rd., Neihu DistTaipei City 114062, Taiwan (R.O.C.)","02-6600-6617","otto_tseng@bisontech.com.tw","http://www.bisontech.com.tw","－","－","－","－","http://www.bisontech.com.tw/investors.html","－"
"3678","聯享光電股份有限公司","聯享","光電業","－","302新竹縣竹北市環北路三段199號","	12767387","賴俊光","賴俊光","黃淑美","副總經理","甘國忠","03-6561668","2001/03/19","2009/10/22",新台幣                 10.0000元,264220000,26422000,0,0,個別,每年,董事會,"中國信託商業銀行代理部","02-66365566","100台北市中正區重慶南路一段83號5樓","勤業眾信聯合會計師事務所","葉東煇","張雅芸","Ushine","No.199, Sec. 3, Huanbei Rd.Zhubei City, Hsinchu 302, Taiwan, R.O.C.","03-6561568","fin@ushine.com.tw","www.ushine.com.tw","－","－","－","－","www.ushine.com.tw","－"
"4115","善德生化科技股份有限公司","善德生技","生技醫療業","－","雲林縣褒忠鄉中民村中正路16號","	16549813","胡智凱","胡智凱","陳明政","稽核室經理","郭怡芬","(05)6976985","1998/07/16","2022/08/31",新台幣                 10.0000元,600000000,60000000,0,0,合併,每年,股東會,"元大證券股份有限公司","(02)25865859","臺北市大安區敦化南路2段67號地下一樓","勤業眾信聯合會計師事務所","吳少君","吳麗冬","SUNDER　　","No.16, Chung-Chen Rd., Chung-Ming Village, Pao-Chung HsiangYunlin County 63441, Taiwan (R.O.C.)","(05)6976986","kenny@sunder.com.tw","http://www.sunder.com.tw","－","－","－","－","NA","－"
"4117","普生股份有限公司","普生","生技醫療業","－","(30076)新竹科學園區創新一路6號","	47299918","林宗慶","林孟德","林孟德","總經理","施金妹","(03)5779221","1984/06/11","2002/07/04",新台幣                 10.0000元,708243700,70824370,10000000,0,合併,每年,股東會,"兆豐證券股份有限公司","(02)3393-0898","台北市忠孝東路二段95號1樓","資誠聯合會計師事務所","劉倩瑜","李典易","GBC","#6,INNOVATION FIRST ROAD,SCIENCE-BASED PARK,HSIN CHU,TAIWAN,R.O.C","(03)5779227","frank.lin@gbc.com.tw","www.gbc.com.tw","－","－","－","－","www.gbc.com.tw","－"
"4132","國鼎生物科技股份有限公司","國鼎","生技醫療業","－","新北市淡水區中正東路2段27-6號15樓","	80280616","劉勝勇","蔡文建","林國聖","財務長","葉燦舉","(02)2808-6006","2002/09/27","2010/05/26",新台幣                 10.0000元,1822270000,182227000,0,0,合併,每年,股東會,"中國信託商業銀行股份有限公司","(02)6636-5566","臺北市中正區重慶南路1段83號5樓","安侯建業聯合會計師事務所","寇惠植","郭欣頤","GBC","15F., NO.27-6, Sec.2, Zhung Zheng E. Rd., Tamsui Dist., New Taipei City.New Taipei, Taiwan","(02)2808-6007","service@goldenbiotech.com","www.goldenbiotech.com","－","－","－","－","beijing@goldenbiotech.com","－"
"4150","優你康光學股份有限公司","優你康","生技醫療業","－","新竹科學園區新竹縣寶山鄉工業東九路16號","	86723722","林明政","林明政","蕭盛銘","會計經理","廖顯陞","03-5775586","1992/06/18","2010/09/15",新台幣                 10.0000元,1472176720,147217672,0,0,合併,每年,股東會,"台新綜合證券股務代理部","(02)25048125","台北市中山區建國北路一段96號地下一樓","安侯建業聯合會計師事務所","江曉苓","陳宜君","UNICON","NO.16 Gongye E. 9th Rd., Hsinchu Science Park ,Hsinchu County, 30075 Taiwan","03-5777868","stock@uniconvision.com.tw","http://www.i-vision.com.tw","－","－","－","－","service@uniconvision.com.tw","－"
"4169","泰宗生物科技股份有限公司","泰宗","生技醫療業","－","(221)新北市汐止區新台五路一段97號24樓之8","	16307131","徐煥清","王雅俊","王雅俊","總經理","魏秀銘","02-26972628","1998/02/20","2012/05/07",新台幣                 10.0000元,590486120,59048612,0,0,合併,每年,董事會,"中國信託商業銀行代理部","02-66365566","台北市中正區重慶南路一段83號5樓","資誠聯合會計師事務所","阮呂曼玉","馮敏娟","TCM","24F-8, No.97, Sec. 1, Xintai 5th Rd., Xizhi DistNew Taipei City , Taiwan (R.O.C.)","02-26972772","4169@tcmbio.com","http://www.tcmbio.com/","－","－","－","－","http://www.tcmbio.com/tw/#!/investor/inv4/","－"
"4170","鑫品生醫科技股份有限公司","鑫品生醫","生技醫療業","－","新北市汐止區新台五路一段97號6樓之11","	27545820","張所鑄","歐明昌","歐明昌","總經理","張所鑄","02-2697-1100","2004/12/23","2023/12/28",新台幣                 10.0000元,437713700,43771370,0,0,合併,每年,股東會,"華南永昌綜合證券股務代理部","(02)2718-6425","10574台北市松山區民生東路四段54號4樓","資誠聯合會計師事務所","蔡蓓華","顏裕芳","VBI","6F-11, No.97,Sec.1 Xintai 5th Rd., Xizhi Dist.,New Taipei City, Taiwan (R.O.C.)","02-2697-1155","info@yuva.com.tw","www.vectorite.com.tw","－","－","－","－","www.vectorite.com.tw","－"
"4172","因華生技製藥股份有限公司","因華","生技醫療業","－","(114)台北市內湖區瑞光路478巷20號9樓、22號9樓","	27964549","林智暉","郝為華","郝為華","總經理","陳思如","02-87977607","2005/10/27","2012/09/13",新台幣                 10.0000元,1075755000,107575500,0,0,個別,每年,股東會,"元大證券(股)公司股務代理部","02-25865859","臺北市大安區敦化南路2段67號地下一樓","資誠聯合會計師事務所","王菘澤","蔡蓓華","InnoPharmax","9F.,No.20,9F.,No.22,Lane 478,Rueiguang Rd.Neihu District, Taipei,Taiwan,R.O.C.","02-87975627","investor@innopharmax.com","www.innopharmax.com.tw","－","－","－","－","investor@innopharmax.com","－"
"4178","永笙生技股份有限公司","永笙-KY","生技醫療業","KY","PO Box 309,Ugland House,Grand Cayman KY1-1104","	60085392","王嘉宗","李冬陽","李冬陽","總經理兼執行長","陳怡儒","(02)2601-3013","2013/06/26","2024/12/05",新台幣                 10.0000元,1933389810,193338981,0,0,合併,每年,股東會,"兆豐證券股份有限公司","(02)3393-0898","臺北市中正區忠孝東路2段95號1樓","勤業眾信會計師事務所","鄭欽宗","邱盟捷","StemCyte","Rm. 2, 9F., No. 508, Sec. 7, Zhongxiao E. Rd., Nangang Dist.,Taipei City 115, Taiwan (R.O.C.)","(02)2653-9967","investors@stemcytebio.com","https://stemcytebio.com/","－","－","－","－","https://stemcytebio.com/esg/stakeholder/","－"
"4186","台灣尖端先進生技醫藥(股)公司","尖端醫","生技醫療業","－","(10663)台北市復興南路二段363號5樓","	70774029","蘇文龍","蘇文龍","蘇文龍","董事長","陳鈺霖","(02)2692-6222","2000/05/25","2012/11/27",新台幣                 10.0000元,900000000,90000000,0,0,個別,每年,股東會,"統一綜合證券(股)公司股務代理部","(02)2746-3797","(10570)台北市松山區東興路8號B1樓","安侯建業聯合會計師事務所","陳明輝","寇惠植","TABP","(22180)12F., No.25, Ln. 169, Kangning St., Xizhi DistNew Taipei City ,221,Taiwan(R.O.C)","(02)2692-6229","lung@biotest.com.tw","http://www.biotest.com.tw","－","－","－","－","http://www.biotest.com.tw","－"
"4194","禾伸堂生技股份有限公司","禾生技","生技醫療業","－","台北市內湖區內湖路一段88號4樓","	12681706","唐錦榮","楊晴華","陳玉芝","商業暨臨床法規處處長","楊晴華","0287975966","2001/01/18","2013/12/13",新台幣                 10.0000元,1459744000,145974400,0,0,合併,每年,董事會,"中國信託商業銀行代理部","02-66365566","台北市重慶南路一段83號5樓","安侯建業聯合會計師事務所","陳蓓琪","于紀隆","HSHC","4F, No. 88, Sec. 1, Neihu Rd., Neihu Dist.,Taipei, Taiwan, R.O.C.","0226279729","raymondyang@hshc.com.tw","www.hshc.com.tw","－","－","－","－","www.hshc.com.tw","－"
"4195","基龍米克斯生物科技股份有限公司","基米","生技醫療業","－","新北市汐止區新台五路一段100號14樓","	12953452","周孟賢","江俊奇","江俊奇","總經理","許嘉如","2696-1658","2001/10/16","2013/12/16",新台幣                 10.0000元,724480570,72448057,0,0,合併,每年,董事會,"統一綜合證券股務代理部","02-2746-3797","台北市松山區東興路8號地下室一樓","勤業眾信聯合會計師事務所","虞成全","洪偉倫","Genomics","14F.,No.100,Sec.1,Xintai 5th Rd.,Xizhi Dist.,New Taipei City 221 .Taipei Taiwan","2696-1589","ir@genomics.com.tw","www.genomics.com.tw","－","－","－","－","www.genomics.com.tw","－"
"4197","暐世生物科技股份有限公司","暐世","生技醫療業","－","新竹市中華路六段335號","	28031449","戴鏗碩","戴鏗碩","張家甄","財務部經理","張治平","(03)518-1918","2005/11/15","2013/10/24",新台幣                 10.0000元,301809250,30180925,0,0,合併,每年,股東會,"元大證券股份有限公司","(02)2586-5859","臺北市大安區敦化南路2段67號地下一樓","勤業眾信聯合會計師事務所","劉書琳","施錦川","VIS","No.335, Sec. 6, Zhonghua Rd.,Hsinchu City 30094, Taiwan","(03)518-1908","ir@visgeneer.com.tw","http://www.visgeneer.com.tw","－","－","－","－","NA","－"
"4431","敏成健康科技股份有限公司","敏成健康","其他","－","桃園市桃園區民生路107號19樓","	23883150","楊弘仁","陳蓬萱","陳蓬萱","總經理","李幸燕","03-4631317","1990/08/06","2011/08/30",新台幣                 10.0000元,365355140,36535514,0,0,合併,每年,股東會,"群益金鼎證券股份有限公司","02-27023999","台北市大安區敦化南路二段97號B2","安侯建業聯合會計師事務所","寇惠植","郭欣頤","Mytrex Health","19 F., No. 107, Minsheng Rd.Taoyuan Dist., Taoyuan City, Taiwan","03-4638346","4431@mytrex-health.com","https://www.mytrex-health.com/","－","－","－","－","https://www.mytrex-health.com/?p??§???","－"
"4537","旭東機械工業股份有限公司","旭東","光電業","－","42152台中市后里區后里里后科南路30號","	56690647","莊添財","黃棨杉","呂海淋","財務部經理","林育信","04-25561000","1983/05/17","2012/05/03",新台幣                 10.0000元,788400000,78840000,0,0,合併,每年,股東會,"富邦綜合證券股份有限公司","02-23611300","台北市100中正區許昌街17號11樓","安侯建業聯合會計師事務所","陳燕慧","陳政學","STMC","No.30, Houke S. Rd., Houli Dist., Taichung City 421, Taiwan (R.O.C.)Taichuang,Taiwan","04-25561889","stmc@shuztung.com.tw","http://www.wisepioneer.com.tw","－","－","－","－","NA","－"
"4544","春日機械工業股份有限公司","春日","電機機械","－","(82063)高雄市岡山區大寶街50號","	85721346","翁重鈞","陳信孝","陳信孝","總經理","鐘奕涵","07-6212196","1974/03/11","2012/12/24",新台幣                 10.0000元,602900480,60290048,0,0,合併,每年,董事會,"國票綜合證券(股)公司股務代理部","(02)2528-8988","台北市松山區南京東路五段188號15樓","資誠聯合會計師事務所","徐惠榆","田中玉","Chun Zu","No. 50, Dabao St., Gangshan Dist.Kaohsiung City, Taiwan (R.O.C.)","07-6221718","chunzu@ms9.hinet.net","www.chunzu.com.tw","－","－","－","－","http://www.chunzu.com.tw/","－"
"4546","長亨精密股份有限公司","長亨","電機機械","－","高雄市路竹區竹南里路科十路9號","	22540430","雷顯宇","陳明源","李束玲","會計主管","陳明源","07-6955598","1987/10/24","2013/07/30",新台幣                 10.0000元,337750450,33775045,0,0,個別,每半會計年度,董事會,"宏遠證券股務代理部","02-23268818","台北市信義路四段236號3樓","勤業眾信聯合會計師事務所","許瑞軒","楊朝欽","CHPC","NO.9, LUKE 10TH RD., LUZHU DISTKAOHSIUNG CITY 821, TAIWAN (R.O.C.)","07-6955589","chpc@chaheng.com","www.chaheng.com","－","－","－","－","www.chaheng.com","－"
"4553","盛復工業股份有限公司","盛復","電機機械","－","台中市南屯區工業區19路8號","	52757548","廖述源","呂學耕","何宗賢","財務長","洪嘉霜","(04)23592768","1983/12/27","2014/09/16",新台幣                 10.0000元,330200000,33020000,0,0,個別,每年,董事會,"兆豐證券股份有限公司股務代理部","(02)33930898","台北市忠孝東路二段95號1樓","國富浩華聯合會計師事務所","林明壽","黃千真","ALFOT","No.8,19th Rd.,Taichung Industrial Park,Taichung 40850,Taiwan","(04)23593570","info@alfot.com","http://www.alfot.com","－","－","－","－","http://www.alfot.com","－"
"4559","久裕興業科技股份有限公司","久裕興","運動休閒","－","台中市大雅區西寶里昌平路4段462巷9號","	55942764","陳世偉","陳松君","陳松君","總經理","江怡瑤","(04)2566-8888","1981/10/14","2014/12/08",新台幣                 10.0000元,600000000,60000000,0,0,合併,每年,董事會,"第一金證券(股)公司股務代理部","(02)2563-5711","10688台北市大安區安和路一段27號6樓","資誠聯合會計師事務所","賴志維","王玉娟","Joy-tech","No. 9, Lane 462, Sec. 4Chang-Ping Rd. Daya-Taichung, Taiwan,","(04)2566-1185","acc@joy-tech.com.tw","http://www.joy-tech.com.tw","－","－","－","－","http://www.joy-tech.com.tw","－"
"4565","宏偉電機工業股份有限公司","宏偉","電機機械","－","新北市五股區五權五路33號","	35945095","黃埮城","陳顯堂","鄭龍加","經理","李欣頻","(02)22993348","1979/02/05","2016/10/05",新台幣                 10.0000元,617400000,61740000,0,0,合併,每年,董事會,"中國信託商業銀行代理部","(02)66365566","台北市中正區重慶南路一段83號5樓","勤業眾信聯合會計師事務所","邱鏞銘","陳文香","Hong-Wei","No.33, Wuquan 5th Rd., Wugu Dist., New Taipei City 248,Taiwan (R.O.C.)","(02)22990676","ir@volbin.com","http://www.volbin.com","－","－","－","－","http://www.volbin.com","－"
"4570","傑生工業股份有限公司","傑生","電機機械","－","屏東縣里港鄉中和村中和路3-35號","	80012106","莊耀輝","莊耀輝","王新元","行政副總","王順家","08-7733899","2003/03/17","2024/03/14",新台幣                 10.0000元,440000000,44000000,0,0,合併,每年,董事會,"華南永昌股務代理部","(02)2718-6425","台北市松山區民生東路四段54號4樓","勤業眾信聯合會計師事務所","王兆群","郭麗園","JASON","No.3-35,Zhonghe Rd.,Ligang Shiang,Pintung County 905,Taiwan(R.O.C)","08-7734415","johnson.wang@jason-auto.com.tw","www.baw-auto.com.tw","－","－","－","－","www.baw-auto.com.tw","－"
"4573","高明鐵企業股份有限公司","高明鐵","電機機械","－","彰化縣埔心鄉瑤鳳路一段357號","	89338287","陳志鑫","陳志鑫","陳志鑫","董事長暨總經理","陳淑玲","04-8282825","1995/02/25","2018/07/26",新台幣                 10.0000元,416965800,41696580,0,0,合併,每年,董事會,"台新證券股務代理部","02-2504-8125","台北市中山區建國北路一段96號B1","勤業眾信聯合會計師事務所","蘇定堅","吳少君","GMT","No. 357, Sec. 1, Yaofeng Rd.,Puxin Township, Changhua County, Taiwan","04-8285215","IR@gmt.tw","https://www.gmtglobalinc.com","－","－","－","－","?|??????","－"
"4575","銓寶工業股份有限公司","銓寶","電機機械","－","台中市烏日區中山路三段688之1號","	97532545","謝樹林","謝樹林","林俊琪","財務長","徐慧伶","04-23388289","1981/11/20","2018/11/19",新台幣                 10.0000元,386685000,38668500,0,0,合併,每年,董事會,"華南永昌綜合證券股份有限公司","02-27186425","105台北市民生東路四段54號4樓","安永聯合會計師事務所","羅文振","黃子評","CHUMPOWER","No. 688-1, Sec. 3, Zhong-shan Rd.,Taichung 414, Taiwan","04-23372285","cpulations@chumpower.com","https://www.chumpower.com","－","－","－","－","https://www.chumpower.com","－"
"4582","聚恆科技股份有限公司","聚恆","綠能環保","－","臺南市永康區永科環路168號","	16452612","周恒豪","周曉艷","周曉艷","總經理","周恒守","06-2022202","1998/04/16","2019/09/30",新台幣                 10.0000元,666000000,66600000,0,0,合併,每年,董事會,"統一證券股務代理部","02-27463797","臺北市松山區東興路8號B1樓","資誠聯合會計師事務所","田中玉","林姿妤","HENGS","No.168, Yongkehuan Rd., Yongkang Dist.,Tainan City 71041, Taiwan (R.O.C.)","06-2012520","angel13@hengs.com","https://www.hengs.com","－","－","－","－","https://www.hengs.com/stakeholder.html","－"
"4587","寶元數控股份有限公司","寶元數控","電機機械","－","臺中市西屯區臺灣大道二段633號6樓","	28420209","郭倫毓","郭倫毓","黃正雄","財會處副總經理","陳秀琪","04-23106859","2007/08/29","2022/07/27",新台幣                 10.0000元,330000000,33000000,0,0,合併,每年,董事會,"凱基證券股份有限公司股務代理部","02-23148800","台北市中正區重慶南路一段2號5樓","勤業眾信聯合會計師事務所","王浚宇","張青霞","LNC","6F, No. 633, Sec. 2, Taiwan Blvd., Xitun Dist.,Taichung City, Taiwan (R.O.C.)","04-23105936","investor@LNC.com.tw","https://www.LNC.com.tw/","－","－","－","－","https://www.LNC.com.tw/","－"
"4589","碩陽電機股份有限公司","碩陽電機","電機機械","－","桃園市中壢區內定里內定二十街76巷72號","	13055739","林明昌","林明昌","王建修","財務長","謝旻諺","03-4623456","2002/04/01","2023/04/27",新台幣                 10.0000元,257483000,25748300,0,0,合併,每年,董事會,"福邦證券股份有限公司股務代理部","02-23711658","臺北市中正區忠孝西路一段6號6樓","安永聯合會計師事務所","鄭清標","陳國帥","MTM","No. 72, Ln. 76, Neiding 20th St.,Zhongli Dist., Taoyuan City 320 , Taiwan","03-4331349","ir@motiontech-mtm.com","https://www.motiontech-mtm.com/","－","－","－","－","https://www.motiontech-mtm.com/","－"
"4724","宣捷幹細胞生技股份有限公司","宣捷幹細胞","生技醫療業","－","台北市內湖區內湖路一段68號1樓","	12685908","宣昶有","蔡建芳","蔡建芳","副董事長","陳玉霞","02-89787777","2001/02/13","2023/06/16",新台幣                 10.0000元,959764060,95976406,0,0,合併,每年,董事會,"凱基證券股份有限公司股務代理部","02-23892999","台北市重慶南路一段2號5樓","資誠聯合會計師事務所","吳仁杰","林雅慧","MERIBANKBIOTECH","1F., No.68, Sec. 1, Neihu Rd., Neihu Dist.Taipei City 11493, Taiwan (R.O.C.)","02-89787666","IR@meribank.com.tw","http://www.meribank.com.tw","－","－","－","－","http://www.meribank.com.tw","－"
"4732","彥臣生技藥品股份有限公司","彥臣","生技醫療業","－","(105)台北市松山區八德路三段36號6樓","	12676817","黃中洋","董事長暫代","林信煌","業務副總經理","賴函君","(02)2570-6300","2000/12/29","2007/12/25",新台幣                 10.0000元,493765000,49376500,0,0,合併,每年,股東會,"群益金鼎證券(股)公司股務代理部","(02)2702-3999","台北市大安區敦化南路二段97號B2","資誠聯合會計師事務所","鄧聖偉","顏裕芳","NBM","6F., No.36, Sec. 3, Bade Rd.,Songshan Dist., Taipei City 105, Taiwan","(02)2570-6108","info@naturewise.com.tw","https://www.naturewiseppls.com/","－","－","－","－","https://www.naturewiseppls.com/investor-holdings/","－"
"4738","大同精密化學股份有限公司","大同精化","化學工業","－","104台北市中山區中山北路三段22號","	12306385","吳永從","吳永從","陳旭輝","財務長","吳冠宏","(03)4830321","1980/03/18","2009/09/09",新台幣                 10.0000元,775960000,77596000,0,0,合併,每年,股東會,"富邦股務代理部","(02)2361-1300","台北市100中正區許昌街17號11樓","安侯建業聯合會計師事務所","尹元聖","吳麟","TFC","22 Chungshan North Road, 3rd Sec.Taipei, Taiwan, R.O.C","(03)4830082","tfc@twtfc.com","http://www.twtfc.com","－","－","－","－","http://www.twtfc.com","－"
"4765","磐采股份有限公司","磐采","化學工業","－","桃園市龜山區文明路72之1號","	16705686","李忠訓","沈文昌","李忠訓","董事長","白友欽","03-327-0177","1998/12/01","2016/12/05",新台幣                 10.0000元,321334940,32133494,0,0,個別,每年,董事會,"群益金鼎證券(股)公司股務代理部","02-2702-3999","台北市10601大安區敦化南路二段97號B2","勤業眾信聯合會計師事務所","陳文香","黃毅民","PANCOLOUR","No.72-1, Wenming Rd., Gueishan Dist.Taoyuan City 33382, Taiwan, R.O.C.","03-327-0180","finance@pancolourink.com","http://www.pancolourink.com","－","－","－","－","http://www.pancolourink.com","－"
"4773","高福化學工業股份有限公司","高福","化學工業","－","高雄市仁武區鳳仁路385號","	75415298","鍾育霖","王孝慈暫代","王孝慈","副總經理","李明和","073711506","1968/05/30","2022/06/22",新台幣                 10.0000元,727089000,72708900,0,0,個別,每年,董事會,"中國信託商業銀行代理部","0266365566","台北市重慶南路一段83號5樓","資誠會計師事務所","廖阿甚","吳建志","Kaofu","NO385,FONG-JEN ROAD, REN WU DIST.KAOHSIUNG CITY, TAIWAN,R.O.C.","073711507","service@kfcorp.com.tw","http://www.kaofu.com/","－","－","－","－","http://www.kaofu.com/","－"
"4925","智微科技股份有限公司","智微","半導體業","－","新竹科學園區新竹市科研路8號5樓之3","	12901841","劉立國","吳振禧","溫明君","副總經理","林雅萱","886-3-5797389","2001/09/21","2010/10/28",新台幣                 10.0000元,706633500,70663350,0,0,合併,每年,股東會,"宏遠證券股份有限公司","02-23268818","106台北市信義路四段236號3樓","致遠聯合會計師事務所","呂瑞文","侯委&#26187;","JMicron","Rm. 3, 5F., No. 8, Keyan Rd., Hsinchu Science ParkHsinchu,Taiwan,R.O.C.","886-3-5799566","jmstock@jmicron.com","www.jmicron.com","－","－","－","－","www.jmicron.com","－"
"4980","佐臻股份有限公司","佐臻","電子零組件業","－","(22161)新北市汐止區大同路一段239號17樓之1","	97430202","梁文隆","王獻章","林雅雯","協理","潘韶杰","(02)2649-0055","1997/03/10","2010/11/16",新台幣                 10.0000元,452041090,45204109,0,0,個別,每年,董事會,"第一金證券股份有限公司","02-25635711","台北市大安區安和路一段27號6樓","勤業眾信聯合會計師事務所","池瑞全","郭乃華","JORJIN","17F-1, No.239, Sec. 1, Datong Rd., Xizhi Dist.,New Taipei City 22161, Taiwan, R.O.C.","(02)2642-5477","public@jorjin.com","http://www.jorjin.com","－","－","－","－","http://www.jorjin.com","－"
"5240","建騰創達科技股份有限公司","建騰","光電業","－","11493 台北市內湖區堤頂大道二段407巷20弄1號7F","	80503736","朱伯倫","郭泰成","郭泰成","總經理","謝秀芳","(02)2656-2588","2003/08/01","2011/06/22",新台幣                 10.0000元,265816850,26581685,0,0,合併,每年,董事會,"中國信託商業銀行代理部","(02)6636-5566","台北市重慶南路一段83號5樓","資誠聯合會計師事務所","黃珮娟","林永智","ACTi","7F., No.1, Alley 20, Lane 407, Sec.2, Tiding BlvdNeihu District, Taipei 114, Taiwan, ROC","(02)2656-2599","IR@acti.com","http://www.acti.com","－","－","－","－","NA","－"
"5246","勵威電子股份有限公司","勵威","半導體業","－","新竹市香山區浸水街16號","	80086182","林育業","賴志豪","賴志豪","總經理","雷子瑩","(03)530-2300","2002/11/22","2022/11/03",新台幣                 10.0000元,344168420,34416842,1800000,0,合併,每年,董事會,"凱基證券股份有限公司股務代理部","02- 23892999","台北市中正區重慶南路一段2號5樓","資誠聯合會計師事務所","李典易","蔣承翰","PL","No. 16, JinShui Street,Hsin Chu,Taiwan, R. O. C.","(03)530-5156","andy_chang@probeleader.com.tw","http://www.probeleader.com.tw","－","－","－","－","https://www.probeleader.com.tw/tw/stakeholder.php","－"
"5248","景傳光電股份有限公司","景傳","光電業","－","(23141)新北市新店區民權路52號9樓","	16834289","翁世豪","顏志明","顏志明","總經理","曾仁和","29189820","1999/01/15","2011/09/06",新台幣                 10.0000元,245000000,24500000,0,0,個別,每年,股東會,"台新證券股務代理部","02-25048125","台北市中山區建國北路一段96號地下一樓","安侯建業聯合會計師事務所","郭仰倫","謝秋華","PIXON","9F., No.52, Minquan Rd.Xindian Dist., New Taipei City, Taiwan","29189823","stock@pixon.com.tw","www.pixon.com.tw","－","－","－","－","?[?]??","－"
"5254","欣訊科技股份有限公司","欣訊科技","電子零組件業","－","新北市汐止區大同路二段173號10樓","	86731791","鄭心樑","薛國斌","黃劍文","副總經理","陳興雯","02-86926267","1992/07/02","2019/01/08",新台幣                 10.0000元,226067860,22606786,0,0,合併,每年,董事會,"兆豐證券股份有限公司","33930898","台北市忠孝東路二段95號1樓","安侯建業聯合會計師事務所","黃泳華","鄭安志","CENLINK","10F,No.173,Sec.2,Ta Tung Road, Hsi Chih District.New Taipei City,Taiwan, R.O.C.","02-86926265","sung@cenlink.com.tw","http://www.cenlink.com.tw","－","－","－","－","http:www.cenlink.com.tw","－"
"5262","立達國際電子股份有限公司","立達","半導體業","－","台北市內湖區新湖二路166號4樓","	25104761","王立民","劉煥廷","何弘竣","副總經理","梁懿麒","02-26582588","2010/02/11","2013/10/21",新台幣                 10.0000元,506985820,50698582,0,0,合併,每年,董事會,"統一綜合證券股份有限公司","02-27463797","105 台北市松山區東興路8號B1樓","安侯建業聯合會計師事務所(KPMG)","許詩淳","高靚玟","GST","4F., No. 166, Xinhu 2nd Rd., Neihu DistrictTaipei City 114,Taiwan (R.O.C)","02-26582015","investor@gigastone.com.tw","www.gigastone.com","－","－","－","－","www.gigastone.com","－"
"5267","龍翩真空科技股份有限公司","龍翩","光電業","－","(435)台中市梧棲區草湳里大通路二號","	27390847","主吉投資有限公司代表人楊吉祥","陳景龍","楊吉祥","法人董事之代表人","徐昌宏","(04)26595018","2004/07/05","2012/02/24",新台幣                 10.0000元,253000000,25300000,0,0,合併,每年,股東會,"第一金證券股份有限公司","(02)25635711","10688台北市大安區安和路一段27號6樓","安永聯合會計師事務所","黃靖雅","黃子評","LUNG PIEN","No.2 DATONG RD.,C.E.P.Z. WU-CHITAICHUNG,TAIWAN","(04)26595012","service@lp-vacuum.com.tw","http://www.lp-vacuum.com","－","－","－","－","http://www.lp-vacuum.com","－"
"5271","紘通企業股份有限公司","紘通","電子零組件業","－","(248)新北市五股區中興路一段8號3樓之7之8","	16576851","李東興","林毅志","林毅志","總經理","鄭安妤","89769168","1998/08/18","2012/03/06",新台幣                 10.0000元,634724040,63472404,0,0,合併,每年,股東會,"中國信託商業銀行股務代理部","(02)6636-5566","台北市100重慶南路一段83號5樓","安永聯合會計師事務所","林政緯","陳國帥","HORNG TONG","3F Unit 7-8,Zhong-Xing Road,Section 1 Wugo Dist,New Taipei City,Taiwan","89769169","seaniclin@hometom.com.tw","http://www.hometom.com.tw","－","－","－","－","http://www.hometom.com.tw/contact.php","－"
"5297","廣化科技股份有限公司","廣化","半導體業","－","台灣新竹縣新豐鄉康樂路一段169-2號3樓","	16436867","張維仲","黃文鼎","黃文鼎","總經理","羅于軫","(03)5577668","1998/02/04","2017/02/21",新台幣                 10.0000元,371524900,37152490,0,0,合併,每年,股東會,"亞東證券股份有限公司","(02)77531699","新北市板橋區新站路16號13樓","資誠聯合會計師事務所","白淑蒨","李典易","3S","3F, 169-2, Sec. 1, Kangle Road, Xinfeng Township,Hsinchu County, Taiwan, R.O.C.","(03)5577658","jane.lo@sss-tech.com.tw","www.sss-tech.com.tw","－","－","－","－","http://www.sss-tech.com.tw/big5/Investor_01.asp","－"
"5859","遠雄人壽保險事業股份有限公司","遠壽","金融業","－","台北市信義區松高路1號28樓","	84703052","孟嘉仁","趙學欣","趙學欣","總經理","張博洋","27583099","1993/11/19","2015/04/16",新台幣                 10.0000元,14502775000,1450277500,0,0,個別,每年,股東會,"永豐金證券股份有限公司","02-2381-6288","台北市博愛路17號3樓","安侯建業聯合會計師事務所","謝秋華","蕭佩如","FGLIFE","28F., No.1, Songgao RdTaipei, Taiwan","27253084","fglife@fglife.com.tw","www.fglife.com.tw","－","－","－","－","www.fglife.com.tw","－"
"5863","瑞興商業銀行股份有限公司","瑞興銀","金融業","－","台北市延平北路2段133號及135巷2號","	28417921","郭釧溥","陳瑞璋","吳鴻益","協理","陳玉琪","(02)25575151","2007/07/01","2007/12/03",新台幣                 10.0000元,3202021230,320202123,0,0,個別,每年,股東會,"新光證券股份有限公司股務代理部","(02)23118787","台北市中正區重慶南路一段66之1號11樓","勤業眾信聯合會計師事務所","徐文亞","陳文香","TSB","No.133,sec.2,Yanping N.Rd.Datong District,Taipei City 103,Taiwan","(02)25573636","fcc9008@taipeistarbank.com.tw","https://www.taipeistarbank.com.tw","－","－","－","－","https://www.taipeistarbank.com.tw","－"
"6027","德信綜合證券(股)公司","德信","金融業","－","台北市中正區新生南路1段50號3樓","	23470432","何家瑜","張清榮","張茜茜","資深經理","林忠誠","(02)23939988","1989/08/24","2015/11/02",新台幣                 10.0000元,1557200800,155720080,0,0,合併,每年,股東會,"元富證券(股)公司股務代理部","(02)27686668","台北市松山區光復北路11巷35號地下1樓","安永聯合會計師事務所","楊弘斌","劉榮進","RSC　　","World Trade Building 3rd F1.,No.50,Sec.1,Hsin-Sheng.S.Rd,Taipei Taiwan　　","(02)23567722","service@mail.rsc.com.tw","http://www.rsc.com.tw?@?@","－","－","－","－","http://www.rsc.com.tw?@?@","－"
"6028","公勝保險經紀人股份有限公司","公勝保經","金融業","－","高雄市左營區大順一路93號4樓之4","	84200994","蔡聖威","陳德成","郭莉芳","企業溝通部資深協理","陳雅玟","(07)556-1471","1993/03/06","2019/03/06",新台幣                 10.0000元,220000000,22000000,0,0,合併,每年,董事會,"元大證券股份有限公司股務代理部","(02)2586-5859","臺北市大安區敦化南路2段67號地下一樓","資誠聯合會計師事務所","王國華","廖阿甚","GIBC","Rm. 4, 4F., No.93, Dashun 1st Rd., Zuoying Dist.Kaohsiung City 813, Taiwan( R.O.C.)","(07)558-4698","golden@mail.goldennet.com.tw","http://www.goldennet.com.tw/","－","－","－","－","http://www.goldennet.com.tw/","－"
"6035","悠遊卡股份有限公司","悠遊卡","金融業","－","台北市南港區園區街3-1號13樓","	70765909","林志盈","陳國君","李志仁","資深副總經理","陳君維","02-2652-9988","2000/03/06","2023/01/03",新台幣                 10.0000元,709680000,70968000,0,0,個別,每年,董事會,"群益金鼎證券股份有限公司","02-27023999","台北市敦化南路2段97號B2","安侯建業聯合會計師事務所","尹元聖","吳麟","EASYCARD","13th Floor, No. 3, No. 1, Yuanyuan Street, Nangang DistrictTaipei City , Taiwan","02-2652-9999","eccir@easycard.com.tw","https://www.easycard.com.tw","－","－","－","－","https://www.easycard.com.tw","－"
"6407","相互股份有限公司","相互","電子零組件業","－","新北市新莊區化成路195巷25號","	23810592","陳旭東","張智明","林維鵬","協理","吳美芳","02-22763210","1990/07/19","2013/03/29",新台幣                 10.0000元,751305000,75130500,0,0,合併,每年,股東會,"宏遠證券(股)公司 股務代理部","(02)7719-8899","106047台北市大安區信義路四段236號3樓","勤業眾信聯合會計師事務所","蘇郁琇","王攀發","Mutual-Tek","No.25, Ln. 195, Huacheng Rd., Xinzhuang Dist.New Taipei City 242, Taiwan (R.O.C.)","02-29922374","birdlin@mutualtek.com.tw","http://www.mutualtek.com.tw","－","－","－","－","?L","－"
"6428","台灣淘米科技股份有限公司","台灣淘米","文化創意業","－","臺北市中山區松江路237號6樓之1","	24482647","王俊博","黃信凱","黃信凱","總經理","鍾雅惠","2516-1331","2009/11/13","2013/09/11",新台幣                 10.0000元,176824560,17682456,0,0,個別,每年,股東會,"兆豐證券股份有限公司","2327-8988","臺北市忠孝東路二段95號1樓","勤業眾信聯合會計師事務所","謝東儒","馬偉峻","TAOMEE","Rm. 1, 6F., No. 237, Songjiang Rd.Taipei City , Taiwan.,ROC","2516-1332","taomee_ir@61.com.tw","http://www.61.com.tw/investor_relations/","－","－","－","－","http://www.61.com.tw/investor_relations/investment_1","http://www.61.com.tw/investor_relations/investment_2_1"
"6434","達輝光電股份有限公司","達輝光電","光電業","－","新竹科學園區苗栗縣竹南鎮科北二路3號","	28230046","施火灶","王武敬","施火灶","董事長","陳炯文","037-587-500","2006/10/19","2013/11/12",新台幣                 10.0000元,4636020000,463602000,0,0,合併,每年,董事會,"新光證券股份有限公司","02-2311-8787","台北市重慶南路一段66之1號11樓","勤業眾信聯合會計師事務所","陳文香","邱鏞銘","TacBright","No. 3, Kebei 2nd Rd. Jhunan TownshipMiaoli County, Taiwan","037-587-566","spig@tacbright.com","www.tacbright.com","－","－","－","－","https://mops.twse.com.tw/mops/web/index","－"
"6467","泰合生技藥品股份有限公司","泰合","生技醫療業","－","台北市內湖區瑞光路550號3樓","	25144594","李世仁","李世仁","李世仁","董事長暨總經理","蔡佩容","02-26598515","2010/07/07","2024/12/30",新台幣                 10.0000元,523556150,52355615,0,0,個別,每年,董事會,"元大證券股份有限公司","02-2586-3117","106 台北市大安區敦化南路二段67號B1","資誠聯合會計師事務所","顏裕芳","劉倩瑜","TAHO Pharma","3F, No.550, Ruiguang Road,Taipei 114, Taiwan","02-26598516","ir@tahopharma.com","www.tahopharma.com","－","－","－","－","http://www.tahopharma.com","－"
"6473","美賣科技股份有限公司","美賣*","數位雲端","－","台北市中山區民生東路三段51號12樓","	29150415","宇福投資股份有限公司","暫缺","馮世文","資深副總經理","洪湘寧","02-29126473","2010/04/20","2014/12/08",新台幣                  5.0000元,200000000,40000000,1488000,0,合併,每年,股東會,"宏遠證券股份有限公司股務代理部","(02)2326-8818","台北市大安區信義路四段236號3樓","安侯建業聯合會計師事務所","王怡文","辛郁婷","meimaii","12F., No. 51, Sec. 3, Minsheng E. Rd., Zhongshan Dist.,Taipei City 104483 , Taiwan (R.O.C.)","02-23819066","6473@meimaii.com","www.meimaii.com","－","－","－","－","NA","－"
"6483","原創生醫股份有限公司","原創生醫","生技醫療業","－","台南市新市區南科二路9號2樓之1","	29184891","林柏裕","王朝暉","顏曉寶","營運長","陳嘉宏、唐浩天","(06)5055433","2011/12/05","2024/03/29",新台幣                 10.0000元,665890000,66589000,0,0,個別,每年,股東會,"福邦證券股份有限公司股務代理部","(02)2371-1658","台北市中正區忠孝西路一段6號6樓","勤業眾信聯合會計師事務所","廖鴻儒","王騰葦","OBM","2F.-1, No.9, Nanke 2nd Rd.,Xinshi Dist.,Tainan City 74146,Taiwan","(06)5050085","info@i-obm.com","http://www.i-obm.com","－","－","－","－","http://www.i-obm.com","－"
"6493","雷虎生技股份有限公司","雷虎生","生技醫療業","－","台中市西屯區工業區六路七號2樓","	53835304","陳冠如","蘇聖傑","李俊賢","醫療研發部協理","呂致銘","0423595958","2012/04/19","2015/01/08",新台幣                 10.0000元,300500000,30050000,0,0,個別,每年,董事會,"元大證券股份有限公司","0225865859","106臺北市大安區敦化南路2段67號地下一樓","國富浩華聯合會計師事務所","蔡淑滿","李青霖","TTBIO","2F,NO.7,6TH ROAD,INDUSTRY PARKTAICHUNG,TAIWAN  R.O.C","0423591902","info@ttbio.com","www.ttbio.com","－","－","－","－","www.ttbio.com","－"
"6518","康科特股份有限公司","康科特","生技醫療業","－","新北市板橋區文化路一段266號12樓","	25029519","劉靜怡","林家弘","劉福安","財務長","呂偉廷","02-22545079","2009/09/10","2015/05/13",新台幣                 10.0000元,333333340,33333334,8333334,0,合併,每年,董事會,"凱基證券股份有限公司","02-23892999","台北市重慶南路一段2號4樓","安侯建業聯合會計師事務所","許詩淳","唐慈杰","Concordmed","12F., No.266, Sec. 1, Wenhua Rd., Banqiao Dist.New Taipei City, Taiwan (ROC)","02-22512600","service@concordmed.com.tw","http://www.concordmed.com.tw","－","－","－","－","???A??","－"
"6536","碩豐數位科技股份有限公司","碩豐","資訊服務業","－","新北市汐止區新台五路一段75號11樓","	24231494","徐明哲","徐明哲","徐明哲","董事長","吳瑞華","(02)2698-2786","2008/09/09","2015/06/18",新台幣                 10.0000元,263240000,26324000,0,0,合併,每年,董事會,"兆豐證券(股)公司股務代理部","(02)3393-0898","台北市忠孝東路2段95號1樓","資誠聯合會計師事務所","支秉鈞","賴宗羲","TIGA","11F, No.75, Sec. 1 Hsin Tai Wu Rd., Xizhi Dist.,New Taipei City, Taiwan R. O. C.","(02)2698-8132","sonia.yeh@tigagaming.com","http://www.tigagaming.com/","－","－","－","－","http://www.tigagaming.com/portal_f1.php","－"
"6539","麗彤生醫科技股份有限公司","麗彤","生技醫療業","－","台北市信義區松智路1號5樓","	53350764","張麗綺","陳美秀","陳美秀","總經理","周鈺鈞","0227911826","2011/06/21","2015/10/15",新台幣                 10.0000元,243494150,24349415,0,0,合併,每半會計年度,董事會,"宏遠證券股份有限公司股務代理部","02-23268818","台北市大安區信義路四段236號3樓","勤業眾信聯合會計師事務所","李麗凰","郭乃華","DV","5 F., No. 1, Songzhi Rd., Xinyi Dist., Taipei CityTaipei, Taiwan (R.O.C.)","0227911756","info@dvbiomed.com","http://www.dvbiomed.com","－","－","－","－","https://www.dvbiomed.com/intro/detail/279","－"
"6543","普惠醫工股份有限公司","普惠醫工","生技醫療業","－","彰化縣北斗鎮大新里新工一路100號","	23243578","許國基","陳宏仁","葉雅彤","財會主管","陳宏仁","04-8887998","1989/04/17","2019/03/27",新台幣                 10.0000元,558547000,55854700,0,0,合併,每半會計年度,董事會,"宏遠證券股份有限公司股務代理部","02-2326-8818","10680 台北市大安區信義路四段236號3樓","安永聯合會計師事務所","黃宇廷","羅文振","PF","NO. 100, Xingong 1st Rd.Beidou Township, Changhua County, Taiwan","04-8877313","emily@pwuhui.com.tw","http://www.perfectmedical.com.tw","－","－","－","－","http://www.perfectmedical.com.tw","－"
"6549","景凱生物科技股份有限公司","景凱","生技醫療業","－","新竹縣竹北市生醫路二段6-1號3樓之4","	53394159","石英珠","袁鴻昌","袁鴻昌","總經理","郭志傑","03-6587721","2011/05/02","2015/10/21",新台幣                 10.0000元,801220000,80122000,0,0,個別,每年,股東會,"富邦綜合證券股份有限公司","02-23611300","台北市中正區許昌街17號11樓","勤業眾信聯合會計師事務所","吳鈞麟","方蘇立","TaiwanJ","Rm.4,3F, No.6-1, Sec. 2, Shengyi Rd.,Zhubei City, Hsinchu County 302, Taiwan","03-6587787","info@taiwanj.com","http://taiwanj.com","－","－","－","－","?L","－"
"6555","榮炭科技股份有限公司","榮炭","電子零組件業","－","新北市汐止區大同路一段237號6樓","	24489613","林忠正","顏文群","顏文群","執行副總經理","郭淑芬","02-26903311","2009/12/21","2016/01/25",新台幣                 10.0000元,1192298000,119229800,0,0,合併,每年,股東會,"福邦證券股份有限公司股務代理部","(02)2371-1658","台北市忠孝西路一段6號6樓","資誠聯合會計師事務所","徐潔如","吳仁杰","LT","6F., No.237, Sec. 1, Datong Rd.Xizhi Dist., New Taipei City, Taiwan","02-26903322","lt88@lttech.com.tw","www.lttech.com.tw","－","－","－","－","www.lttech.com.tw","－"
"6559","研晶光電股份有限公司","研晶","光電業","－","新北市土城區永豐路173之8號2樓","	27797183","魏志宏","魏志宏","魏志宏","總經理","黃美雲","02-82628886","2005/05/24","2015/12/15",新台幣                 10.0000元,231886470,23188647,0,0,合併,每年,股東會,"富邦綜合證券(股)公司股務代理部","02-23611300","台北市中正區許昌街17號11樓","安侯建業聯合會計師事務所","洪士剛","傅泓文","HPL","2F, No.173-8, Yung-Fong Road,Tu Cheng DistNew Taipei City 236, Taiwan, ROC","02-82628885","hplir@hplighting.com.tw","www.hplighting.com.tw","－","－","－","－","???m??","－"
"6563","映智科技股份有限公司","映智","半導體業","－","新竹縣竹北市莊敬五街200號","	53495662","黃文權","黃文權","黃文權","總經理","游玫誼","03-5506818","2011/07/20","2025/03/10",新台幣                 10.0000元,297428000,29742800,0,0,合併,每年,股東會,"元富證券股份有限公司股務代理部","(02)2768-6668","105410 台北市松山區光復北路11巷35號地下一樓","資誠聯合會計師事務所","蔣承翰","李典易","iMD","No.200, Zhuangjing 5th St.,Zhubei City, Hsinchu County 302, Taiwan","03-5506808","info@imagematch.com.tw","www.imagematch.com.tw","－","－","－","－","www.imagematch.com.tw","－"
"6564","安特羅生物科技股份有限公司","安特羅","生技醫療業","－","台北市大安區敦化南路2段76號18樓之2","	54665910","留忠正","張哲瑋","李家卉","處長","夏傳胤","02-27001216","2014/01/10","2018/09/18",新台幣                 10.0000元,721340000,72134000,0,0,合併,每年,股東會,"中國信託商業銀行代理部","(02)6636-5566","100003台北市中正區重慶南路一段83號5樓","資誠聯合會計師事務所","劉美蘭","徐建業","ENIM","18F.-2, No. 76, Sec. 2, Dunhua S. Rd., Da’an Dist., Taipei CityTaiwan (R.O.C.)","02-27063121","stock@enimmune.com.tw","www.enimmune.com.tw","－","－","－","－","www.enimmune.com.tw","－"
"6565","物聯智慧股份有限公司","物聯","數位雲端","－","台北市南港區興中路12巷21號5樓","	29045478","郭啟銘","郭啟銘","郭啟銘","董事長兼總經理","陳芳蓮","(02)2653-5111","2008/07/17","2017/01/18",新台幣                 10.0000元,271438700,27143870,0,0,合併,每年,股東會,"元大證券股份有限公司","(02)2586-5859","台北市大安區敦化南路二段67號B1","安侯建業聯合會計師事務所","陳蓓琪","許明芳","TUTK","9F, No.364,Sec.1, Nangang Rd., Nangang Dist.Taiwan Taipei","(02)2653-5112","IR@tutk.com","http://www.throughtek.com.tw","－","－","－","－","http://www.throughtek.com.tw","－"
"6572","博錸生技股份有限公司","博錸","生技醫療業","－","臺北市內湖區陽光街351號6樓之1","	24489199","曹汀","曹汀","葉麗碧","首席財務長","洪嘉宏","26275878","2009/12/17","2016/02/26",新台幣                 10.0000元,1036495100,103649510,33113000,0,合併,每年,股東會,"元大證券股份有限公司","(02)25865859","106臺北市大安區敦化南路2段67號地下一樓","資誠聯合會計師事務所","顏裕芳","黃珮娟","PlexBio","6F-1,No.351,Yangguang St., Neihu Dist.,Taipei City,11491.Taiwan","26275979","marketing@plexbio.com","www.plexbio.com/tw/","－","－","－","－","www.plexbio.com/tw/","－"
"6580","台睿生物科技股份有限公司","台睿","生技醫療業","－","台北市南港區三重路66號6樓之1","	53529570","林&#32675;","簡督憲","朱伊文","資深副總經理","黃仕旗","(02)2653-5007","2011/08/22","2017/06/20",新台幣                 10.0000元,1121199080,112119908,0,0,合併,每年,股東會,"元大證券股份有限公司股務代理部","(02)2586-5859","106臺北市大安區敦化南路2段67號地下一樓","勤業眾信聯合會計師事務所","陳建瑋","趙永祥","TaiRx","6F-1, No. 66, San-Chung Road, Nankang Dist.Taipei, Taiwan","(02)2653-5008","contact@trx.com.tw","https://www.trx.com.tw/","－","－","－","－","https://www.trx.com.tw/","－"
"6583","友松娛樂股份有限公司","友松","文化創意業","－","台北市大同區重慶北路二段153號1樓","	12654975","丁曉菁","陳財裕","宋雪芳","會計經理","游麗華","(02)7707-3599","2000/10/12","2016/08/05",新台幣                 10.0000元,159470000,15947000,0,0,合併,每年,董事會,"群益金鼎證券股份有限公司","(02)2702-3999","台北市大安區敦化南路二段97號B2","勤業眾信聯合會計師事務所","呂宜真","謝明忠","YOOSONN","1F., No.153, Sec. 2, Chongqing N. Rd.Taipei City, Taiwan","(02)7707-3588","public@yoosonn.com.tw","http://www.yoosonn.com.tw/","－","－","－","－","http://www.yoosonn.com.tw/","－"
"6586","醣基生醫股份有限公司","醣基","生技醫療業","－","台北市南港區研究院路一段130巷99號7樓","	54170142","陳肇隆","吳宗益","吳宗益","總經理","蔡文晃","02-26558059","2013/03/08","2017/09/27",新台幣                 10.0000元,2140105000,214010500,30000000,0,合併,每季,股東會,"兆豐證券股份有限公司","02-33930898","100台北市中正區忠孝東路二段95號1樓","勤業眾信聯合會計師事務所","趙永祥","陳彥君","CHO","7F., No. 99, Ln. 130, Sec. 1, Academia Rd., Nangang Dist.Taipei 11571, Taiwan","02-26558069","cho@chopharma.com.tw","www.chopharma.com","－","－","－","－","www.chopharma.com","－"
"6595","光禹國際數位娛樂開發(股)公司","光禹國際","文化創意業","－","台北市松山區寶清街29號6樓","	54320971","字維新","謝宗耀","謝宗耀","總經理","郭秀雯","(02)27488066","2013/05/10","2019/01/11",新台幣                 10.0000元,468078880,46807888,15000000,0,合併,每年,股東會,"元富證券股份有限公司","(02) 27686668","台北市光復北路11巷35號B1樓","勤業眾信聯合會計師事務所","梁盛泰","李麗凰","Julien's Group","6F., No.29, Baoqing St., Songshan Dist.,Taipei City 10585, Taiwan (R.O.C.)","(02)27488355","wendy_kuo@juliensgroup.com","juliensgroup.com/","－","－","－","－","juliensgroup.com/","－"
"6599","普達系統股份有限公司","普達系統","電腦及週邊設備業","－","臺北市內湖區行愛路77巷59號5樓","	29069127","翁宗斌","胡木鎮","譚家誠","總經理特別助理","吳岱珊","(02)77214688","2009/06/15","2017/12/25",新台幣                 10.0000元,210000000,21000000,0,0,合併,每年,董事會,"凱基證券股份有限公司股務代理部","(02)23892999","台北市中正區重慶南路一段2號5樓","安侯建業聯合會計師事務所","郭冠纓","簡思娟","Poindus","5F., No. 59, Lane 77, Xingai Rd., Neihu Dist.,Taipei, Taiwan, R.O.C.","(02)77212289","ir@poindus.com","http://www.poindus.com","－","－","－","－","http://www.poindus.com","－"
"6604","儒億科技股份有限公司","儒億","電機機械","－","台南市安南區工業三路25號","	86928788","吳國禎","林俊桂","林俊桂","總經理","謝姝安","06-3845888","1993/01/19","2025/10/28",新台幣                 10.0000元,437310390,43731039,0,0,合併,每年,股東會,"永豐金證券(股)公司股務代理部","02-23816288","台北市中正區博愛路17號3樓","安永聯合會計師事務所","洪國森","姚世傑","JUOKU　","No. 25, Gongye 3rd Rd., Annan Dist.,　Tainan City 709035, Taiwan (R.O.C.)","06-3843653","Oth0002@juoku.com.tw","www.juoku.com.tw","－","－","－","－","None","None"
"6610","安成生物科技股份有限公司","安成生技","生技醫療業","－","台北市內湖區港墘路221巷41號8樓","	25147136","吳怡君","蔡承恩","吳怡君","董事長","從缺","02-26571788","2010/07/16","2016/12/27",新台幣                 10.0000元,2036293950,203629395,20000000,0,個別,每年,股東會,"中國信託商業銀行代理部","02-66365566","臺北市中正區重慶南路一段83號5樓","資誠聯合會計師事務所","顏裕芳","游淑芬","TWi Biotech.","8F, No.41, Lane 221, Gangqian Road, Neihu District,Taipei City 11494, Taiwan","02-26570270","info.tw@twibiotech.com","www.twibiotech.com","－","－","－","－","www.twibiotech.com","－"
"6618","永虹先進材料股份有限公司","永虹先進","化學工業","－","南投縣草屯鎮太平路一段223巷99號、101號","	53536761","吳家幸","吳家幸","吳家幸","總經理","周蕙萍","(049)2315001","2011/09/16","2017/09/15",新台幣                 10.0000元,1048160000,104816000,0,0,合併,每年,股東會,"統一綜合證券股份有限公司","(02)2746-3797","台北市東興路８號B１樓","國富浩華聯合會計師事務所","黃勝義","林汀&#37639;","UHT","No. 99 and 101, Ln. 223, Sec. 1, Taiping Rd., Caotun TownshipNantou County  , Taiwan (R.O.C.)","(049)2315003","Candy_Chou@uht.com.tw","http://www.uht.com.tw","－","－","－","－","http://www.uht.com.tw","－"
"6621","華宇藥品股份有限公司","華宇藥","生技醫療業","－","台北市內湖區舊宗路二段171巷17號3樓","	70680851","陳正","王愈善","王愈善","總經理","張珮珊","(02)2658-2577","1999/12/23","2017/08/18",新台幣                 10.0000元,355010000,35501000,0,0,合併,每年,股東會,"第一金證券股份有限公司","(02)2563-5711","台北市大安區安和路一段27號6樓","資誠聯合會計師事務所","周筱姿","劉倩瑜","UniPharma","3F., No.17, Ln. 171, Sec. 2, Jiuzong Rd., Neihu Dist.,Taipei City 114, Taiwan (R.O.C.)","(02)2658-3977","ir@uni-pharma.com","https://www.uni-pharma.com.tw/","－","－","－","－","https://www.uni-pharma.com.tw/","－"
"6622","百聿數碼創意股份有限公司","百聿數碼","文化創意業","－","台北市內湖區瑞光路478巷18弄34號5樓","	24777847","富德亞投資有限公司","陳志炫","陳志炫","總經理","彭柏軒","02-87976799","2014/12/16","2017/05/22",新台幣                 10.0000元,354619500,35461950,0,0,合併,每年,股東會,"凱基證券股份有限公司","02-23892999","台北市重慶南路一段2號5樓","勤業眾信聯合會計師事務所","莊業偉","周仕杰","Bossdom Digi","5F No.34, Alley 18, Lane 478, Ruiguang Rd., Neihu Dist., TaipeiTaiwan","02-87976077","btgroup@bossdom.com","www.bossdom.com","－","－","－","－","www.bossdom.com","－"
"6634","欣耀生醫股份有限公司","欣耀","生技醫療業","－","台北市南港區研究院路一段130巷99號C棟C516室","	54727599","朱凱民","朱凱民","朱凱民","董事長兼總經理","熊正輝","02-27885365","2014/06/18","2017/06/29",新台幣                 10.0000元,712926100,71292610,0,0,個別,每年,董事會,"兆豐證券股份有限公司","02-33930898","100台北市中正區忠孝東路二段95號1樓","資誠聯合會計師事務所","黃珮娟","顏裕芳","SINEW","C516, Building C, No.99, Lane 130, Sec.1, Academia Rd., Nangang Dist.Taipei City 115, Taiwan(R.O.C.)","02-27885382","info@sinewpharma.com","www.sinewpharma.com","－","－","－","－","www.sinewpharma.com","－"
"6638","沅聖科技股份有限公司","沅聖","電腦及週邊設備業","－","新北市中和區建一路166號16樓","	80456781","陳信宇","陳信宇","黃耀德","資深經理","潘裴箴","02-2223-6556","2003/08/06","2017/06/28",新台幣                 10.0000元,300000000,30000000,0,0,合併,每年,股東會,"福邦證券股份有限公司","02-2383-6888","台北市中正區忠孝西路一段6號6樓","安侯建業聯合會計師事務所","周寶蓮","蕭佩如","Goldtek","16F., No.166, Jian 1st Rd., Zhonghe DistNew Taipei City 235, Taiwan (R.O.C.)","02-2223-7929","Stockaffairs@goldtek.com","http://www.goldtek.com/","－","－","－","－","http://www.goldtek.com/","－"
"6639","源大環能股份有限公司","源大環能","油電燃氣業","－","桃園市蘆竹區經國路908號4樓","	29120948","彭鴻俊","林燿輝","林燿輝","總經理","張怡瑩","03-4755800","2008/06/30","2018/10/31",新台幣                 10.0000元,576450090,57645009,0,0,合併,每年,股東會,"元富證券股份有限公司","02-2768-6668","台北市松山區光復北路11巷35號B1","安永聯合會計師事務所","羅文振","黃宇廷","GGEC","4F., No. 908, Jingguo Rd., Luzhu Dist.,Taoyuan City ,338018 ,Taiwa (R.O.C.)","03-4753900","grace@ggec.com.tw","http://www.ggec.com.tw","－","－","－","－","http://www.ggec.com.tw","－"
"6648","斯其大科技股份有限公司","斯其大","其他電子業","－","台北市信義區基隆路2段51號6樓之5","	16790212","陳俊吉","陳俊吉董事長暫代","代理發言人林偉文","代理發言人","林偉文","02-77181928","1999/03/04","2017/09/04",新台幣                 10.0000元,500000000,50000000,0,0,合併,每半會計年度,董事會,"亞東證券股份有限公司股務代理部","02-77531699","新北市板橋區新站路16號13樓","德昌聯合會計師事務所","陳文彬","史岱平","DAS","6F-5, 51, Sec 2, Keelung Road,Taipei, Taiwan, R.O.C.","02-77181926","acc_ami@das.com.tw","https://www.das.com.tw","－","－","－","－","https://www.das.com.tw","－"
"6650","帝圖科技文化股份有限公司","帝圖","文化創意業","－","台北市大安區仁愛路3段136號3樓","	24327189","劉熙海","劉熙海","劉家蓉","副總經理","黃培怡","2658-1788","2009/02/26","2017/09/15",新台幣                 10.0000元,310900630,31090063,0,0,個別,每半會計年度,董事會,"元富證券(股)公司股務代理部","2768-6668","台北市光復北路11巷35號B1樓","安永聯合會計師事務所","傅文芳","馬君廷","Art Emperor","3F., No. 136, Sec. 3, Ren'ai Rd., Da’an Dist.,Taipei City , Taiwan","2658-5126","art@artemperor.tw","https://about.artemperor.tw","－","－","－","－","https://about.artemperor.tw/investors/stakeholder","－"
"6652","雅祥生技醫藥股份有限公司","雅祥生醫","生技醫療業","－","台北市松山區復興北路367號9樓","	27570215","張鴻仁","張婉雅","張婉雅","總經理","鄭玄峰","(02)2718-5128","2005/03/16","2018/08/29",新台幣                 10.0000元,1370000000,137000000,0,0,合併,每年,股東會,"元大證券股份有限公司","(02)2586-5859","台北市大安區敦化南路2段67號地下一樓","資誠聯合會計師事務所","蔡蓓華","鄧聖偉","Eusol Bio","9 F., No. 367, Fuxing N. Rd., Songshan Dist.,Taipei City 105401, Taiwan (R.O.C.)","(02)2718-3118","IR@eusol.com.tw","http://www.eusol.com.tw","－","－","－","－","http://www.eusol.com.tw","－"
"6659","天明製藥股份有限公司","天明製藥","生技醫療業","－","新北市新莊區新北大道2段  217號13樓","	81002274","詹詠寧","王伯綸","張文昌","財務經理","陳冠維","02-85218883","1970/09/25","2025/12/22",新台幣                 10.0000元,858830090,85883009,0,0,合併,每年,股東會,"凱基證券股份有限公司股務代理部","02-23892999","台北市重慶南路一段二號5樓","資誠聯合會計師事務所","馮敏娟","林柏全","TIMING","13F., No.217, Sec. 2, New Taipei Blvd., Xinzhuang Dist.,New Taipei City 242, Taiwan (R.O.C.)","02-85216188","investor@timing-pharmacy.com","http://www.timing-pharmacy.com","－","－","－","－","http://www.timing-pharmacy.com","－"
"6665","康聯生醫科技股份有限公司","康聯生醫","生技醫療業","－","臺北市中正區忠孝東路1段54號5樓","	24291669","黃英士","鄒雅裕","鄒雅裕","總經理","洪靖琇","02-55696199","2009/01/10","2017/11/23",新台幣                 10.0000元,453501330,45350133,0,0,合併,每年,董事會,"福邦證券股份有限公司股務代理部","02-23711658","台北市中正區忠孝西路一段6號6樓","資誠聯合會計師事務所","吳仁杰","徐潔如","HEALTHCONN","5F., No.54, Sec. 1, Zhongxiao E. Rd., Zhongzheng Dist.Taipei City, Taiwan","02-55696142","investors@healthconn.com","https://www.healthconn.com","－","－","－","－","https://www.healthconn.com","－"
"6673","和詮科技股份有限公司","和詮","光電業","－","高雄市前鎮區新生路248-20號1樓","	70849491","鄭再興","莊鈺谷","楊惇淳","管理部課長","黃慧嫦","07-8156666","2007/08/31","2018/03/07",新台幣                 10.0000元,263516000,26351600,0,0,合併,每年,股東會,"台新證券股務代理部","02-25048125","台北市建國北路一段96號地下1樓","資誠聯合會計師事務所","吳建志","廖阿甚","IFTC","1F, No.248-20, Sinsheng Rd ., Cianjhen DistrictKaohsiung City, Taiwan, R.O.C.","07-8112222","MelodyYang@iftc.com.tw","www.iftc.com.tw","－","－","－","－","?L","－"
"6676","祥翊製藥股份有限公司","祥翊","生技醫療業","－","新竹科學工業園區桃園市龍潭區龍園一路255號","	27559859","吳永連","吳永連","吳永連","總經理","蔡坤宏","03-4809168","2005/02/03","2022/01/19",新台幣                 10.0000元,1496790000,149679000,0,0,個別,每年,股東會,"元大證券股份有限公司股務代理部","02-25865859","106臺北市大安區敦化南路2段67號地下一樓","資誠聯合會計師事務所","王菘澤","楊蕙慈","Sunny","No.255,Longyuan 1st Rd.,Longtan Dist.,Taoyuan City32542,Taiwan(R.O.C)","03-4808028","sunny.otc@sunnypharmtech.com","http://www.sunnypharmtech.com/","－","－","－","－","http://www.sunnypharmtech.com/","－"
"6677","瑩碩生技醫藥股份有限公司","瑩碩生技","生技醫療業","－","台北市中山區南京東路2段206號8樓之3","	80207616","王建治","顏麟權","孫德珠","人力資源處處長","李文龍","02-25042121","2003/04/10","2018/06/27",新台幣                 10.0000元,559797000,55979700,0,0,合併,每年,董事會,"凱基證券股份有限公司股務代理部","02-23892999","10044 台北市中正區重慶南路一段2號5樓","資誠聯合會計師事務所","顏裕芳","蔡蓓華","Anxo","8F-3, No.206, Sec. 2, Nanking E. Rd.,Taipei City 104, Taiwan (R.O.C.)","02-25084245","Investor@anxo.com.tw","http://www.anxo.com.tw","－","－","－","－","http://www.anxo.com.tw","http://www.anxo.com.tw"
"6682","華旭先進股份有限公司","華旭先進","光電業","－","台中市西屯區協和里工業區十路8號","	24804181","黃文瑞","曾世覺","黃文瑞","董事長","王毓翔","04-23586649","2015/12/23","2018/05/11",新台幣                 10.0000元,1471059020,147105902,1740000,0,合併,每年,股東會,"兆豐證券股份有限公司","(02)33930898","台北市忠孝東路二段95號1樓","勤業眾信聯合會計師事務所","許瑞隆","蘇定堅","HHAT","No. 8, Gongyequ 10th Rd., Xitun DistTaichung City,Taiwan","04-23596962","service@huahsu.com","http://www.huahsu.com/","－","－","－","－","?|???]?m","－"
"6696","仁新醫藥股份有限公司","仁新","生技醫療業","－","臺北市信義區忠孝東路5段68號36樓","	43814765","林雨新","王正琪","王正琪","總經理暨研發長","陳菀姍","02-87805008","2016/05/12","2018/10/08",新台幣                 10.0000元,828920000,82892000,0,0,合併,每年,董事會,"福邦證券股份有限公司","02-2383-6888","台北市中正區忠孝西路一段6號6樓","勤業眾信聯合會計師事務所","吳鈞麟","陳昭宇","LBS","36F, No.68, Sec.5, Zhongxiao E. Rd., Xinyi Dist.Taipei City 11065, Taiwan","02-87805038","info@linbioscience.com","http://www.linbioscience.com/tw/","－","－","－","－","http://www.linbioscience.com/tw/im/news","－"
"6704","國璽幹細胞應用技術股份有限公司","國璽幹細胞","生技醫療業","－","新竹縣竹北市生醫三路2號","	80689276","莊明熙","邱淳芬","邱淳芬","總經理","林珀丞","(03)658-5959","2004/03/26","2023/04/26",新台幣                 10.0000元,959493160,95949316,0,0,合併,每年,股東會,"兆豐證券股份有限公司股務代理部","(02)2327-8988","10058台北市中正區忠孝東路二段95號1樓","勤業眾信聯合會計師事務所","莊業偉","&#28201;智源","GWOXI","8F., No.243, Dong Sec. 1, Guangming 6th Rd.,Zhubei City,Hsinchu County,Taiwan R.O.C.","(03)657-9922","jeff_lee@gwoxi.com","http://www.gwoxi.com.tw","－","－","－","－","http://www.gwoxi.com.tw/index.php/frontend/news/view?news_id=181","－"
"6705","振躍精密滑軌股份有限公司","振躍精密","電機機械","－","新北市土城區中央路三段222-1號","	97214507","陳萬來","施惠珠","章振國","財會主管","許紫微","22677700","1996/09/11","2018/10/31",新台幣                 10.0000元,180046880,18004688,0,0,個別,每年,董事會,"台新證券股務代理部","02-25048125","台北市建國北路一段96號地下一樓","勤業眾信聯合會計師事務所","莊文源","李穗青","MARTAS","No.222-1,Sec.3,Zhongyang RD.,Tucheng Dist.,New Taipei City,Taiwan","22675788","Nick.Chang@martas.com.tw","www.martas.com.tw","－","－","－","－","www.martas.com.tw","－"
"6707","富基電通股份有限公司","富基電通","電子通路業","－","台北市南港路三段48號10樓","	27525541","楊連芳","楊連芳","林品杰","董事長特助","郭淑芝","02-2788-8099","2004/10/22","2022/07/21",新台幣                 10.0000元,590026640,59002664,0,0,合併,每年,董事會,"中國信託商業銀行代理部","02-66365566","臺北市重慶南路一段83號5樓","安侯建業聯合會計師事務所","簡思娟","辛郁婷","AFASTOR CORP.","10F., No. 48, Sec. 3, Nangang Rd.,Nangang Dist., Taipei City, Taiwan","02-2788-5766","Investor-relations@afastor.com.tw","https://www.afastor.com.tw/","－","－","－","－","https://www.afastor.com/tw/shareholders-meeting","https://www.afastor.com/tw/shareholders-meeting"
"6709","昱厚生技股份有限公司","昱厚生技","生技醫療業","－","台北市內湖區內湖路一段308號6樓","	28403068","黃一旭","徐悠深","徐悠深","總經理","蕭副加","27970073","2006/09/19","2018/11/29",新台幣                 10.0000元,593800000,59380000,0,0,個別,每年,股東會,"元大證券股份有限公司","02)2586-5859","臺北市大安區敦化南路二段67號地下一樓","資誠聯合會計師事務所","王銘義","黃珮娟","Advagene","6F,NO 308, Sec.1,Neihu Rd, Niehu DistTaipei City, Taiwan","27970083","advagene@advagene.com.tw","www.advagene.com.tw","－","－","－","－","www.advagene.com.tw","－"
"6723","傑智環境科技股份有限公司","傑智環境","綠能環保","－","桃園市龍潭區中豐路461巷180號10樓","	28139878","張豐堂","張豐堂","張豐堂","董事長兼總經理","陳慶裕","03-4892860","2006/04/04","2018/12/26",新台幣                 10.0000元,300390000,30039000,0,0,合併,每年,股東會,"第一金證券股份有限公司","(02)25635711","台北市大安區安和路一段27號6樓","勤業眾信聯合會計師事務所","陳明煇","吳鈞麟","JG","10F., NO 180, Ln. 461, Zhongfeng Rd., Longtan Dist.Taoyuan City 325025, Taiwan , R.O.C","03-4892870","service@jgok.net","https://www.jgok.net","－","－","－","－","?L","－"
"6729","機光科技股份有限公司","機光科技","光電業","－","新北市汐止區新台五路一段99號31樓之5","	12846708","顏豐文","顏豐文","邱照喻","總經理室副總","郭嚴今","03-666-3188","2001/08/02","2019/07/04",新台幣                 10.0000元,276612780,27661278,2500000,0,個別,每年,股東會,"兆豐證券股份有限公司股務代理部","02-3393-0898","台北市中正區忠孝東路二段95號1樓","安侯建業聯合會計師事務所","黃海寧","吳俊源","Lumtec","31F.-5, No.99, Sec. 1, Xintai 5th Rd., Xizhi Dist.,New Taipei City, Taiwan, R.O.C.","03-666-9288","NA","www.lumtec.com.tw","－","－","－","－","NA","－"
"6734","安盛生科股份有限公司","安盛生","生技醫療業","－","台北市內湖區基湖路35巷2弄9號6樓","	53927676","陳彥宇","陳彥宇","黃舒蘭","財務協理","空缺待補","87511335","2012/08/30","2019/06/28",新台幣                 10.0000元,406231640,40623164,10836471,0,合併,每年,股東會,"群益金鼎證券股份有限公司","(02) 27023999","台北市大安區敦化南路2段97號B2","資誠聯合會計師事務所","林冠宏","陳憲正","iXensor","6F., No. 9, Aly. 2, Ln. 35, Jihu Rd., Neihu Dist.Taipei City, R.O.C.","87518059","info@ixensor.com","www.ixensor.com","－","－","－","－","www.ixensor.com","－"
"6737","秀育企業股份有限公司","秀育","電腦及週邊設備業","－","新北市汐止區新台五路一段97號18樓-11","	59244777","梁徽彬","吳川仕","吳川仕","總經理","賴怡涵","02-2697-2311","1978/12/23","2019/12/30",新台幣                 10.0000元,600504000,60050400,0,0,合併,每半會計年度,董事會,"富邦綜合證券(股)公司股務代理部","02-2361-1300","台北市中正區許昌街17號11樓","勤業眾信聯合會計師事務所","蘇定堅","許瑞隆","SOLID YEAR","18F-11, No.97, Sec. 1, Xintai 5th Rd.,Xinzhi Dist.New Taipei City 22175, Taiwan","02-2697-2339","無","https://www.solidyear.com.tw/","－","－","－","－","https://www.solidyear.com.tw/","－"
"6738","鼎恒數位科技股份有限公司","鼎恒","資訊服務業","－","台北市信義區東興路43號1樓","	54510058","簡士評","王淑玲","簡士評","董事長","王淑玲","02-6605-8128","2013/07/26","2019/08/23",新台幣                 10.0000元,371248990,36724899,0,400000,合併,每年,股東會,"中國信託商業銀行代理部","02-66365566","臺北市中正區重慶南路一段 83 號 5 樓","安侯建業聯合會計師事務所","黃明宏","楊雲筑","MAYO","1 F., No. 43, Dongxing Rd.Xinyi Dist., Taipei City 110403, Taiwan","02-2723-5868","ir@mayohr.com","www.mayohr.com","－","－","－","－","www.mayohr.com","－"
"6744","豐技生物科技股份有限公司","豐技生技","生技醫療業","－","台北市中正區紹興北街5號5樓之1","	86704393","張宏名","張宏名","林佩宜","副總經理","呂美珍","02-23519800","1992/05/12","2019/09/25",新台幣                 10.0000元,154000000,15400000,0,0,個別,每年,董事會,"兆豐證券股份有限公司股務代理部","02-33930898","台北市中正區忠孝東路二段95號1樓","資誠聯合會計師事務所","黃世鈞","于智帆","FCB","5F.-1, No.5, Shaoxing N.St., Zhongzheng Dist.Taipei City 10049, Taiwan (R.O.C.)","02-23219527","fengchi2@ms69.hinet.net","http://www.fcbiotech.com.tw","－","－","－","－","http://www.fcbiotech.com.tw","－"
"6748","亞果生醫股份有限公司","亞果生醫","生技醫療業","－","高雄市路竹區路科二路57號2樓","	54562029","謝達仁","謝達仁","謝達仁","總經理","王敏和","07-6955569","2014/06/26","2021/07/27",新台幣                 10.0000元,712181980,71218198,0,0,合併,每年,股東會,"凱基證券股份有限公司股務代理部","02-23892999","台北市重慶南路一段2號5樓","資誠聯合會計師事務所","葉芳婷","徐惠榆","ACRO Biomedical","2nd Fl., No. 57, Luke 2nd Rd., Lujhu Dist.Kaohsiung City 82151, Taiwan R.O.C.","07-6955069","service@acrobiomedical.com","www.acrobiomedical.com","－","－","－","－","NA","－"
"6750","泰創工程股份有限公司","泰創工程","其他電子業","－","新北市中和區建康路158號10樓","	84417537","陳萬富","陳萬富","陳萬富","執行長","盧恒淑","02-7731-5788","1993/06/30","2019/11/11",新台幣                 10.0000元,447070000,44707000,1500000,0,合併,每年,股東會,"富邦綜合證券股份有限公司","(02)2361-1300","台北市中正區許昌街17號11樓","勤業眾信聯合會計師事務所","薛峻泯","李芸珊","TTE","10F,NO.158,Jiankang Rd.,Zhonghe Dist.,New Taipei City 235,Taiwan","02-7731-7788","tte@tech-top-eng.com","http://www.tech-top-eng.com","－","－","－","－","http://www.tech-top-eng.com","－"
"6755","連鋐科技股份有限公司","連鋐科技","電子零組件業","－","桃園市龜山區萬壽路一段492之1號5樓之2","	28031594","陳嘉輝","陳嘉輝","陳嘉輝","董事長暨總經理","林憲良","02-8200-5506","2005/11/15","2019/12/05",新台幣                 10.0000元,398231050,39823105,0,0,合併,每年,董事會,"中國信託商業銀行","02-6636-5566","台北市中正區重慶南路一段八十三號五樓","資誠聯合會計師事務所","李燕娜","吳偉豪","LH","No. 492, Sec. 1, Wanshou Rd., Guishan Dist., Taoyuan City 333, Taiwan (R.O.C.)Taoyuan City, Taiwan (R.O.C)","02-8200-5510","investinfo@lianhong.com.tw","http://www.lianhong.com.tw","－","－","－","－","http://www.lianhong.com.tw","－"
"6758","冠亞生技股份有限公司","冠亞","生技醫療業","－","新北市永和區成功路一段80號20樓","	12873063","林延生","薛好娟","薛好娟","總經理","廖偉展","02-2926-7088","2001/06/15","2020/01/02",新台幣                 10.0000元,134710400,13471040,0,0,個別,每年,董事會,"富邦綜合證券股份有限公司","02-2361-1300","臺北市中正區許昌街17號11樓","安永聯合會計師事務所","林世寰","徐榮煌","ASA","20F, No 80 , Section 1, Chenggong Road, Yonghe District, New Taipei City 23452New Taipei City, Taiwan","02-2926-8807","ir@aspine.com.tw","http://www.aspine.com.tw","－","－","－","－","http://www.aspine.com.tw","－"
"6775","穎台科技股份有限公司","穎台科技","光電業","－","桃園市平鎮區工業五路12號","	42821900","王志鴻","林俊役","黃子庭","財務長","林俊役","03-2623311","2015/11/12","2020/05/29",新台幣                 10.0000元,975000000,97500000,0,0,合併,每年,股東會,"中國信託商業銀行代理部","(02)6636-5566","台北市中正區重慶南路一段83號5樓","安永聯合會計師事務所","林政緯","陳國帥","ENTIRE TECH","No. 12, Gongye 5th Rd., Pingzhen Dist.,Taoyuan City 324, Taiwan (R.O.C.)","03-2616255","ir@entire.com.tw","http://www.entire.com.tw","－","－","－","－","http://www.entire.com.tw","－"
"6780","學習王科技股份有限公司","學習王","文化創意業","－","新北市板橋區文化路二段285號7樓","	53582103","張鎮麟","李東諭","張鎮麟","董事長","李東諭","02-22545789","2012/01/06","2020/07/23",新台幣                 10.0000元,164697230,16469723,0,0,個別,每年,董事會,"福邦證券股份有限公司","02-23711658","台北市中正區忠孝西路一段6號6樓","勤業眾信聯合會計師事務所","楊靜婷","&#28201;智源","Study123","7F., No.285, Sec. 2, Wunhua Rd., Banciao Dist.,New Taipei City 220504, Taiwan (R.O.C.)","02-22545795","fa_department@study123.com.tw","https://www.study123.com.tw/","－","－","－","－","https://www.study123.com.tw/","－"
"6784","天凱科技股份有限公司","天凱科技","通信網路業","－","新竹縣竹北市自強南路8號21樓之2","	28104929","劉明湘","劉明湘","黃啟東","財會經理","許均稜","03-5502626","2006/03/03","2020/11/18",新台幣                 10.0000元,184460000,18446000,0,0,個別,每年,董事會,"華南永昌綜合證券股份有限公司","02-27186425","台北市民生東路四段54號4樓","安永聯合會計師事務所","王慕凡","張巧穎","TSKY","21F.-2.NO8,Ziqiang S,RD.,ZhubeiHsinchu County,Hsinchu County","03-5500720","ir@tsky.com.tw","www.tsky.com.tw","－","－","－","－","ir@tsky.com.tw","－"
"6786","芯測科技股份有限公司","芯測","半導體業","－","新竹縣竹北市台元一街6號7樓之5","	25089282","陳冠豪","賴俊澤","王筱萍","副總經理","張開誠","(03)560-1667","2009/12/16","2020/08/19",新台幣                 10.0000元,308379800,30837980,0,0,合併,每年,董事會,"宏遠證券股份有限公司","(02)23268818","台北市信義路四段236號3樓","安永聯合會計師事務所","楊雨霓","邱琬茹","iSTART","7F.-5,No.6,Taiyuan 1st St.,Zhubei CityHsinchu County 302082,Taiwan(R.O.C)","(03)560-1665","ir@istart-tek.com","http://www.istart-tek.com/","－","－","－","－","?L","－"
"6787","晶瑞光電股份有限公司","晶瑞光","光電業","－","新竹縣竹東鎮大明路256號","	16858612","鄒政興","鄒政興","賴俊文","副總經理","楊佑吉","03-5958589","1999/02/11","2021/04/16",新台幣                 10.0000元,810070000,81007000,0,0,合併,每年,股東會,"統一綜合證券(股)股務代理部","02-27478266","台北市松山區東興路8號B1","國富浩華聯合會計師事務所","潘金樹","吳孟達","KINGRAYTECH","No. 256, Daming Rd.,Zhudong Township, Hsinchu County, Taiwan","03-5958880","kingray@kingraytech.com","https://krt.kingraytech.com","－","－","－","－","https://krt.kingraytech.com","－"
"6793","天力離岸風電科技股份有限公司","天力離岸","其他","－","台中市龍井區環港路235號","	24490436","吳坤達","張昑柱","蔡哲倫","財務暨會計主管","張勤","04-37007799","2009/12/23","2020/10/30",新台幣                 10.0000元,756000000,75600000,0,0,合併,每年,股東會,"福邦綜合證券股份有限公司","02-23711658","台北市中正區忠孝西路一段6號6樓","勤業眾信聯合會計師事務所","莊業偉","周仕杰","TIENLI OFFSHORE","No. 235 Huangang Road, Longjing DistrictTaichung City434,Taiwan","04-23693131","service@tien-li.com","https://www.tien-li.com/","－","－","－","－","https://www.tien-li.com/","－"
"6797","台灣圓點奈米技術股份有限公司","圓點奈米","生技醫療業","－","桃園市龜山區樂善里文禾路188號6樓","	27312189","章季芸","簡建興","簡建興","總經理","張志瑋","03-316-7568","2004/04/22","2020/11/05",新台幣                 10.0000元,307321770,30732177,0,0,合併,每年,股東會,"元大證券股份有限公司股務代理部","02-2586-5859","台北市大安區敦化南路2段67號地下一樓","資誠聯合會計師事務所","吳偉豪","李燕娜","TAN","6F., No. 188, Wenhe Rd., Guishan Dist.Taoyuan City 330, Taiwan","03-317-3369","ir@tanbead.com","https://www.tanbead.com","－","－","－","－","https://www.tanbead.com","－"
"6798","展逸國際企業股份有限公司","展逸","運動休閒","－","台北市東興路51號11樓","	50858268","張憲銘","張憲銘","詹克群","財務長","陳彥璟","02-87681866","2018/08/06","2023/04/27",新台幣                 10.0000元,195724300,19572430,0,0,合併,每年,董事會,"凱基證券股份有限公司股務代理部","02-23892999","台北市中正區重慶南路一段2號5樓","勤業眾信聯合會計師事務所","劉明賢","趙永祥","Flight","11F., No.51,Dongxing RdTaipei City 110, Taiwan(R.O.C)","02-87681368","service@fltmkt.com.tw","http://www.fltmkt.com.tw/","－","－","－","－","http://www.fltmkt.com.tw/","－"
"6808","三鼎生物科技股份有限公司","三鼎生技","生技醫療業","－","新北市汐止區新台五路一段99號21樓之1","	24782320","歐耿良","洪慈營","詹育豪","行政管理部資深經理","林淑華","02-2697-1270","2014/12/26","2020/12/25",新台幣                 10.0000元,778400000,77840000,10000000,0,個別,每年,董事會,"台新證券股務代理部","02-2504-8125","臺北市中山區建國北路一段96號B1","資誠聯合會計師事務所","顏裕芳","江采燕","3D BIO","21F.-1, No. 99, Sec. 1, Xintai 5th Rd., Xizhi Dist.New Taipei City 221, Taiwan","02-2697-1272","3dg01@3dglobalbiotech.com.tw","www.3dglobalbiotech.com.tw","－","－","－","－","www.3dglobalbiotech.com.tw","－"
"6810","新穎生醫股份有限公司","新穎生醫","生技醫療業","－","新竹縣竹北市台元街18號6樓之1","	24613916","曾錙翎","曾錙翎","郭祖訓","財務會計主管","王芝萍","(03)560-1816","2014/06/25","2021/08/30",新台幣                 10.0000元,494485000,49448500,0,0,個別,每年,股東會,"台新綜合證券股務代理部","(02)2504-8125","台北市中山區建國北路一段96號B1","資誠聯合會計師事務所","江采燕","周筱姿","BPM","6F-1, No. 18 Taiyuan St.Zhubei City, Hsinchu County, Taiwan","(03)560-1916","ir@bpmbiotech.com","https://www.bpmbiotech.com","－","－","－","－","?L","－"
"6812","梭特科技股份有限公司","梭特","光電業","－","新竹縣竹北市台元二街6號7樓","	53058971","盧彥豪","盧彥豪","曾廣輝","副總經理","王敏蕙","03-5166006","2010/06/17","2021/02/04",新台幣                 10.0000元,306107870,30610787,0,0,個別,每年,股東會,"福邦證券股份有限公司股務代理部","(02)2371-1658","台北市忠孝西路一段6號6樓","勤業眾信聯合會計師事務所","彭詩玄會計師","&#28201;智源會計師","SAULTECH","7F, No.6, Taiyuan Second Street, Zhubei City, Hsinchu CountyHsinchu Country 30288, Taiwan","03-5166083","service-investor@saultech.com.tw","https://www.saultech.com.tw/","－","－","－","－","service-investor@saultech.com.tw","－"
"6814","路迦生醫股份有限公司","路迦生醫","生技醫療業","－","新北市板橋區忠孝路14號(1樓)及16號(1樓)","	54318905","唐稚超","劉朝安","唐稚超","董事長","劉炳中","02-29500027","2013/12/26","2020/12/31",新台幣                 10.0000元,418743710,41874371,0,0,個別,每年,股東會,"群益金鼎證券股份有限公司","02-27023999","台北市大安區敦化南路二段97號B2","安侯建業聯合會計師事務所","羅瑞芝","黃泳華","LUKAS","No.14-16, Zxongxiao Rd., Banqiao Dist.,New Taipei City 220, Taiwan (R.O.C.)","02-29500106","service@lukas-biomedical.com","https://www.lukas-biomedical.com/","－","－","－","－","https://www.lukas-biomedical.com/","－"
"6815","晶鑽生醫股份有限公司","晶鑽生醫","生技醫療業","－","新北市汐止區新台五路一段95號14樓","	24771301","謝佳憲","賴柏如","謝佳憲","董事長","賴柏如","02-2755-3320","2014/11/26","2021/01/29",新台幣                 10.0000元,397056490,39705649,0,0,合併,每年,董事會,"富邦綜合證券(股)公司","02-2361-1300","台北市中正區許昌街17號11樓","資誠聯合會計師事務所","楊蕙慈","馮敏娟","Diamond","14F., No. 95, Sec. 1, Xintai 5th Rd., Xizhi Dist.New Taipei City 221 , Taiwan (R.O.C.)","02-2755-3326","ir@diamond-biotechnology.com","https://www.diamond-biotechnology.cc/","－","－","－","－","https://www.diamond-biotechnology.cc/","－"
"6816","捷智商訊科技股份有限公司","捷智商訊","資訊服務業","－","台北市松山區光復南路1號2樓之1","	70556945","林群國","林明杰","李家齊","財會經理","黃玄","02-27480010","2000/05/06","2021/01/18",新台幣                 10.0000元,121800000,12180000,0,0,個別,每年,董事會,"群益金鼎證券股份有限公司","02-27023999","台北市敦化南路二段97號B2","勤業眾信聯合會計師事務所","劉怡青","邱政俊","METAEDGE","2F.-1, No. 1, Guangfu S. Rd., Songshan Dist.,TAIPEI CITY 10563,TAIWAN (R.O.C.)","02-27480020","P_METAEDGE@metaedge.com.tw","www.metaedge.com.tw","－","－","－","－","N/A","－"
"6817","溫士頓醫藥股份有限公司","溫士頓","生技醫療業","－","臺南市永康區鹽洲里仁愛街117號","	72082135","蔡森田","王又正","王又正","總經理","陳怡菁","06-2533124","1975/07/09","2021/02/24",新台幣                 10.0000元,184170000,18417000,0,0,合併,每年,股東會,"群益金鼎證券(股)公司股務代理部","02-27035000","台北市大安區敦化南路二段97號B2","安永聯合會計師事務所","余倩如","黃建澤","WINSTON","NO.117,Ren'ai St., Yongkang Dist.,Tainan City 710 Taiwan","06-2533116","mis@winston.com.tw","https://www.winston.com.tw/","－","－","－","－","NA","－"
"6818","連騰科技股份有限公司","連騰","通信網路業","－","新北市新店區北新路三段225號5樓","	68566876","陳鴻儀","蕭富仁","汪恩煌","副總經理","黃國朝","(02)8913-1939","2017/12/08","2021/01/21",新台幣                 10.0000元,255030000,25503000,0,0,合併,每年,董事會,"統一綜合證券(股)公司股務代理部","(02)27463797","台北市松山區東興路8號B1","資誠聯合會計師事務所","吳仁杰","徐潔如","AWAN","5F., No. 225, Sec. 3, Beixin Rd., Xindian Dist.,New Taipei City 231, Taiwan (R.O.C.)","(02)8913-2538","info@awan-ant.com","http://www.awan-ant.com/zh-tw","－","－","－","－","http://www.awan-ant.com/zh-tw/about/index/15","－"
"6819","眾智光電科技股份有限公司","眾智","半導體業","－","新竹科學園區工業東九路25號","	23734841","吳岱錡","吳岱錡","古仁斌","資深副總經理","江昌軒","03-5785177","1990/04/23","2021/02/05",新台幣                 10.0000元,339737330,33973733,0,0,合併,每半會計年度,董事會,"凱基證券股份有限公司股務代理部","02-23892999","台北市重慶南路一段2號5樓","資誠聯合會計師事務所","王菘澤","楊蕙慈","ORISYSTECH","No.25, Industry E. 9th Road, Hsinchu Science Park,Hsinchu 30075, Taiwan","03-5787070","hr@orisystech.com.tw","www.orisystech.com","－","－","－","－","www.orisystech.com","－"
"6820","連訊通信股份有限公司","連訊","通信網路業","－","新北市新店區寶興路45巷9弄4號5樓","	68566480","陳鴻儀","王志民","陳信儒","財務長","王志民","(02)2917-7668","2017/12/08","2021/03/22",新台幣                 10.0000元,222110000,22211000,0,0,合併,每年,董事會,"凱基證券股份有限公司","(02)2314-8800","台北市中正區重慶南路一段2號5樓","資誠聯合會計師事務所","徐潔如","吳仁杰","ACON OPTICS","5F., NO. 4, Alley 9, Lane 45, Baoxing Rd., Xindian Dist.,New Taipei City 231, Taiwan (R.O.C.)","(02)2917-0410","info@aconoptics.com","http://www.aconoptics.com","－","－","－","－","https://www.aconoptics.com/tw/ir/blog","－"
"6825","和暢科技股份有限公司","和暢科技","電腦及週邊設備業","－","新北市汐止區新台五路1段99號26樓之12","	24776663","周邦基","蘇文彬","陳治均","管理處副總","游章渭","02-2697-2000","2014/12/11","2021/04/29",新台幣                 10.0000元,336514480,33651448,0,0,合併,每年,股東會,"宏遠證券股份有限公司股務代理部","02-23268818","台北市信義路四段236號3樓","勤業眾信聯合會計師事務所","李冠豪","劉明賢","QBIC","26F.-12, NO.99, SEC. 1, XINTAI 5TH RD.XIZHI DIST., NEW TAIPEI CITY, TAIWAN","02-2697-2868","IR@qbictechnology.com","https://www.qbictechnology.com","－","－","－","－","?L","－"
"6826","和淞科技股份有限公司","和淞","其他電子業","－","新竹縣湖口鄉光復南路33號","	97097825","應柔爾","周志賢","劉兆慧","總經理室特別助理","張玉華","03-5973168","1996/07/09","2021/06/17",新台幣                 10.0000元,855400000,85540000,0,0,合併,每年,董事會,"兆豐證券(股)公司股務代理本部","(02)3393-0898","台北市中正區忠孝東路二段95號1樓","安永聯合會計師事務所","張巧穎","王瑄瑄","TPC","No.33, Guangfu S. Rd, Hukou Township,Hsinchu County 30351, Taiwan R. O. C.","03-5973166","ir@jtpc.com.tw","www.jtpc.com.tw","－","－","－","－","www.jtpc.com.tw","－"
"6827","巨生生醫股份有限公司","巨生醫","生技醫療業","－","新竹科學園區新竹縣竹北市生醫五路66號10樓之1","	24765568","蔣為峰","許源宏","王先知","執行長","邱奕翔","03-591-0360","2014/11/07","2021/10/19",新台幣                 10.0000元,794319030,79431903,0,0,個別,每年,股東會,"富邦綜合證券股務代理部","02-2361-1300","台北市中正區許昌街17號11樓","安侯建業聯合會計師事務所","張肇文會計師","寇惠植會計師","MPB","10F.-1, No. 66, Shengyi 5th Rd., Zhubei City,Hsinchu County 302041, Taiwan (R.O.C.)","03-591-0441","service@megaprobio.com","http://www.megaprobio.com","－","－","－","－","http://www.megaprobio.com","－"
"6832","金鼎聯合科技纖維股份有限公司","金鼎科","其他","－","臺中市后里區泉州路2之9號","	12854740","林瑞岳","蕭金沐","徐士雯","經理","王緒源","04-25581201","2001/04/17","2021/09/29",新台幣                 10.0000元,264106550,26410655,0,0,合併,每年,股東會,"富邦綜合證券股份有限公司","02-23611300","台北市中正區許昌街17號11樓","安侯建業聯合會計師事務所","鄒依芸","黃欣婷","KING'S","No. 2-9, Quanzhou Rd., Houli Dist.,Taichung City 420020  , Taiwan (R.O.C.)","04-25581721","investment@kingsmetalfiber.com","http://www.kingsmetalfiber.com","－","－","－","－","http://www.kingsmetalfiber.com","－"
"6833","太康精密股份有限公司","太康精密","電子零組件業","－","新北市汐止區新台五路1段79號5樓之2","	12979018","葉辛池","葉辛池","張賴弘","執行副總經理","謝玉玲","02-26983890","2002/01/18","2021/06/01",新台幣                 10.0000元,499770000,49977000,0,0,合併,每年,股東會,"元大證券股份有限公司股務代理部","02-25865859","臺北市大安區敦化南路2段67號地下一樓","勤業眾信聯合會計師事務所","吳少君","蔣淑菁","T-CONN","5 F.-2, No. 79, Sec. 1, Xintai 5th Rd., Xizhi Dist.,New Taipei City  Taiwan (R.O.C.)","02-26983933","investor@t-conn.com","https://www.t-conn.com/tw","－","－","－","－","https://www.t-conn.com/tw","－"
"6839","開陽能源股份有限公司","開陽能源","綠能環保","－","新北市新莊區中正路651-3號8樓","	50850147","蔡宗融","蔡宗融","陳立仁","財務主管","林志成","02-66266660","2018/09/12","2021/10/25",新台幣                 10.0000元,820197840,82019784,0,0,合併,每年,董事會,"台新證券股務代理部","02-25048125","台北市中山區建國北路1段96號B1","勤業眾信聯合會計師事務所","張至誼","劉書琳","Power Master","8F., No. 651-3, Zhongzheng Rd., Xinzhuang Dist.,New Taipei City 242, Taiwan (R.O.C.)","02-66266800","sales@powermaster.com.tw","http://www.powermaster.com.tw","－","－","－","－","http://www.powermaster.com.tw","－"
"6842","瑞宇國際股份有限公司","瑞宇","半導體業","－","臺北市內湖區瑞光路76巷61號5樓","	27729833","陳慧銘","蕭豐格","莊姿櫻","財務長","廖春澍","02-27918139","2005/05/24","2021/09/30",新台幣                 10.0000元,230000000,23000000,0,0,合併,每年,董事會,"中國信託商業銀行代理部","02-6636-5566","台北市中正區重慶南路一段83號5樓","勤業眾信聯合會計師事務所","李芸珊","蔡宗遠","NEXORA","5F,NO.61,Lane76,Ruiguang Rd., Neihu Dist.,Tapei,Taiwan,R.O.C.","02-27926942","service@nexora-tech.com.tw","http://www.e-elements.com.tw","－","－","－","－","?L","－"
"6847","普瑞博生技股份有限公司","普瑞博","生技醫療業","－","新竹科學園區新竹縣工業東九路11號2樓","	42770331","陳彥文","陳彥文","陳彥文","總經理","連誠麒","03-6687199","2016/01/27","2021/11/05",新台幣                 10.0000元,142300000,14230000,0,0,個別,每年,股東會,"中國信託商業銀行代理部","02-66365566","台北市中正區重慶南路一段83號5樓","安永聯合會計師事務所","邱婉茹","胡慎緁","PURIBLOOD","2F, No.11, Gongye E. 9th RdBaoshan Township, Hsinchu County,Taiwan","03-6687299","info@puriblood.com","https://puriblood.com","－","－","－","－","https://puriblood.com","－"
"6848","拉法生醫股份有限公司","拉法醫","生技醫療業","－","新北市中和區橋和路15號15樓","	28089461","卓明偉","卓明偉","卓明偉","董事長兼總經理","陳彥良","(02)89121200","2006/02/07","2021/10/25",新台幣                 10.0000元,142731600,14273160,0,0,個別,每半會計年度,董事會,"中國信託商業銀行代理部","(02)6636-5566","台北市中正區重慶南&#63799;一段 83 號 5 樓","安侯建業聯合會計師事務所","黃更佳","辛郁婷","RBC","15F., No.15, Qiaohe Rd.Zhonghe Dist., New Taipei City, Taiwan","(02)89121300","spokesman@rbcbioscience.com","https://www.rbcbioscience.com/","－","－","－","－","https://www.rbcbioscience.com/","－"
"6849","奇鼎科技股份有限公司","奇鼎科技","其他電子業","－","新竹縣湖口鄉鳳工二街86號","	80130119","鄭智文","鄭智文","蘇柏樺","總經理特助","柯安","03-5986999","2003/01/28","2024/11/22",新台幣                 10.0000元,389182620,38918262,0,0,合併,每年,股東會,"中國信託商業銀行代理部","02-66365566","台北市中正區重慶南路一段83號5樓","安侯建業聯合會計師事務所","楊樹芝","林恒昇","CHYI DING","No. 86, Fenggong 2nd St., Hukou TownshipHsinchu County, Taiwan (R.O.C.)","03-5979694","chd-ir@chd-tech.com.tw","https://www.chd-tech.com.tw/","－","－","－","－","https://www.chd-tech.com.tw/","－"
"6850","光鼎生物科技股份有限公司","光鼎生技","生技醫療業","－","新北市新店區民權路108之3號4樓","	27352652","蔡守冠","蔡守冠","柳雲(峰)","事業發展處處長","紀賢良","02-2218-8726","2004/08/16","2021/11/10",新台幣                 10.0000元,330886600,33088660,0,0,合併,每年,股東會,"永豐金證券股務代理部","02-2381-6288","台北市博愛路17號3樓","資誠聯合會計師事務所","林冠宏","陳憲正","BIOPTIC","4F., No.108-3,Minquan Rd., Xindian Dist.,New Taipei City, Taiwan (R.O.C.)","02-2218-8727","info@bioptic.com.tw","https://www.bioptic.com.tw","－","－","－","－","https://www.bioptic.com.tw","－"
"6857","宏碁智醫股份有限公司","宏碁智醫","生技醫療業","－","新北市汐止區新台五路1段86號7樓","	69442662","連加恩","許凱程","連加恩","董事長","陳銘淵","02-26960366","2018/04/25","2021/10/27",新台幣                 10.0000元,152260000,15226000,0,0,合併,每年,股東會,"凱基證券股份有限公司股務代理部","(02)2389-2999","台北市中正區重慶南路一段2號5樓","勤業眾信聯合會計師事務所","陳建瑋","王浚宇","Acer Medical","7F., No. 86, Sec. 1, Xintai 5th Rd.Xizhi Dist., New Taipei City","02-26960377","Ir.amed@acer-medical.com","https://www.acer-medical.com/","－","－","－","－","https://www.acer-medical.com/","－"
"6858","愛比科技股份有限公司","愛比科技","電腦及週邊設備業","－","台北市內湖區南京東路六段348號","	28685046","洪裕鈞","李信宜","李信宜","總經理","周呂熙龍","(02)5550-8686","2007/06/13","2022/01/11",新台幣                 10.0000元,272204750,27220475,0,0,合併,每年,董事會,"富邦綜合證券(股)公司股務代理部","(02)2361-1300","台北市中正區許昌街17號11樓","安侯建業聯合會計師事務所","區耀軍","簡思娟","IPEVO","No.348, Section 6, Nanling E. Rd., Neihu Dist.,Taipei Taiwan","(02)2382-0420","ir@staff.ipevo.com","https://www.ipevo.com.tw","－","－","－","－","https://www.ipevo.com.tw","－"
"6864","元樟生物科技股份有限公司","元樟生技","生技醫療業","－","高雄市苓雅區四維三路6號7樓之2","	42814751","蔡宜儒","蔡宜儒","蔡宜儒","總經理","許麗玉","07-2237578","2018/04/02","2021/12/29",新台幣                 10.0000元,377287500,37728750,0,0,個別,每年,股東會,"福邦證券股份有限公司股務代理部","(02)2383-6888","10041台北市中正區忠孝西路一段6號6樓","安永聯合會計師事務所","洪國森","陳政初","A.M.S.","7F.-2, No. 6, Siwei 3rd Rd., Lingya Dist.,KAOHSIUNG CITY 802, TAIWAN (R.O.C.)","07-2233622","liyu@amsbioteq.com","https://www.ams-bioteq.com/","－","－","－","－","https://www.ams-bioteq.com/list/cate-280290.htm","－"
"6867","坦德科技股份有限公司","坦德科技","光電業","－","雲林縣斗六市榴南里斗工九路8號","	54127531","江凱量","李昭霈","李昭霈","總經理","黃慧倫","05-5575555","2013/02/08","2022/06/23",新台幣                 10.0000元,350000000,35000000,0,0,個別,每年,董事會,"宏遠證券股份有限公司股務代理部","02-77198899","台北市大安區信義路四段236號3樓","安永聯合會計師事務所","黃宇廷","黃子評","TD","NO.8, DOUGONG 9TH RD., DOULIU CITY,YUNLIN COUNTY 64069,TAIWAN (R.O.C.)","05-5570555","info@tdtech.com.tw","http://www.tdtech.com.tw/","－","－","－","－","http://www.tdtech.com.tw/","－"
"6868","采威國際資訊股份有限公司","采威國際","資訊服務業","－","臺中市西屯區漢翔東路33號","	70598966","蕭哲君","蕭哲君","蕭哲君","董事長暨總經理","張芝菁","04-23265200","2000/07/11","2022/01/13",新台幣                 10.0000元,250433500,25043350,0,0,合併,每年,董事會,"統一綜合證券股份有限公司","02-27463797","105台北市松山區東興路8號B1樓","勤業眾信聯合會計師事務所","彭以驊","蘇定堅","ISCOM","No. 33, Hanxiang E. Rd., Xitun Dist.,Taichung City 407031 , Taiwan (R.O.C.)","04-23262107","cynthiachang@iscom.com.tw","https://www.iscom.com.tw","－","－","－","－","https://www.iscom.com.tw","－"
"6876","朗齊生物醫學股份有限公司","朗齊生醫*","生技醫療業","－","新竹縣竹北市生醫路二段2號2樓A214室","	54823306","王繼賢","陳丘泓","嚴世&#23791;","副總經理兼財務長","徐婕云","04-23205691","2015/09/24","2024/01/18",無面額,693856049,48090543,590000,0,合併,每年,董事會,"華南永昌綜合證券股份有限公司","02-27186425","台北市松山區民生東路四段54號4樓","勤業眾信聯合會計師事務所","虞成全","劉力維","LaunXP BioMed","Rm. 214, 2F.-A, No. 2, Sec. 2, Shengyi Rd., Zhubei CityHsinchu County 302058 , Taiwan (R.O.C.)","04-23205693","LXP@launxp.com","www.launxp.com","－","－","－","－","www.launxp.com","－"
"6878","歐付寶電子支付股份有限公司","歐付寶","金融業","－","台北市南港區成功路一段58號3樓","	53538851","林秀芳","林秀芳","許維泗","副總經理","林雪卿","02-26550057","2011/09/23","2022/03/17",新台幣                 10.0000元,726408000,72640800,0,0,個別,每年,董事會,"兆豐證券股份有限公司股務代理部","02-33930898","台北市中正區忠孝東路二段95號1樓","勤業眾信聯合會計師事務所","張青霞會計師","趙永祥會計師","Opay","3F., NO. 58. 1 CHENGGONG RD.,NANGANG DIST., TAIPEI CITY 115, TAIWAN","02-26550097","financial_material@opay.tw","https://www.opay.tw","－","－","－","－","https://www.opay.tw","－"
"6879","大江基因醫學股份有限公司","大江基因","生技醫療業","－","台北市內湖區港墘路185號10樓之1","	53357669","林詠翔","陳敬亭","林詠翔","董事長","陳敬亭","02-26581218","2011/07/13","2022/01/25",新台幣                 10.0000元,264585200,26458520,0,0,合併,每年,股東會,"台新綜合證券股務代理部","02-25048125","臺北市中山區建國北路一段96號B1","資誠聯合會計師事務所","支秉鈞","賴宗羲","TCI GENE","10F., No. 185-1, Gangqian Rd., Neihu Dist.,Taipei City , Taiwan (R.O.C.)","02-26587686","gene.IR@tci-gene.com","https://www.tci-gene.com/","－","－","－","－","https://www.tci-gene.com/","－"
"6882","甲尚股份有限公司","甲尚","資訊服務業","－","新北市新店區寶橋路235巷126號2樓","	84465158","王宏洋","陳久正","張素雯","執行副總經理","黃偉雄","02-89121028","1993/10/04","2022/04/26",新台幣                 10.0000元,231990650,23199065,0,0,合併,每年,董事會,"凱基證券股份有限公司","02-23892999","台北市中正區重慶南路一段2號5樓","勤業眾信聯合會計師事務所","溫智源","林心彤","REALLUSION","2F., No. 126, Lane 235,Pao-Chiao Rd., HsinTien Dist.New Taipei City, Taiwan, R.O.C.","02-89121028","IR@reallusion.com","http://www.reallusion.com.tw","－","－","－","－","http://www.reallusion.com.tw","－"
"6883","微電能源股份有限公司","微電能源","綠能環保","－","新竹縣竹北市文興路二段186號","	24978128","王愍&#24312;","王愍&#24312;","王愍&#24312;","董事長兼總經理","遺缺待補","(03)6586456","2015/06/16","2024/07/19",新台幣                 10.0000元,762135810,76213581,0,0,合併,每年,股東會,"凱基證券股份有限公司","(02)23892999","台北市重慶南路一段2號5樓","勤業眾信聯合會計師事務所","李麗凰","蔡宗遠","ME","No. 186, Sec. 2, Wenxing Rd., Zhubei City,Hsinchu County 30274, Taiwan (R.O.C.)","(03)6582085","rfdme@rfdme.com","https://www.rfdme.com","－","－","－","－","https://www.rfdme.com","－"
"6886","遠東生物科技股份有限公司","遠東生技","食品工業","－","台北市南港區園區街3號13樓A室(南軟生技園區)","	23625631","闕壯群","闕壯群","袁玉燕","財務長","郭韋伶","02-26558198","1990/02/28","2023/04/27",新台幣                 10.0000元,317635000,31763500,1000000,0,合併,每年,董事會,"元富證券股份有限公司","02-27686668","台北市光復北路11巷35號B1","資誠聯合會計師事務所","鄧聖偉","顏裕芳","FEBICO","Room A, 13FL, No.3. Yuan Chui Street,Nan-Gang District, Taipei, Taiwan","02-26558196","ir@febico.com.tw","http://www.febico.com.tw","－","－","－","－","http://www.febico.com.tw","－"
"6891","樂迦再生科技股份有限公司","樂迦再生","生技醫療業","－","新北市汐止區新台五路一段97號19樓之12","	83168829","邱俊榮","張裕享","曾逸君","公關部經理","詹志聰","02-2697-2560","2020/10/15","2022/04/28",新台幣                 10.0000元,2000469000,200046900,0,0,合併,每年,董事會,"第一金證券股份有限公司","02-2563-5711","台北市大安區安和路一段27號6樓","安侯建業聯合會計師事務所","郭欣頤","張肇文","Locus Cell","19F. -12, No. 97, Sec. 1, Xintai 5th Rd.Xizhi Dist.,New Taipei City ,Taiwan","02-2697-2565","stock@locus-cell.com","http://www.locus-cell.com/","－","－","－","－","http://www.locus-cell.com/","－"
"6892","台寶生醫股份有限公司","台寶生醫","生技醫療業","－","新竹科學園區新竹縣竹北市生醫二路66號4樓","	24571303","郭旭崧","楊鈞堯","楊鈞堯","執行長","莊秀娟","02-26956382","2014/07/25","2022/05/13",新台幣                 10.0000元,926050000,92605000,0,0,合併,每年,股東會,"永豐金證券股務代理部","(02)23816288","台北市博愛路17號3樓","安永聯合會計師事務所","余倩如","張巧穎","TWB","4F., No. 66, Shengyi 2nd Rd., Zhubei CityHsinchu County 302041, Taiwan","03-6681005","info@twbio-thera.com","http://www.twbio-thera.com","－","－","－","－","http://www.twbio-thera.com","－"
"6898","程曦資訊整合股份有限公司","程曦資訊","資訊服務業","－","臺北市大同區重慶北路1段1之1號10樓","	84459043","黃士軍","黃士軍","黃士軍","董事長暨總經理","陳仕凱","(02)7706-6188","1993/08/27","2022/05/26",新台幣                 10.0000元,290161130,29016113,0,0,合併,每年,董事會,"富邦綜合證券股務代理部","(02)2361-1300","臺北市中正區許昌街17號11樓","勤業眾信聯合會計師事務所","陳致源會計師","周仕杰會計師","ChainSea","10F., No. 1-1, Sec. 1, Chongqing N. Rd., Datong Dist.Taipei City , Taiwan (R.O.C.)","(02)7706-6199","CSIR@chainsea.com.tw","https://www.chainsea.com.tw/","－","－","－","－","https://www.chainsea.com.tw/","－"
"6908","宏碁遊戲股份有限公司","宏碁遊戲","電子通路業","－","新北市汐止區新台五路一段84號15樓","	83178333","高樹國","徐挺洋","徐挺洋","總經理","游姿妤","(02)26960068","2020/07/31","2022/09/13",新台幣                 10.0000元,350000000,35000000,0,0,合併,每年,股東會,"富邦證券股務代理部","(02)2361-1300","台北市中正區許昌街17號11樓","安侯建業聯合會計師事務所","施威銘","張純怡","AGM","15F., No. 84, Sec. 1, Xintai 5th Rd.,New Taipei City 22142 , Taiwan ( R.O.C.)","N/A","IR.AGM@acergaming.com","http:// www.acergaming.com","－","－","－","－","http:// www.acergaming.com","－"
"6911","群運環保股份有限公司","群運","其他","－","台南市安南區安明路四段100號","	86957571","李天佑","蔡文鐽","蔡文鐽","總經理","吳宜臻","06-2965599","1992/10/07","2022/10/20",新台幣                 10.0000元,220000000,22000000,0,0,合併,每半會計年度,董事會,"統一綜合證券股份有限公司","02-27463797","台北市松山區東興路8號地下一樓","資誠聯合會計師事務所","葉芳婷","田中玉","CHYUNN","No. 100, Sec. 4, Anming Rd., Annan Dist.Tainan City, Taiwan (R.O.C.)","06-2965580","carl@chyunn.com.tw","https://www.chyunn.com","－","－","－","－","https://www.chyunn.com","－"
"6912","益鈞環保科技股份有限公司","益鈞環科*","綠能環保","－","桃園市蘆竹區油管路二段761號","	82890369","秦嘉鴻","秦錫鈞","秦錫鈞","總經理","黃佑任","03-3541700","2019/06/12","2022/10/19",新台幣                  1.0000元,144000000,144000000,0,0,個別,每年,股東會,"元大證券股份有限公司股務代理部","(02)25865859","臺北市大安區敦化南路2段67號地下一樓","資誠聯合會計師事務所","蔡蓓華","顏裕芳","YCGT","No. 761, Sec. 2, Youguan Rd., Luzhu Dist.,Taoyuan City 338002, Taiwan (R.O.C.)","03-3541780","IR@yichungt.com","http://www.yichungt.com","－","－","－","－","http://www.yichungt.com","－"
"6915","美強光學股份有限公司","美強光","電子零組件業","－","新竹縣湖口鄉中華路13-1號","	27935968","高志誠","葉柏良","葉柏良","總經理","唐榮昆","03-5984820","2006/03/13","2022/11/03",新台幣                 10.0000元,353000000,35300000,0,0,個別,每年,董事會,"元大證券股份有限公司","(02)2586-5859","臺北市大安區敦化南路2段67號地下一樓","勤業眾信聯合會計師事務所","楊承修","張嘉銘","IGIANT OPTICS","No. 13-1, Zhonghua Rd., Hukou TownshipHsinchu County, Taiwan (R.O.C.)","03-5984923","ir@igiantopt.com","www.igiantopt.com","－","－","－","－","www.igiantopt.com/investor-01","－"
"6917","竟天生物科技股份有限公司","竟天","生技醫療業","－","新竹縣竹北市生醫路2段22號6樓","	29046271","王藹君","王藹君","倪淑敏","行政管理處長","王藹君","03-6581866","2008/07/21","2023/01/12",新台幣                 10.0000元,552720000,55272000,0,0,合併,每年,董事會,"永豐金證券股份有限公司","02-23816288","台北市中正區博愛路17號3樓","資誠聯合會計師事務所","鄧聖偉","劉倩瑜","Andros","6F.,No22,Sec.2,Sheng Yi Rd.,Zhubei City, Hsinchu County, Taiwan","03-6581966","IR@andros.com.tw","http://www.androspharma.com","－","－","－","－","http://www.androspharma.com","－"
"6920","恆勁科技股份有限公司","恆勁科技","半導體業","－","新竹縣湖口鄉新興路458-17號","	54350720","莊遠平","莊遠平","許詩濱","營運長","陳怡如","(03)598-5778","2013/08/14","2023/01/10",新台幣                 10.0000元,2072190190,207219019,0,0,個別,每年,董事會,"福邦證券股份有限公司股務代理部","(02)2371-1658","台北市中正區忠孝西路一段6號6樓","資誠聯合會計師事務所","謝智政","江采燕","PPt","No. 458-17,Xinxing Rd.,Hukou Township,Hsinchu County 30353,Taiwan, R.O.C.","(03)598-5559","ir.info@ppt.com.tw","http://www.ppt.com.tw","－","－","－","－","http://www.ppt.com.tw","－"
"6926","聖安生醫股份有限公司","聖安生醫","生技醫療業","－","臺中市西區臺灣大道二段573號10樓","	90841519","黃秋錦","江宏哲","江宏哲","總經理","陳韻如","04-23272888","2021/04/06","2022/11/25",新台幣                 10.0000元,498000000,49800000,0,0,個別,每年,董事會,"元富證券股份有限公司股務代理部","02-27686668","台北市松山區光復北路11巷35號地下一樓","安永聯合會計師事務所","陳明宏","羅文振","Shine-On Bio","10 F., No. 573, Sec. 2, Taiwan Blvd., West Dist.,Taichung City 403020 , Taiwan (R.O.C.)","04-23272666","service@shineon-bio.com","https://www.shineon-bio.com","－","－","－","－","https://www.shineon-bio.com","－"
"6927","聯合聚晶股份有限公司","聯合聚晶","半導體業","－","台北市內湖區瑞光路188巷51號3樓","	70443794","陳俊賢","蘇群能","待委任","待委任","蘇群能","02-7712-0204","1999/10/13","2023/05/26",新台幣                 10.0000元,383289250,38328925,13291402,0,合併,每年,董事會,"凱基證券股務代理部","02-2389-2999","台北市中正區重慶南路一段2號5樓","勤業眾信聯合會計師事務所","尤志峰","邱政俊","IST","3F., No. 51, Ln. 188, Ruiguang Rd., Neihu Dist.Taipei,Taiwan,R.O.C","02-7712-0804","spokesperson@ist4u.com","https://www.ist4u.com","－","－","－","－","https://www.ist4u.com/web/investors/investors.jsp?dm_id=DM1641872830885","－"
"6932","水星生醫股份有限公司","水星生醫*","生技醫療業","－","新北市中和區板南路653號15樓","	82959747","林玉龍","梁耀仁","林玉龍","董事長","吳永勛","02-8221-2020","2019/07/16","2022/12/23",新台幣                  0.2500元,106228147,424912590,0,0,合併,每年,股東會,"康和綜合證券股份有限公司","02-8787-1118","台北市信義區基隆路一段176號B1","資誠聯合會計師事務所","顏裕芳","鄧聖偉","Merdury","15F.,No. 653-1, Bannan Rd., Zhonghe Dist.New Taipei City, Taiwan","02-2221-5252","IR@merdury.com","https://merdury.com","－","－","－","－","https://www.merdury.com/article-investorzone.html","－"
"6935","王子製藥股份有限公司","王子製藥","食品工業","－","雲林縣虎尾鎮墾地里科雲南路168號","	35048803","李&#21843;達","余昌憲","余昌憲","總經理","陳翠微","05-632-6910","1962/07/31","2023/03/29",新台幣                 10.0000元,374100000,37410000,0,0,個別,每年,董事會,"中國信託商業銀行代理部","02-6636-5566","台北市中正區重慶南路一段83號3樓","安侯建業聯合會計師事務所","許淑敏","陳宜君","PRINCE PHARM","No. 168 Keyun S. Rd., Huwei TownshipYunlin County 632, Taiwan(R.O.C.)","05-632-0568","spokesman@prince-pharm.com.tw","https://www.prince-pharm.com.tw","－","－","－","－","https://www.prince-pharm.com.tw","https://www.prince-pharm.com.tw/zh-tw/investor04"
"6938","藍新資訊股份有限公司","藍新資訊","資訊服務業","－","台北市內湖區行忠路42號2樓","	24540267","郭廷群","楊璦如","楊璦如","總經理","郭廷群","(02)2795-6660","2014/04/23","2024/01/23",新台幣                 10.0000元,125650000,12565000,0,0,個別,每年,董事會,"國票綜合證券股務代理部","(02)2528-8988","台北市松山區南京東路五段188號15樓","勤業眾信聯合會計師事務所","黃國寧","林淑婉","Newebinfo","2F., No. 42, Xingzhong Rd., Neihu Dist.Taipei City , Taiwan (R.O.C.)","(02)2795-5510","ir.info@newebinfo.com.tw","http://www.newebinfo.com.tw","－","－","－","－","?L","－"
"6939","啟弘生物科技股份有限公司","啟弘生技","生技醫療業","－","新北市汐止區康寧街169巷103號3樓","	52209120","阮大同","阮大同","廖秋坤","財務長","阮大同","(02) 26947888","2016/05/10","2023/05/15",新台幣                 10.0000元,353991610,35399161,0,0,合併,每年,股東會,"福邦證券股份有限公司","(02)2383-6888","台北市中正區忠孝西路一段6號6樓","資誠聯合會計師事務所","楊蕙慈","游淑芬","TFBS","3F, NO.103, Lane 169, Kang-ning Street, Xizhi Dist.,New Taipei City, Taiwan","(02) 26947868","service@tfbsbio.com","https://www.tfbsbio.com/","－","－","－","－","https://www.tfbsbio.com/","－"
"6940","格斯科技股份有限公司","格斯科技*","電子零組件業","－","桃園市中壢區東園路79號","	24837296","張忠傑","張忠傑","許志帆","董事長特助兼策略長","陳立偉","(03)451-2688","2015/02/11","2023/05/12",新台幣                  2.5000元,749202375,299680950,0,0,個別,每年,董事會,"中國信託商業銀行代理部","(02)6636-5566","台北市中正區重慶南路一段83號5樓","立本台灣聯合會計師事務所","鄧欣珊","張宜鈞","GUS TECH","No. 79, Dongyuan Rd., Zhongli Dist.,Taoyuan City 320023, Taiwan (R.O.C.)","(03)451-2568","ir@gus-tech.com.tw","https://gustech.com","－","－","－","－","?L","－"
"6945","圓祥生技股份有限公司","圓祥生技","生技醫療業","－","台北市南港區忠孝東路七段508號11樓之2","	54326052","陳志全","何正宏","何正宏","總經理","游忠哲","02-26532886","2013/05/27","2023/07/14",新台幣                 10.0000元,855734100,85573410,0,0,合併,每年,董事會,"元富證券股份有限公司","02-27686668","台北市松山區光復北路11巷35號B1","資誠聯合會計師事務所","顏裕芳","鄧聖偉","APBio","11F-2，No508，Sec7，Zhongxao E RdTaipei, Taiwan","02-26532893","service@apbioinc.com","www.apbioinc.com","－","－","－","－","www.apbioinc.com","－"
"6946","三地能源股份有限公司","三地能源","綠能環保","－","高雄市苓雅區中正二路175號15樓之3","	80716230","鍾炳利","鍾炳利","鍾炳利","董事長","吳志偉","(07)225-1500","2004/03/03","2024/10/07",新台幣                 10.0000元,3238000000,323800000,0,0,合併,每年,董事會,"兆豐證券股份有限公司股務代理部","(02)3393-0898","台北市忠孝東路二段95號1樓","安侯建業聯合會計師事務所","余聖河","蔡孟娟","SANTI ENERGY","15F.-3, No. 175, Zhongzheng 2nd Rd., Lingya Dist.,Kaohsiung City, Taiwan (R.O.C.)","(07)225-8903","service@santienergy.com","https://www.santienergy.com","－","－","－","－","https://www.santienergy.com","https://www.santienergy.com/???q?v?z±M°?/"
"6947","台鎔科技材料股份有限公司","台鎔科技","綠能環保","－","桃園市觀音區環科路216號","	53831525","陳麗麗","張德鈞","張德鈞","總經理","林學堅","03-4736611","2012/04/12","2023/07/21",新台幣                 10.0000元,943333340,94333334,0,0,合併,每年,股東會,"永豐金證券股份有限公司","02-2381-6288","台北市博愛路17號3樓","安永聯合會計師事務所","林政緯","陳國帥","Techzone","No. 216, Huanke Rd., Guanyin Dist.Taoyuan City 32841 , Taiwan (R.O.C.)","03-4736301","invest@tech-zone.com.tw","www.tech-zone.com.tw","－","－","－","－","www.tech-zone.com.tw","－"
"6959","兆捷科技國際股份有限公司","兆捷科技","化學工業","－","新竹科學園區苗栗縣銅鑼鄉九湖村銅科九路4號","	55878637","高&#21843;全","顧大成","陳天行","副總經理","蔡淑渟","(037)983458","2016/08/29","2023/07/13",新台幣                 10.0000元,391674000,39167400,0,0,合併,每年,股東會,"富邦綜合證券(股)公司股務代理部","(02)23611300","台北市中正區許昌街17號11樓","安侯建業聯合會計師事務所","余聖河","羅瑞芝","iemc","NO.4 TONGKE 9TH RD.,TONGLUO SCIENCE PARK,MIAOLI COUNTY 366003,TAIWAN (ROC)R.O.C","(037)983438","iemc@iemtw.com","https://www.iemc.co/tw","－","－","－","－","https://www.iemc.co/tw","－"
"6963","品元實業股份有限公司","品元","食品工業","－","新北市淡水區中正東路2段27之8號28樓","	80657892","曾仁佑","曾仁佑","劉佩儀","副總經理","曾瓊瑩","02-2808-3280","2003/12/26","2023/06/28",新台幣                 10.0000元,159719660,15971966,0,0,合併,每年,董事會,"群益金鼎證券(股)公司股務代理部","02-2702-3999","台北市敦化南路二段97號B2","資誠聯合會計師事務所","林柏全","謝瑋莉","Texture Maker","28F., No. 27-8, Sec. 2, Zhongzheng E. Rd., Tamsui Dist.New Taipei City, Taiwan (R.O.C)","02-2809-0900","IR@texturemaker.net","https://www.texturemaker.com.tw/","－","－","－","－","https://www.texturemaker.com.tw/","－"
"6972","博瑞達應用材料股份有限公司","博瑞達應材","化學工業","－","臺北市南港區南港路3段9之1號10樓","	12936216","林佳璋","Gordon Christopher Bell","魏英傑","資深副總","許雅婷","(02)27955338","2001/08/07","2024/11/29",新台幣                 10.0000元,229346860,22934686,0,0,合併,每年,董事會,"中國信託商業銀行代理部","(02)6636-5566","臺北市中正區重慶南路一段83號5樓","安侯建業聯合會計師事務所","江家齊","張純怡","PROTRADE","10 F., No. 9-1, Sec. 3, Nangang Rd., Nangang Dist.Taipei City 11494, Taiwan (R.O.C)","(02)27927783","paminfo@protrade.org","http://www.protrade.org/zh_tw/","－","－","－","－","?L","12936216"
"6973","永立榮生醫股份有限公司","永立榮","生技醫療業","－","新竹科學園區新竹縣竹北市生醫路2段150號2樓之1","	54867417","簡奉任","黃效民","黃效民","總經理/技術長","簡奉任","02-2697-5599","2015/09/04","2023/07/20",新台幣                 10.0000元,395500000,39550000,0,0,合併,每年,股東會,"永豐金證券股份有限公司","(02)2381-6288","台北市中正區博愛路17號3樓","資誠聯合會計師事務所","馮敏娟","阮呂曼玉","U-Neuron","2 F-1, No. 150, Sec. 2, Shengyi RdZhubei City, Hsinchu County ,Taiwan","2697-1389","service@u-neuron.com","https://www.u-neuron.com/","－","－","－","－","https://www.u-neuron.com/","－"
"6976","英屬開曼群島商育世博(股)公司","育世博-KY","生技醫療業","KY","PO BOX309,Ugland House,Grand Cayman, KY1-1104,Cayman Island","	82983710","蕭世嘉","蕭世嘉","賴彥達","執行營運總監","周家瑋","02-2697-6100","2017/02/15","2023/08/08",新台幣                 10.0000元,5822163070,582216307,0,0,合併,每年,董事會,"台新綜合證券股務代理部","02-2504-8125","臺北市中山區建國北路一段 96 號 B1","資誠聯合會計師事務所","鄧聖偉","梁嬋女","Acepodia","12F. No.508, Sec.7 Zhongxiao E. Rd., Nangang Dist.,Taipei,Taiwan","02-2697-6102","ir@acepodiabio.com","https://www.acepodia.com","－","－","－","－","https://www.acepodia.com","－"
"6977","聯純科技股份有限公司","聯純","綠能環保","－","台中市西屯區工業區十二路9號1樓","	16364857","許銘喬","許銘喬","許銘喬","總經理","汪顏秀","04-23503937","1998/01/13","2023/09/25",新台幣                 10.0000元,140000000,14000000,0,0,合併,每年,董事會,"國票綜合證券","02-25288988","台北市南京東路5段188號15樓","安永聯合會計師事務所","林政緯","鄭清標","UPT","9,Road.12,Taichung lndustrial District,Taichung,Taiwan,R.O.C.","04-23500023","ir@upt.com.tw","http://www.upt.com.tw/","－","－","－","－","http://www.upt.com.tw/","－"
"6979","勝釩科技股份有限公司","勝釩","光電業","－","高雄市仁武區高楠公路30號","	53078272","黃閔晨","黃閔晨","吳玲君","公司治理主管","黃奇男","07-3420171","2010/07/26","2024/05/27",新台幣                 10.0000元,120000000,12000000,0,0,合併,每年,董事會,"華南永昌股務代理部","(02)2718-6425","台北市民生東路四段54號4樓","安侯建業聯合會計師事務所","陳永祥","蘇彥達","vft","No.30,Gaonan Road,Renwu Dist. Kaohsiung City 814, Taiwan","07-3420871","mct.co.ltd@vft.com.tw","http://www.vft.com.tw","－","－","－","－","https://www.vft.com.tw/tw/company_03.php","https://www.vft.com.tw/tw/company_02.php"
"6980","鐳洋科技股份有限公司","鐳洋科技","通信網路業","－","新北市汐止區新台五路一段75號20樓之3","	54833711","王奕翔","王奕翔","胡文修","財務長","待補","02-8698-1068","2015/04/17","2023/08/10",新台幣                 10.0000元,300000000,30000000,0,0,合併,每年,董事會,"凱基證券股份有限公司股務代理部","02-2389-2999","台北市中正區重慶南路一段二號五樓","勤業眾信聯合會計師事務所","胡家熀","莊碧玉","RPTK","20F.-4, No. 75, Sec. 1, Xintai 5th Rd., Xizhi Dist.New Taipei City, Taiwan","02-8698-1020","IR@rapidtek.net","https://www.rapidtek.net/tw","－","－","－","－","https://www.rapidtek.net/tw/about/18","－"
"6983","華洋精機股份有限公司","華洋精機","其他電子業","－","台南市新化區中正路686巷56號","	54063852","邱見泰","蕭賢德","蕭賢德","總經理","賴家溱","(06)2532626","2012/10/09","2023/11/09",新台幣                 10.0000元,159000000,15900000,0,0,個別,每年,董事會,"福邦證券股份有限公司","(02)2371-1658","台北市中正區忠孝西路一段6號6樓","資誠聯合會計師事務所","林永智","徐惠榆","HYP","No. 56, Lane 686, Zhongzheng Road, Xinhua DistrictTainan City, Taiwan R.O.C","(06)2438417","invest@hua-yang.com.tw","https://www.hua-yang.com.tw","－","－","－","－","https://www.hua-yang.com.tw","－"
"6984","交流資服股份有限公司","ACpay","數位雲端","－","臺北市內湖區安康路20號4樓之7","	83711478","陳彥甫","許文謙","李常裕","營運長","彭宗建","02-25078851","2020/07/13","2023/10/20",新台幣                 10.0000元,192393730,19239373,0,0,合併,每年,股東會,"元富證券股份有限公司股務代理部","02-27686668","臺北市松山區光復北路11巷35號地下一樓","勤業眾信聯合會計師事務所","李冠豪","錢奕圻","ACpay","4F.-7, No. 20, Ankang Rd., Neihu Dist.,Taipei City 114044 , Taiwan (R.O.C.)","02-25082902","acsec@acpay.com.tw","http://www.acpay.com.tw","－","－","－","－","?L","－"
"6986","和迅生命科學股份有限公司","和迅","生技醫療業","－","桃園市桃園區春日路1490號6樓","	50924393","黃濟鴻","黃濟鴻","黃濟鴻","董事長","藍御慎","03-3175088","2019/06/12","2023/09/07",新台幣                 10.0000元,460000000,46000000,0,0,個別,每年,股東會,"中國信託商業銀行股務代理部","02 6636-5566","台北市中正區重慶南路一段83號5樓","安侯建業聯合會計師事務所","陳蓓琪","許明芳","HEXUN","6 F., No. 1490, Chunri Rd.,  Taoyuan Dist.Taoyuan City 33022, Taiwan (R.O.C.)","03-3175089","ir@hexunbio.com","https://www.hexunbio.com/","－","－","－","－","https://hexunbio.com/investorrelations/","－"
"6987","寶晶能源股份有限公司","寶晶能源*","綠能環保","－","台北市內湖區行善路463號8樓","	50791838","蔡佳&#26187;","蔡佳&#26187;","賴明宗","副總經理","許秉文","(02)2796-1122","2018/07/10","2024/08/26",無面額,3759208875,223212500,0,0,合併,每年,董事會,"凱基證券股份有限公司股務代理部","(02)2389-2999","台北市重慶南路一段2號5樓","安侯建業聯合會計師事務所","陳明輝","寇惠植","Ina Energy","8 F., No. 463, Xingshan Rd., Neihu Dist.Taipei City, Taiwan","(02)8791-9989","IR@inaenergy.com.tw","https://www.inaenergy.com.tw","－","－","－","－","https://www.inaenergy.com.tw","－"
"6990","華鉬實業股份有限公司","華鉬","綠能環保","－","彰化縣鹿港鎮工業西一路19號","	16803770","王大介","王大介","王大介","總經理","林俊湧","(04)7811937","1999/05/14","2023/09/08",新台幣                 10.0000元,630827500,63082750,0,0,合併,每年,董事會,"永豐金證券(股)公司股務代理部","(02)23816288","台北市中正區博愛路17號3樓","資誠聯合會計師事務所","吳松源","徐建業","PMIC","No. 19, Gongye W. 1st Rd., Lukang Township.Changhua County 50544, Taiwan.(R.O.C.)","(04)7811563","spokeperson@plummonix.com","https://www.plummonix.com/zh-tw","－","－","－","－","https://www.plummonix.com/zh-tw/page-categories/tou-zi-ren-zhuan-qu","https://www.plummonix.com/zh-tw/page-categories/gong-si-zhi-li"
"6995","野獸國股份有限公司","野獸國","其他","－","新北市板橋區三民路一段210號12樓","	29133182","楊詠喨","楊詠喨","楊傑麟","財務長","陳琇蓮","02-8953-2388","2010/01/20","2025/01/21",新台幣                 10.0000元,243311320,25331132,0,0,合併,每年,股東會,"群益金鼎證券(股)公司股務代理部","02-2702-3999","台北市大安區敦化南路二段97號地下2樓","勤業眾信聯合會計師事務所","蔡宗遠","池瑞全","BK","12F., No.210, Sec. 1, Sanmin Rd., Banqiao Dist.,New Taipei City 220340, Taiwan (R.O.C.)","02-8953-6355","investors@beast-kingdom.com.tw","https://beast-kingdom.com","－","－","－","－","https://beast-kingdom.com","－"
"6999","瀚醫生技股份有限公司","瀚醫生技","生技醫療業","－","新北市汐止區新台五路一段99號15樓之11","	24465838","陳昌慧","陳昌慧","陳昌慧","總經理","劉清雄","(02)26971328","2009/09/22","2024/07/31",新台幣                 10.0000元,220150790,22015079,0,0,合併,每年,董事會,"兆豐證券股份有限公司股務代理部","(02)33930898","台北市忠孝東路二段95號1樓","資誠聯合會計師事務所","林永智","廖福銘","Han Biomedical","15F-11, No.99, Sec.1, Xintai 5th Rd.,Xizhi Dist., New Taipei City, Taiwan","(02)26971269","speaker@hanbiomedical.com","https://www.hanbiomedical.com/","－","－","－","－","https://www.hanbiomedical.com/","－"
"7419","達勝科技股份有限公司","達勝","電子零組件業","－","桃園市平鎮區工業二路2-6號","	27449349","孫德崢","孫德崢","魏宛筠","財務部協理","蔡雅芬","03-4195560","2004/09/21","2019/09/25",新台幣                 10.0000元,400000000,40000000,0,0,個別,每年,董事會,"中國信託商業銀行代理部","0266365566","台北市中正區重慶南路一段83號5樓","資誠聯合會計師事務所","李燕娜","鄭雅慧","MTC","No.2-6, Gongye 2nd Rd., Pingjhen Dist, Taoyuan Cisty 324, Taiwan(R.O.C)Taoyuan City 324 Taiwan(R.O.C.)","03-4192610","IR@mortech.com.tw","http://www.mortech.com.tw","－","－","－","－","http://www.mortech.com.tw","－"
"7427","華上生技醫藥股份有限公司","華上生醫","生技醫療業","－","台北市南港區忠孝東路7段508號16樓之5","	54179426","陳嘉南","陳嘉南","趙月秀","資深副總經理","吳宜樺","02-27851399","2013/04/03","2021/07/08",新台幣                 10.0000元,437062350,43706235,0,0,個別,每年,股東會,"元富證券股份有限公司股務代理","02-27686668","臺北市光復北路11巷35號B1樓","安永聯合會計師事務所","林世寰","張巧穎","GNTbm","16F.-5, No. 508, Sec. 7, Zhongxiao E. Rd., Nangang Dist.,Taipei City , Taiwan (R.O.C.)","02-27851677","info@gntbm.com.tw","http://www.gntbm.com.tw","－","－","－","－","http://www.gntbm.com.tw/tw/about3.html","－"
"7443","凡事康流體科技股份有限公司","凡事康","其他","－","屏東市前進里經建路21號","	70401437","賴炎村","賴炎村","賴炎村","總經理","李俊穎","08-7558557","2000/05/19","2016/02/15",新台幣                 10.0000元,220000000,22000000,0,0,合併,每年,股東會,"台新證券股務代理部","02-25048125","台北市建國北路一段96號地下一樓","勤業眾信聯合會計師事務所","張慈媛","王騰葦","FLUXTEK","NO21, Jingjian Road.Pingtung City, 900, Taiwan,R.O.C.","08-7537100","7443@fluxtek.com","http://www.fluxtek.com","－","－","－","－","http://www.fluxtek.com/investment/index.php","－"
"7455","樺緯物聯股份有限公司","樺緯物聯","電腦及週邊設備業","－","新北市汐止區新台五路一段81號16樓之1","	80503525","朱復銓","陳信宇","葉佳雯","財務資深經理","莊書凡","02-86984245","2003/07/31","2025/01/10",新台幣                 10.0000元,255000000,25500000,0,0,個別,每年,股東會,"台新綜合證券股份有限公司","(02)2504-8125","台北市中山區建國北路一段96號B1","安永聯合會計師事務所","羅筱靖","陳國帥","DEXATEK","16F-1,NO.81 Sec.1, Xintai 5th Rd., Xizhi Dist.New Taipei City ,Taiwan","02-86984108","ir7455@dexatek.com","https://www.dexatek.com/","－","－","－","－","https://www.dexatek.com/","－"
"7507","環拓科技股份有限公司","環拓科技","綠能環保","－","屏東縣枋寮鄉東海村永翔路25號","	27695279","袁連惟","吳俊耀","林煥騰","副總經理","袁梓鈞","08-8663546","2005/10/26","2020/03/20",新台幣                 10.0000元,1020999740,102099974,0,0,合併,每年,股東會,"台新證券股務代理部","(02)2504-8125","台北市建國北路一段96號B1","安侯建業聯合會計師事務所","高鈺倫","陳永祥","ENRESTEC INC.","NO.25,YONGXIANG RD;FANGLIAO TOWNSHIP,PINGTUNG COUNTY 940,TAIWAN(ROC)TAIWAN(ROC)","08-8664911","info@enrestec.com.tw","www.enrestec.com.tw","－","－","－","－","www.enrestec.com.tw","－"
"7516","清淨海生技股份有限公司","清淨海","其他","－","桃園市平鎮區關爺東路43號","	28646868","羅允俊","羅允俊","翁雅萍","協理","魏郁芬","(03)468-8698","2007/04/18","2018/12/24",新台幣                 10.0000元,193089280,19308928,0,0,合併,每年,股東會,"兆豐證券股份有限公司股務代理部","(02)3393-0898","台北市忠孝東路二段95號1樓","安侯建業聯合會計師事務所","高鈺倫","張淑瑩","Sea Mild","No.43 Guanye E. Rd.,Pingzhen Dist., Taoyuan City 324, Taiwan","(03)468-6746","investment@seamild.com.tw","www.seamild.com.tw","－","－","－","－","www.seamild.com.tw","－"
"7530","鋒魁科技股份有限公司","鋒魁科技","半導體業","－","苗栗縣竹南鎮廣源科學園區友義路232號","	28772230","張育銓","林千惠","林千惠","總經理","蕭宇傑","(037)586993","2007/08/07","2021/11/24",新台幣                 10.0000元,365000000,36500000,0,0,合併,每年,董事會,"中國信託銀行代理部","0266365566","100台北市中正區重慶南路一段83號5樓","資誠聯合會計師事務所","白淑蒨","江采燕","Forward Tek.","No.232, Youyi Rd. Zhunan TownshipMiaoli County, Taiwan","(037)585987","7530@forward-tek.com.tw","www.forward-tek.com.tw","－","－","－","－","www.forward-tek.com.tw","－"
"7551","知識科技股份有限公司","知識科技","數位雲端","－","台南市中西區青年路137巷16號","	27880210","任正偉","任正偉","任正偉","總經理","沈珮君","06-2283100","2005/08/29","2019/12/12",新台幣                 10.0000元,121000000,12100000,0,0,個別,每年,股東會,"永豐金證券股份有限公司","02-23816288","台北市中正區博愛路17號3樓","安永聯合會計師事務所","洪國森","黃子評","FLASHAIM","No.16, Ln. 137, Qingnian Rd., West Central Dist.Tainan City 700, Taiwan","06-2268214","snare@flashaim.com","www.flashaim.com","－","－","－","－","www.flashaim.com","－"
"7558","群利科技股份有限公司","群利科技","其他","－","台北市內湖區洲子街75號7樓","	24467961","王聖(敏心)","王聖(敏心)","王聖(敏心)","總經理","洪婕恩","02-26579888","2009/10/01","2021/05/03",新台幣                 10.0000元,186207570,18620757,0,0,個別,每年,股東會,"元大證券股份有限公司","02-25865859","臺北市大安區敦化南路2段67號地下一樓","安永聯合會計師事務所","劉榮進","謝勝安","BRYTON","No. 75-7, Zhouzi St., Neihu Dist., Taipei City 114680, Taiwan (R.O.C.)Taipei city","02-26271295","ir@brytonsport.com","http://www.brytonsport.com","－","－","－","－","-","－"
"7561","光晟生物科技股份有限公司","光晟生技","生技醫療業","－","南部科學園區台南市善化區大利二路1號","	27219254","許庭源","呂春美","周俊宏","財務長","許庭源","06-5052755","2005/03/02","2020/07/06",新台幣                 10.0000元,300852620,30085262,673,0,合併,每年,股東會,"台新證券股務代理部","02-25048125","台北市中山區建國北路一段96號B1","安永聯合會計師事務所","陳政初","洪國森","Bioray Biotech","No. 1, Dali 2nd Rd.,Shanhua Dist.,Tainan City 74144, Taiwan","06-5053130","steven@bio-ray.com.tw","http://www.bio-ray.com.tw","－","－","－","－","http://www.bio-ray.com.tw","－"
"7562","博來科技股份有限公司","博來科技","電腦及週邊設備業","－","新北市中和區立德街77號3樓","	23744186","蔣永慶","蔣永慶","陳光旭","研發副總經理","周美娟","02-2228-1055","1990/05/15","2023/08/30",新台幣                 10.0000元,225335400,22533540,0,0,合併,每年,股東會,"華南永昌綜合證券股份有限公司","02-2718-6425","10574 台北市松山區民生東路四段54號4樓","勤業眾信聯合會計師事務所","李麗凰","蔡宗遠","LEX","3F., No.77, Lide St.,Zhonghe Dist., New Taipei City, Taiwan","02-2228-1056","IR@lex.com.tw","https://www.lex.com.tw/","－","－","－","－","https://www.lex.com.tw/","－"
"7566","亞果遊艇開發股份有限公司","亞果遊艇","觀光餐旅","－","台南市安平區國平里新港路二段777號","	54636681","侯佑霖","王昱茗","王昱茗","總經理","邱旭鴻","06-2983699","2014/07/16","2020/07/01",新台幣                 10.0000元,1397726470,139772647,21000000,0,合併,每年,董事會,"統一綜合證券股份有限公司","02-27463797","台北市松山區東興路8號地下一樓","國富浩華聯合會計師事務所","邱繼盛","鄭翔宇","AYDC","No. 777, Sec. 2, Xingang Rd., Anping Dist.,Tainan City 708, Taiwan (R.O.C.)","06-2982905","chihonchiu@argoyc.com","https://www.argoyc.com/","－","－","－","－","http://www.argoyc.com","－"
"7575","安美得生醫股份有限公司","安美得","生技醫療業","－","新北市五股區五權七路14號之一","	29045104","王耀乾","王耀乾","陳致祥","執行長特助","缺額待補","02-22981755","2008/07/15","2022/06/24",新台幣                 10.0000元,300000000,30000000,0,0,個別,每年,股東會,"第一金證券股份有限公司","02-25635711","台北市大安區安和路一段27號6樓","安永聯合會計師事務所","陳智忠","余倩如","Amed","No.14-1 Wuquan 7th Rd.Wugu Dist, New Taipei City 24890, Taiwan","02-22982150","ad@amed.com.tw","http://www.amed.com.tw","－","－","－","－","http://www.amed.com.tw","－"
"7578","利百景股份有限公司","利百景","其他","－","台南市柳營區工一路28號","	24527031","鍾政祐","鍾政祐","鍾政祐","董事長","楊淑芬","06-6235353","2010/11/01","2022/06/01",新台幣                 10.0000元,600733710,60073371,0,0,合併,每半會計年度,股東會,"富邦綜合證券股份有限公司","(02)2361-1300","台北市中正區許昌街17號11樓","勤業眾信聯合會計師事務所","楊朝欽","廖鴻儒","Revivegen","No. 28, Gong 1st Rd., Liuying Dist., Tainan CityTAINAN CITY TAIWAN,ROC","06-6233535","revivegen@revivegen.com.tw","www.revivegen.com.tw","－","－","－","－","www.revivegen.com.tw","－"
"7583","國際海洋股份有限公司","國際海洋","綠能環保","－","台北市松山區南京東路五段89號9樓","	54503373","蔡明格","蔡明格","王奕仁","營運長","魏妤珍","02-2222-8936","2013/07/04","2023/09/26",新台幣                 10.0000元,245748120,24574812,0,0,合併,每年,股東會,"凱基證券股份有限公司","(02)23892999","台北市重慶南路一段2號5樓","勤業眾信聯合會計師事務所","陳昭宇","吳鈞麟","IOG","9F, No. 89, Sec. 5, Nanjing E. Rd.,Songshan Dist., Taipei City, Taiwan","02-2222-9036","info@iovtec.com.tw","https://www.iog-tw.com/","－","－","－","－","https://www.iog-tw.com/","－"
"7590","怡和國際股份有限公司","怡和國際","其他","－","高雄市新興區中正三路55號26樓-2","	24455135","朱文煌","邱振庭","邱振庭","總經理","李錕宥","07-2255365","2009/08/13","2022/03/02",新台幣                 10.0000元,1223792640,122379264,0,0,合併,每年,股東會,"台新證券股務代理部","02-25048125","台北市建國北路一段96號B1","安永聯合會計師事務所","李芳文","陳政初","Yiho Int'l","26F.-2, No. 55, Zhongzheng 3rd Rd. Xinxing Dist.,Kaohsiung City , Taiwan","07-2255500","IR@yihoinc.com.tw","http://www.yihoinc.com.tw/","－","－","－","－","http://www.yihoinc.com.tw/invment01.html","－"
"7595","世基生物醫學股份有限公司","世基生醫","生技醫療業","－","台北市內湖區舊宗路2段171巷17號4樓","	27953682","蔡詩辰","徐英洲","陳冠志","公關長","羅苡珊","(02)2798-5885","2005/09/28","2020/12/22",新台幣                 10.0000元,504650000,50465000,0,0,合併,每年,董事會,"統一綜合證券股份有限公司","(02)2746-3797","台北市松山區東興路8號地下1樓","安侯建業聯合會計師事務所","池世欽","黃欣婷","Pharmigene","4F., No. 17, Ln. 171, Sec. 2, Jiuzong Rd., Neihu Dist.Taipei City 11494, Taiwan(R.O.C)","(02)2627-5069","service@pharmigene.com","www.pharmigene.com.tw","－","－","－","－","0","－"
"7607","通用幹細胞股份有限公司","通用幹細胞*","生技醫療業","－","臺中市太平區太平21街10巷18號","	42893208","蘇鴻麟","蘇鴻麟","陳郁晴","會計主管","謝佳穎","04-22766193","2018/03/22","2023/05/25",無面額,256972143,35553000,5000000,0,個別,每年,股東會,"中國信託商業銀行 代理部","02-6636-5566","台北市重慶南路一段83號5樓","安永聯合會計師事務所","陳明宏","羅文振","DuoGenic","No.18, Ln. 10, Taiping 21st St., Taiping Dist.,Taichung City 411021, Taiwan","04-22859212","info@duogenicsc.com","https://www.dgsc.com.tw/","－","－","－","－","https://www.dgsc.com.tw/","－"
"7669","碩正科技股份有限公司","碩正科技","半導體業","－","桃園市蘆竹區南工路72號","	28660220","楊允斌","楊允斌","徐世宗","財務經理","楊裕隆","(03)222-9398","2007/05/07","2025/11/27",新台幣                 10.0000元,220000000,22000000,0,0,個別,每年,董事會,"華南永昌綜合證券股務代理部","(02)2718-6425","臺北市松山區民生東路4段54號4樓","資誠聯合會計師事務所","林冠宏","陳憲正","Suregiant","No. 72, Nangong Rd., Luzhu Dist.,Taoyuan City , Taiwan(R.O.C)","(03)222-9397","stevenlika@suregiant.com.tw","https://sites.google.com/view/suregiant","－","－","－","－","https://sites.google.com/view/suregiant","https://sites.google.com/view/suregiant"
"7689","大鵬科技股份有限公司","大鵬科CLMX","通信網路業","－","台北市內湖區新湖二路258號","	21245121","張再發","張再發","黃羨淇","業務經理","陸秀芳","02-27940001","1984/12/06","2025/10/03",新台幣                 10.0000元,526886500,52688650,0,0,合併,每年,股東會,"富邦綜合證券(股)股務代理部","02-23611300","台北市中正區許昌街17號11樓","安永聯合會計師事務所","林素雯會計師","張巧穎會計師","CLIMAX","NO.258, Xinhu 2nd Rd. Neihu District.Taipei City, 114, Taiwan","02-27926618","ir@climax.com.tw","https://www.climax.com.tw/","－","－","－","－","https://www.climax.com.tw/","https://www.climax.com.tw/"
"7702","前端離岸風電設備製造（股）公司","前端風電","綠能環保","－","新北市三重區重新路四段97號17樓","	25066268","粟明德","黃俊傑","黃俊傑","總經理","黃致源","02-2970-1281","2009/11/10","2023/10/17",新台幣                 10.0000元,660000000,66000000,0,0,個別,每年,董事會,"統一綜合證券(股)公司股務代理部","02-2746-3797","台北市東興路八號地下一樓","勤業眾信聯合會計師事務所","褚世蘭","虞成全","APEXWP","17F., No. 97, Sec. 4, Chongxin Rd.,Sanchong Dist., New Taipei City Taiwan","02-2975-5529","apextw@apexwp.com.tw","www.apexwp.com.tw","－","－","－","－","https://www.apexwp.com.tw/zh_tw/investor/governance","－"
"7706","宏碁創達股份有限公司","宏碁創達","其他","－","新竹縣竹北市環科一路33號6樓之2","	83561392","林弘道","陳惠雯","陳惠雯","總經理","張素娟","03-6567588","2019/11/20","2023/12/25",新台幣                 10.0000元,100000000,10000000,0,0,合併,每年,股東會,"台新證券股份有限公司股務代理部","02-25048125","台北市中山區建國北路一段96號B1","勤業眾信聯合會計師事務所","王浚宇","陳建瑋","ASM","6F.-2, No.33, Huanke 1st Rd., Zhubei CityHsinchu County 302047, Taiwan (R.O.C.)","03-6682517","IR.ASM@acer-asm.com","https://www.acer-asm.com/","－","－","－","－","https://www.acer-asm.com/GQjzEQVyY6gL_dvaa/#","－"
"7707","益芯科技股份有限公司","益芯科","半導體業","－","新竹科學園區園區二路42號2樓","	12933631","陳仲羲","鄭榮文","林政賢","資深協理","謝盈盈","(03)563-4866","2001/07/26","2023/12/05",新台幣                 10.0000元,457000000,45700000,0,0,合併,每年,董事會,"福邦證券股份有限公司股務代理部","02-23711658","台北市中正區忠孝西路一段6號6樓","資誠聯合會計師事務所","江采燕","謝智政","CMSC","2F., No.42, Park Avenue II., Science ParkHsin-chu City, 30075, Taiwan, R.O.C","(03)563-4863","IR@cmsc.com.tw","https://www.cmsc.com.tw","－","－","－","－","https://www.cmsc.com.tw","－"
"7710","東擎科技股份有限公司","東擎科技","電腦及週邊設備業","－","臺北市北投區立功街79巷9號7樓","	50789586","李俊瑩","曾瑛俊","陳瑾慧","經理","李燕子","(02)5588-2688","2018/07/04","2025/10/28",新台幣                 10.0000元,639095800,63909580,0,0,合併,每年,董事會,"凱基證券股份有限公司股務代理部","(02)2389-2999","台北市重慶南路一段2號5樓","安永聯合會計師事務所","王瑄瑄","余倩如","ASRockInd","7F., No.9, Ln.79, Ligong St., Beitou District,Taipei City, Taiwan","(02)2858-1369","AsrockInd_Investor@asrockind.com","https://www.asrockind.com/zh-tw/","－","－","－","－","https://www.asrockind.com/zh-tw/csr","https://www.asrockind.com/zh-tw/corporate_governance"
"7719","碳基科技股份有限公司","碳基","其他","－","台中市西屯區工業區三十五路18號","	28585980","陳文宏","陳文宏 暫代","游沛文","董事暨執行長","陳文宏","04-23593393","2007/03/01","2023/11/23",新台幣                 10.0000元,360000000,36000000,2000000,0,個別,每年,股東會,"統一綜合證券(股)公司股務代理部","02-27463797","台北市松山區東興路8號B1","國富浩華聯合會計師事務所","陳桂美","鄭翔宇","CBT","No. 18, Gongyequ 35th Rd., Xitun Dist.,Taichung City 407021, Taiwan (R.O.C.)","04-23593383","info@uaver.com","www.uaver.com","－","－","－","－","www.uaver.com","－"
"7724","諾亞克科技股份有限公司","諾亞克","生技醫療業","－","臺北市松山區民生東路3段129號12樓","	53766524","JONE JENGHORNG CHEN","鍾劍鋒","鍾劍鋒","總經理","無","02-2378-0968","2012/05/18","2024/08/15",新台幣                 10.0000元,353808310,35380831,0,0,合併,每年,董事會,"中國信託商業銀行代理部","02-6636-5566","臺北市中正區重慶南路一段83號5樓","安永聯合會計師事務所","王彥鈞","張巧穎","U-ARK","2F., No. 1, Sec. 4, Ren'ai Rd., Da'an Dist.,Taipei City, Taiwan (R.O.C.)","02-2378-0967","Ir_office@u-ark.com","https://www.u-ark.com.tw/","－","－","－","－","https://www.u-ark.com.tw/","－"
"7725","列特博生技股份有限公司","列特博","生技醫療業","－","臺北市士林區承德路四段150號3樓之1","	82901149","戴子煌","戴極昇","戴極昇","總經理","樊心絜","(02)2889-1136","2019/06/12","2023/12/22",新台幣                 10.0000元,483266330,48326633,0,0,合併,每年,董事會,"福邦證券股份有限公司","(02)2371-1658","臺北市中正區忠孝西路一段6號6樓","資誠聯合會計師事務所","林冠宏","周筱姿","LabTurbo","3F.-1, No. 150, Sec. 4, Chengde Rd., Shilin Dist.Taipei City 111052 , Taiwan (R.O.C.)","(02)2889-1146","investor.relations@labturbo.com.tw","http://www.labturbo.com.tw/","－","－","－","－","http://www.labturbo.com.tw/","－"
"7726","暄達醫學科技股份有限公司","暄達","生技醫療業","－","桃園市龜山區科技一路77號","	53853674","鄭瑋勳","王智緯","王智緯","總經理","潘素咪","03-3287882","2012/05/23","2024/02/27",新台幣                 10.0000元,203040000,20304000,0,0,合併,每年,董事會,"富邦綜合證券股務代理部","(02)2361-1300","台北市中正區許昌街17號11樓","勤業眾信聯合會計師事務所","錢奕圻","李冠豪","CARILEX","NO.77 Keji 1st Road, Guishan Dist.Taoyuan City Taiwan","03-3282632","invest@carilexmedical.com","https://www.carilexmedical.com/","－","－","－","－","https://www.carilexmedical.com/","－"
"7729","仲恩生醫科技股份有限公司","仲恩生醫","生技醫療業","－","台北市內湖區文湖街12號4樓之1","	28833362","王玲美","王玲美","柯景懷","資深副總經理","羅憶枝","(02)2627-9216","2007/12/18","2024/03/11",新台幣                 10.0000元,728412410,72841241,6206897,0,合併,每年,股東會,"永豐金證券股務代理部","(02)2381-6288","台北市博愛路17號3樓","安侯建業聯合會計師事務所","陳富仁","吳政諺","SBI","4F-1,No.12,Wenhu St., Neihu Dist., Taipei City 11445, TaiwanTAIPEI CITY 11445, TAIWAN (R.O.C.)","(02)2627-6455","ir@steminent.com","http://www.steminent.com","－","－","－","－","http://www.steminent.com","－"
"7731","火星生技股份有限公司","火星生技*","食品工業","－","新北市中和區板南路655號13樓","	90723344","林玉龍","楊硯超","林玉龍","董事長","楊硯超","(02)8245-5250","2021/05/13","2024/02/05",新台幣                  0.2500元,130495143,521980572,7923932,0,合併,每年,股東會,"永豐金證券股份有限公司","(02)2381-6288","臺北市中正區博愛路17號3樓","資誠聯合會計師事務所","顏裕芳","鄧聖偉","MARX","13F., No. 655, Bannan Rd., Zhonghe Dist.,New Taipei City 235 , Taiwan (R.O.C.)","(02)2243-9543","IR@marxbiotech.com","https://marxbiotech.com/","－","－","－","－","https://marxbiotech.com/","－"
"7737","凱鈿行動科技股份有限公司","凱鈿","數位雲端","－","臺南市永康區中華路1-4號5樓","	24373514","蘇柏州","蘇柏州","林文瑋","研發長","林文瑋","(06)313-1660","2009/03/20","2025/02/05",新台幣                 10.0000元,297377850,29737785,0,0,合併,每年,董事會,"中國信託商業銀行代理部","(02)6636-5566","臺北市中正區重慶南路一段83號5樓","勤業眾信聯合會計師事務所","蘇郁琇會計師","曾建銘會計師","KDAN","5F-C., No.1-4, Zhonghua Rd., Yongkang Dist.,Tainan City 710, Taiwan","(06)313-0835","ir@kdanmobile.com","https://www.kdan.com/","－","－","－","－","https://www.kdan.com/","－"
"7742","天弘化學股份有限公司","天弘化","化學工業","－","新竹縣湖口鄉實踐路18號","	47104168","何基丞","黃朝輝","黃朝輝","總經理","于晨玹","03-5985750","1975/07/09","2024/07/04",新台幣                 10.0000元,663750000,66375000,0,0,合併,每年,董事會,"福邦證券股份有限公司股務代理部","(02)2371-1658","100405台北市中正區忠孝西路一段6號6樓","安侯建業聯合會計師事務所","陳蓓琪","許明芳","URANUS","No. 18, Shijian Rd., Hukou TownshipHsinchu County 303 , Taiwan","03-5984321","investor@uranuschemicals.com.tw","https://www.uranuschemicals.com.tw/","－","－","－","－","https://www.uranuschemicals.com.tw/zh-tw/stakeholders","－"
"7745","紅陽科技股份有限公司","紅陽","數位雲端","－","臺北市大安區敦化南路二段65號13樓","	70828783","呂寶麟","黃懸德","黃懸德","總經理","許恆基","(02)2502-1869","2000/07/26","2026/01/05",新台幣                 10.0000元,179500000,17950000,0,0,合併,每年,股東會,"第一金證券(股)公司股務代理部","(02)2563-5711","台北市大安區安和路一段27號六樓","安永聯合會計師事務所","呂倩雯","許新民","Red Sunrise","13F., No. 65, Sec. 2, Dunhua S. Rd., Da’an Dist.,Taipei City 106 , Taiwan (R.O.C.)","(02)2501-2727","redsunrise@esafe.com.tw","https://www.sunpay.com.tw","－","－","－","－","https://www.sunpay.com.tw/elementor-8682/","https://www.sunpay.com.tw/elementor-8699/"
"7748","鑫囍創業股份有限公司","鑫囍創業","其他","－","台北市信義區松德路171號20樓之1","	90602257","邱奕榮","黃偉豪","秦詩雁","執行副總","陳淑雯","02-27221766","2021/12/30","2024/12/05",新台幣                 10.0000元,145000000,14500000,0,0,合併,每年,股東會,"華南永昌綜合證券股份有限公司","02-27186425","台北市民生東路四段54號4樓","資誠聯合會計師事務所","蕭春鴛","王方瑜","JollifyCreative","20F-1, No.171, Songde Rd,Taipei City","02-2722 2377","service@jollifycreative.com","https://jollifycreative.com/","－","－","－","－","https://jollifycreative.com/","－"
"7752","世紀樺欣風能股份有限公司","世紀樺欣","綠能環保","－","桃園市觀音區中山路一段1119號","	83575425","賴文祥","黃國誌","黃國誌","總經理","廖婉鈴","03-4730201","2020/02/26","2024/06/19",新台幣                 10.0000元,2000000000,200000000,0,0,個別,每年,董事會,"元大證券股務代理部","02-25865859","106045臺北市大安區敦化南路二段67號地下一樓","安永聯合會計師事務所","林政緯","陳國帥","CHWE","No.1119, Sec. 1, Zhongshan Rd., Guanyin Dist.Taoyuan City , Taiwan (R.O.C.)","03-4735235","ir@chwetw.com","http://www.chwetw.com/tw/","－","－","－","－","http://www.chwetw.com/tw/","－"
"7754","安基生技新藥股份有限公司","安基生技","生技醫療業","－","台北市忠孝東路七段508號16樓之6","	24777699","黃文英","黃文英","于怡文","處長","葉俊彥","(02)2365-5677","2014/12/15","2024/06/25",新台幣                 10.0000元,942277890,94227789,0,0,個別,每年,股東會,"中國信託股務代理部","(02)6636-5566","台北市中正區重慶南路一段83號5樓","資誠聯合會計師事務所","顏裕芳","蔡蓓華","AnnJi","16F.-6, No. 508, Sec. 7, Zhongxiao E. Rd., Nangang Dist., Taipei City 115TAIPEI CITY 115, TAIWAN (R.O.C.)","(02)2365-8022","ir@ajpharm.com","http://www.ajpharm.com","－","－","－","－","http://www.ajpharm.com","－"
"7756","多那之國際股份有限公司","多那之","觀光餐旅","－","高雄市三民區康平街268號","	59248513","王建仁","林育芳","林育芳","總經理","劉健智","(07) 311-0778","2017/05/05","2024/08/01",新台幣                 10.0000元,210650000,21065000,0,0,合併,每年,董事會,"台新證券股務代理部","(02)2504-8125","台北市中山區建國北路一段96號B1","資誠聯合會計師事務所","王駿凱","王國華","DONUTES","No. 268, Kangping St., Sanmin DistKaohsiung City 807008 , Taiwan (R.O.C.)","(07) 323-2381","ir@donutes.com.tw","https:// donutes.com.tw/","－","－","－","－","https:// donutes.com.tw/","－"
"7758","睿騰能源股份有限公司","睿騰能源","電子零組件業","－","新竹縣竹北市竹北里台元街18號5樓之10","	69578512","黃靖容","宋自強","宋自強","總經理","楊惠安","035601982","2017/01/11","2025/05/08",新台幣                 10.0000元,161000000,16100000,0,0,個別,每年,董事會,"永豐金證券(股)公司股務代理部","02-2381-6288","100台北市中正區博愛路17號3樓","安侯建業聯合會計師事務所","辛郁婷","王怡文","KEELGOAL ENERGY","5 F.-10, No. 18, Taiyuan St., Zhubei Vil.Zhubei City,Hsinchu County ,Taiwan","035601963","sales@keelgoal.com.tw","https://www.keelgoal.com.tw/","－","－","－","－","https://www.keelgoal.com.tw/investor/","－"
"7759","視航生物醫學股份有限公司","視航生醫","生技醫療業","－","台北市南港區三重路66號3樓之5","	85009024","卓夙航","卓夙航","卓夙航","總經理","林浩宇","02-27114597","2019/08/30","2025/03/10",新台幣                 10.0000元,700681590,70068159,4500000,0,合併,每年,股東會,"元大證券股份有限公司股務代理部","02-2586-5859","台北市大安區敦化南路二段67號B1","勤業眾信聯合會計師事務所","李冠豪","楊承修","SUNHAWK BIO","Nangang Dist., Sanchong Rd., No.66,3F-5,Taipei City 115602, Taiwan (R.O.C.)","07-3350668","info@shvbiotech.com","https://www.sunhawkvision.com/","－","－","－","－","https://www.sunhawkvision.com/","－"
"7760","享溫馨企業股份有限公司","享溫馨","觀光餐旅","－","高雄市苓雅區建國一路175之15號","	29004693","李東和","李奇霖","李奇霖","總經理","林威亞","(07)224-2999","2008/10/02","2024/11/08",新台幣                 10.0000元,600000000,60000000,0,0,個別,每年,董事會,"中國信託商業銀行股務代理部","(02)6636-5566","台北市中正區重慶南路一段83號5樓","勤業眾信&#63895;合會計師事務所","陳珍麗","許凱甯","ENJOY","No. 175-15, Jianguo 1st Rd., Lingya Dist.,Kaohsiung City, Taiwan","(07)224-1919","ir@swsktv.com.tw","https://www.sws.com.tw/","－","－","－","－","https://www.sws.com.tw/investors/governance.html","https://www.sws.com.tw/investors/stakeholders.html"
"7761","三大未來科技股份有限公司","三大未來","綠能環保","－","屏東縣佳冬鄉佳冬村永發街1號、1-1號","	53594157","林沛毅","林沛毅","蔡佳蓉","財務長","許麗卿","08-8660888","2012/04/30","2024/08/16",新台幣                 10.0000元,289000000,28900000,0,0,個別,每年,股東會,"第一金證券(股)公司股務代理部","02-25635711","台北市大安區安和路一段27號6樓","勤業眾信聯合會計師事務所","劉裕祥","陳秀雯","Power Win","No. 1、1-1, Yongfa St., Jiadong Township, Pingtung County 931006Taiwan (R.O.C.)","08-8665858","CFO@powerwin.com.tw","https://www.powerwin.com.tw/news_list.html","－","－","－","－","https://www.powerwin.com.tw/investor.html","－"
"7762","吉晟生技股份有限公司","吉晟生","生技醫療業","－","新北市新莊區後港一路141號1樓至2樓;143號1樓至2樓","	53541504","楊朝堂","林亮光","林亮光","總經理","蔡智仁","02-2908-7790","2011/10/03","2024/07/25",新台幣                 10.0000元,572328410,57232841,0,0,合併,每年,股東會,"第一金證券(股)公司股務代理部","02-2563-5711","台北市大安區安和路一段 27 號 6 樓","安侯建業聯合會計師事務所","許淑敏","江曉苓","PET PHARM BIO","1-2F., No. 141、143, Hougang 1st Rd., Xinzhuang DistNew Taipei City 242051 , Taiwan (R.O.C.)","02-2908-7750","ir@petpharmbio.com","https://www.petpharmbio.com","－","－","－","－","https://www.petpharmbio.com","－"
"7763","崇舜股份有限公司","崇舜","化學工業","－","臺中市西屯區工業區三十三路14號","	16038360","鍾文清","陳南超","莊忠學","財務長","姚程","(04)2350-2588","1997/06/18","2024/09/26",新台幣                 10.0000元,600143490,60014349,0,0,合併,每年,股東會,"台新證券股務代理部","(02)2504-8125","臺北市中山區建國北路一段96號B1","資誠聯合會計師事務所","王玉娟","劉美蘭","Johnson Fine","No. 14, Rd. 33. Taichung Industrial Park,Taichung City, ROC","(04)2350-6357","IR@johnson-fine.com","https://www.johnson-fine.com/","－","－","－","－","https://www.johnson-fine.com/","－"
"7764","聖州企業股份有限公司","聖州","其他","－","台北市大安區嘉興街319號1樓","	07992639","楊明舜","楊明舜","楊瑜婷","營運長","陳明如","02-27327219","1985/08/26","2024/08/28",新台幣                 10.0000元,600000000,60000000,0,0,合併,每年,董事會,"富邦綜合證券(股)公司股務代理部","(02)2361-1300","台北市中正區許昌街17號11樓","勤業眾信聯合會計師事務所","莊業偉","龔則立","SAINT JOSE","No. 319, Jiaxing St., Taipei City 106, TaiwanTaipei City 106, Taiwan","02-27362591","mailto:spokesperson@forcartex.com.tw","https://shop.3dmats.com/","－","－","－","－","https://3dmats.com/","－"
"7768","頌勝科技材料股份有限公司","頌勝科技","半導體業","－","臺中市西屯區協和里工業區十四路2號","	22231552","朱明癸","施文昌","林順陽","副總經理暨財務長","唐宏揚","04-23550168","1986/07/25","2025/03/31",新台幣                 10.0000元,600000000,60000000,0,0,合併,每年,股東會,"元大證券股份有限公司股務代理部","02-25865859","臺北市大安區敦化南路2段67號地下一樓","資誠聯合會計師事務所","王玉娟","劉美蘭","PVI","NO.2,14 Rd.,TAICHUNG INDUSTRIAL PARK, Xitun Dist.Taichung,Taiwan,R.O.C.","04-23509985","IR@ pvichem.com.tw","https://www.pvichem.com.tw/","－","－","－","－","https://www.pvichem.com.tw/","－"
"7772","耀穎光電股份有限公司","耀穎","半導體業","－","桃園市蘆竹區大新路812號","	80516134","鄭偉民","郭晉辰","甘炎恩","總經理特別助理","郭晉辰","(03)323-8118","2003/09/05","2025/06/26",新台幣                 10.0000元,240786000,24078600,0,0,個別,每年,股東會,"兆豐證券股份有限公司股務代理部","(02)3393-0898","台北市中正區忠孝東路二段九十五號一樓","資誠聯合會計事務所","葉翠苗","于智帆","MOE","No. 812, Daxin Rd.Luzhu Dist., Taoyuan City , Taiwan","(03)323-8211","moe@moe.com.tw","http://www.moe.com.tw","－","－","－","－","https://www.moe.com.tw/investors_tw_4.php","－"
"7773","富禾生醫股份有限公司","富禾生醫","生技醫療業","－","新北市三重區重新路五段609巷10號10樓","	54151258","趙毅","李建謀","李建謀","總經理","邱薇婷","02-2995-3838","2012/12/24","2024/09/26",新台幣                 10.0000元,399112090,39911209,0,0,個別,每年,股東會,"元富證券股務代理部","02-2768-6668","台北市松山區光復北路11巷35號地下一樓","資誠聯合會計師事務所","鄧聖偉","顏裕芳","FullHope","10F., No. 10, Ln. 609, Sec. 5, Chongxin Rd., Sanchong Dist.New Taipei City, Taiwan","02-2995-5359","ir@fhb.com.tw","www.fhb.com.tw","－","－","－","－","www.fhb.com.tw","－"
"7776","奧孟亞股份有限公司","奧孟亞","生技醫療業","－","臺北市南港區園區街3-2號4樓","	66262721","李淑惠","史格瑞","蔡依庭","財會主管","李淑惠","02-26558988","2016/11/01","2024/10/25",新台幣                 10.0000元,491015200,49101520,0,0,合併,每年,股東會,"群益金鼎證券(股)公司股務代理部","(02) 27023999","台北市大安區敦化南路二段97號地下二樓","資誠聯合會計師事務所","黃珮娟","蔡蓓華","Anya","4F., No. 3-2, Yuanqu St., Nangang Dist.Taipei City 115603, Taiwan (R.O.C.)","02-26557919","info@anyabiopharm.com","http://anyabiopharm.com/tw/","－","－","－","－","http://anyabiopharm.com/tw/","－"
"7779","鍇睿國際數位股份有限公司","鍇睿國際","運動休閒","－","台北市中正區北平東路30-1號11樓","	89140546","顏宥騫","顏宥騫","顏佑伊","管理總監","戴辰庭","02-23952180","2022/12/30","2024/10/03",新台幣                 10.0000元,161050000,16105000,0,0,合併,每年,董事會,"群益金鼎證券 股務代理部","02-27023999","台北市大安區敦化南路二段97號B2","勤業眾信聯合會計師事務所","劉明賢","陳建瑋","CARRY","11F., No. 30-1, Beiping E. Rd., Zhongzheng Dist.,Taipei City 100 Taiwan (R.O.C.)","02-23959506","investor@carry.live","https://www.carry.live/","－","－","－","－","https://www.carry.live/investor-1.php","－"
"7781","昕力資訊股份有限公司","昕力資*","數位雲端","－","台北市內湖區瑞光路437號3樓","	27714944","姚勝富","葉怡蘭","葉怡蘭","總經理","葉淑婷","02-26580508","2005/04/15","2024/10/23",新台幣                  0.5000元,286940430,573880860,0,0,合併,每年,股東會,"台新綜合證券股務代理部","02-25048125","台北市中山區建國北路一段96號B1","安永聯合會計師事務所","張正道","馬君廷","TPIsoftware","10F-2 No. 335, Ruiguang RdTaipei 11492, Taiwan","02-26580506","ir@tpisoftware.com","https://www.tpisoftware.com/","－","－","－","－","https://www.tpisoftware.com/","－"
"7783","佳運重機械工程股份有限公司","佳運","綠能環保","－","新竹縣竹北市環科一路21號9樓之2","	54547597","張林桂","簡忠榮","簡忠榮","總經理","陳靜怡","035591177","2013/12/09","2024/10/25",新台幣                 10.0000元,624448000,62444800,0,0,合併,每年,股東會,"永豐金證券股務代理部","0223816288","台北市中正區博愛街17號3樓","資誠聯合會計師事務所","黃金連","于智帆","Giant","9F.-2, No. 21, Huanke 1st Rd.,Zhubei City, Hsinchu County, Taiwan","035591222","IR@jia-yun.com.tw","https://www.giant-project.com/zh-tw","－","－","－","－","https://www.giant-project.com/zh-tw/page/stakeholders","－"
"7785","北祥科技服務股份有限公司","北祥科服","數位雲端","－","台北市內湖區文湖街18號2樓","	20939790","陳欽祥","薛淑菁","王金輝","副總經理","張柏珩","02 2658 1910","1982/10/05","2025/06/26",新台幣                 10.0000元,333393690,33339369,0,0,合併,每年,董事會,"台新綜合證券股務代理部","0225048125","台北市中山區建國北路一段96號地下一樓","勤業眾信聯合會計師事務所","鄭旭然","李冠豪","PTSC","2F., No. 18, Wenhu St., Neihu Dist.Taipei, Taiwan, ROC","02 2658 1920","spokesman@pershing.com.tw","https://www.pershing.com.tw/","－","－","－","－","https://www.pershing.com.tw/","－"
"7789","開展餐飲股份有限公司","開展","觀光餐旅","－","臺北市大安區敦化南路2段77號17樓","	54676971","邱泰翰","邱泰翰","邱泰翰","執行長","李宏智, 康倫年","(02)2742-5579","2014/02/24","2024/11/20",新台幣                 10.0000元,211836290,21183629,0,0,合併,每半會計年度,董事會,"凱基證券股份有限公司","(02)2389-2999","台北市重慶南路一段2號5樓","勤業眾信聯合會計師事務所","莊碧玉","陳俊宏","Casual","17F., No. 77, Sec. 2, Dunhua S. Rd., Da'an Dist.,Taipei City 106414 , Taiwan (ROC)","(02)2742-5314","IR@casualrestaurants.com","https://www.casualrestaurants.com/","－","－","－","－","https://www.casualrestaurants.com/","－"
"7790","思必瑞特生技股份有限公司","思必瑞特","生技醫療業","－","新北市汐止區新台五路一段93號19樓之12","	83234460","林道隆","林道隆","游蕙瑛","財務長","江正慧","(02)2697-2122","2020/12/18","2024/12/27",新台幣                 10.0000元,176996830,17699683,0,0,合併,每年,股東會,"台新綜合證券股份有限公司","(02)2504-8125","台北市中山區建國北路一段96號B1","資誠聯合會計師事務所","于智帆","葉翠苗","SSLab","19F-12, No. 93, Sec. 1, Xintai 5th Rd., Xizhi Dist.,New Taipei City 221, Taiwan","(02)2697-2123","IR@sslab.com","https://www.sslab.com/","－","－","－","－","https://www.sslab.com/site/investor","－"
"7794","宏碁智新股份有限公司","宏碁智新","居家生活","－","台北市松山區復興北路369號7樓之5","	52380564","侯知遠","高國書","高國書","總經理","許&#26880;茹","02-26963131","2016/10/24","2024/11/15",新台幣                 10.0000元,250000000,25000000,0,0,合併,每年,股東會,"台新證券股務代理部","02-2504-8125","台北市中山區建國北路一段 96 號 B1","資誠聯合會計師事務所","林永智","于智帆","API","7 F.-5, No. 369, Fuxing N. Rd., Songshan Dist.,Taipei City 105001, Taiwan (R.O.C.)","02-86911026","IR.API@acerpure.com","https://www.acerpure.com/tw","－","－","－","－","https://www.acerpure.com/tw","－"
"7796","擷發科技股份有限公司","擷發科","半導體業","－","新竹市東區慈雲路118號6樓-2","	83698313","楊健盟","楊健盟","劉沛穎","副總經理","王祥齡","03-5795588","2020/06/09","2024/12/09",新台幣                 10.0000元,229630000,22963000,0,0,個別,每年,股東會,"康和綜合證券股份有限公司","02-87871118","台北市信義區基隆路一段176號B1","安侯建業聯合會計師事務所","鄭安志","吳俊源","Microip","6F-2, No. 118, Ciyun Road, East District,Hsinchu City 30072, Taiwan(R.O.C)","03-5798967","ir@micro-ip.com","https://www.micro-ip.com/tw/","－","－","－","－","https://www.micro-ip.com/tw/","－"
"7797","饗樂餐飲實業股份有限公司","Q Burger","觀光餐旅","－","新北市三重區中興北街238號","	54714095","鄭瑞賓","鄭瑞賓","方光瑋","副總經理","郭子緯","(02)89913667","2014/04/21","2025/01/06",新台幣                 10.0000元,222450000,22245000,0,0,合併,每年,股東會,"兆豐證券(股)公司股務代理部","(02)33227973","台北市忠孝東路二段95號8樓","勤業眾信聯合會計師事務所","李冠豪","楊承修","Q Burger","No. 238, Zhongxing N. St.,Sanchong Dist., New Taipei City 241 , T","(02)89913668","ir@qburger.com.tw","https://www.qburger.com.tw/","－","－","－","－","https://www.qburger.com.tw/","－"
"7798","將捷股份有限公司","將捷","建材營造","－","臺北市中山區松江路126號17樓","	86691968","林嵩烈","林莉婷","江朝川","財務長","林雨柔","2536-2666","1992/08/19","2025/10/21",新台幣                 10.0000元,3086918100,308691810,0,0,合併,每年,股東會,"福邦證券股份有限公司股務代理部","(02)2371-1658","台北市中正區忠孝西路一段６號６樓","安侯建業聯合會計師事務所","寇惠植","郭欣頤","FABULOUS GROUP","17F,. No.126, Songjiang Rd.,Taipei City , Taiwan","2536-1707","irsm@fabulousgroup.com.tw","https://www.fabulousgroup.com.tw/","－","－","－","－","https://www.fabulousgroup.com.tw/","https://www.fabulousgroup.com.tw/"
"7801","華芸科技股份有限公司","華芸科技","資訊服務業","－","臺北市北投區大業路136號3樓","	53545157","施崇棠","蘇世勇","李美樺","財會部經理","蘇世勇","02-77370888","2011/10/13","2024/11/25",新台幣                 10.0000元,183000000,18300000,0,0,合併,每年,董事會,"群益金鼎證券(股)公司股務代理部","02-2703-5000","臺北市敦化南路二段97號地下2樓","安永聯合會計師事務所","陳明宏","羅文振","ASUSTOR","3F No.,136, Daye Rd., Beitou Dist.,Taipei 112, Taiwan","02-77370899","investor@asustor.com","https://www.asustor.com/","－","－","－","－","https://investor.asustor.com/","－"
"7803","雲象科技股份有限公司","雲象科技","生技醫療業","－","台北市南港區忠孝東路7段508號15樓、15樓之1","	83470105","葉肇元","葉肇元","葉肇元","總經理","顏睿甫","02-27856892","2020/02/06","2024/11/26",新台幣                 10.0000元,888588880,88858888,0,0,合併,每年,股東會,"元大證券股份有限公司股務代理部","(02)2586-5859","臺北市大安區敦化南路2段67號地下一樓","資誠聯合會計師事務所","林冠宏","周筱姿","aetherAI","15F & 15F-1, No. 508, Sec. 7, Zhongxiao E. Rd., Nangang Dist.,Taipei, Taiwan","02-77137997","pr@aetherai.com","https://www.aetherai.com/","－","－","－","－","https://www.aetherai.com/","－"
"7806","精華生醫股份有限公司","精華生醫","食品工業","－","高雄市永安區維新路光明七巷5號1樓","	85120765","陳俊宏","陳俊宏","黃宇彤","財務長","陳俊宏","07-6911698","2019/11/28","2024/12/12",新台幣                 10.0000元,278600000,27860000,0,0,個別,每年,股東會,"永豐金證券股務代理部","(02)2381-6288","台北市博愛路 17 號 3 樓","勤業眾信聯合會計師事務所","陳珍麗會計師","吳秋燕會計師","Gin Hwa","1F., No. 5, Guangming 7th Ln., Weixin Rd., Yong'an Dist.,Kaohsiung City 828 , Taiwan (R.O.C.)","07-6911652","tung.huang@gin-hwa.com","https://www.gin-hwa.com/","－","－","－","－","https://www.gin-hwa.com/","－"
"7808","訊聯細胞智藥股份有限公司","訊聯智藥","生技醫療業","－","臺北市內湖區新湖一路３６巷２８號１樓","	90272474","蔡政憲","李黛苹","李黛苹","總經理","劉佩怡","(02)27951777","2022/06/15","2024/12/12",新台幣                 10.0000元,700000000,70000000,0,0,個別,每年,股東會,"中國信託商業銀行(股)公司代理部","(02)66365566","台北市重慶南路一段83號5樓","資誠聯合會計師事務所","黃珮娟","鄧聖偉","BIONET TX Corp.","1F,No.28, Ln. 36 , Xinhu 1st Rd.Neihu Dist.,Taipei City 11497, , Taiwan","(02)27938009","investment@BionetTX.com","https://www.bionettx.com/","－","－","－","－","https://www.bionettx.com/","https://www.bionettx.com/"
"7811","民盛應用企業股份有限公司","民盛","運動休閒","－","台北市內湖區瑞光路168號6F","	83063590","許廷儀","張端揆","黃家茜","總經理特別助理","黃湘茹","02-8797-8668","2020/08/06","2025/01/06",新台幣                 10.0000元,303770000,30377000,0,0,合併,每年,股東會,"台新綜合證券股份有限公司","(02)2504-8125","台北市中山區建國北路一段 96 號 B1","安永聯合會計師事務所","張巧穎 會計師","黃子評 會計師","Minson","6F. No 168, Ruiguang Rd., Neihu DistTaipei City, Taiwan","02-8797-8228","service@mail.minson.com.tw","www.minson.com.tw","－","－","－","－","www.minson.com.tw","－"
"7812","稜研科技股份有限公司","稜研科技*","通信網路業","－","新北市板橋區遠東路3號3樓","	24749879","蔚維科技股份有限公司(代表人-張書維)","張書維","王秀華","財務副總","何星瑩","02-82269168","2014/09/22","2025/01/15",無面額,1511525594,60418521,0,0,個別,每年,董事會,"中國信託商業銀行股份有限公司","02-66365566","台北市中正區重慶南路 1 段 83 號 5 樓","勤業眾信聯合會計師事務所","簡明彥","莊碧玉","TMYTEK","3F., No. 3, Yuandong Rd.Banqiao Dist., New Taipei City,Taiwan","02-82269268","IR@tmytek.com","https://www.tmytek.com/","－","－","－","－","https://www.tmytek.com/","https://www.tmytek.com/"
"7813","宇辰系統科技股份有限公司","宇辰系統","其他電子業","－","新竹市東美路91巷5號4樓","	53161763","何瑞祥","何瑞祥","何瑞祥","董事長兼總經理","陳&#28913;祥","03-5632228","2010/10/01","2025/01/16",新台幣                 10.0000元,191779000,19177900,0,0,合併,每年,董事會,"元大證券股份有限公司股務代理部","02-25865859","台北市大安區敦化南路二段67號B1","安侯建業聯合會計師事務所","張純怡","吳仲舜","YCS","4F., No. 5, Ln. 91, Dongmei Rd.,Hsinchu City, Taiwan (R.O.C.)","03-5737229","IR@yuchens.com","https://www.yuchens.com/","－","－","－","－","https://www.yuchens.com/","－"
"7814","海昌生化科技股份有限公司","海昌生技","生技醫療業","－","台中市西屯區工業38路210號7樓之5","	28540318","蔡國田","何信裕","何信裕","總經理","林穎志","04-23503535","2006/12/14","2025/01/09",新台幣                 10.0000元,400000000,40000000,0,0,合併,每年,董事會,"台新綜合證券股份有限公司","02-25048125","台北市中山區建國北路一段96號地下一樓","安侯建業聯合會計師事務所","陳明輝","寇惠植","HORIEN","7F-5, No.210, Gongyequ 38th Rd., Xitun DistTaichung City, Taiwan","04-23504567","servicehorien@biohorien.com","https://www.biohorien.com","－","－","－","－","https://www.biohorien.com","－"
"7815","新特系統股份有限公司","新特","半導體業","－","新竹縣竹北市台元一街5號6樓之5","	54782327","陳儒宏","李宗潤","李宗潤","總經理","賴燕鈴","03-5601515","2014/02/06","2025/01/15",新台幣                 10.0000元,329756310,32975631,0,0,個別,每年,董事會,"台新綜合證券股務代理部","(02)2504-8125","台北市中山區建國北路一段96號B1","勤業眾信聯合會計師事務所","張雅芸","蔡美貞","Sync-Tech","6F.-5, No.5, Taiyuan 1st St.Jhubei City, Hsinchu County Taiwan","03-5601516","ir@sync-tech.com.tw","http://www.sync-tech.com.tw/","－","－","－","－","http://www.sync-tech.com.tw/","－"
"7816","來穎科技股份有限公司","來穎","電子零組件業","－","新竹縣湖口鄉新竹工業區光復北路17號","	85092114","葉垂景","羅慶忠","何思源","執行長特助","羅慶忠","03-5970328","2019/08/27","2025/01/15",新台幣                 10.0000元,292722110,29272211,0,0,合併,每年,董事會,"福邦證券股份有限公司股務代理部","02-23711658","台北市中正區忠孝西路一段6號6樓","安永聯合會計師事務所","陳國帥","張志銘","RITWIN","No. 17,Kuanfu N. Road, Hsin Chu Industrial Park,Hsin Chu County, Taiwan 30351","03-5970329","invest@ritwin.com.tw","http://www.ritwin.com.tw","－","－","－","－","http://www.ritwin.com.tw","－"
"7818","溢泰實業股份有限公司","溢泰實業","其他","－","屏東縣屏東市環東街3號","	90765596","林慶雄","林于鈞","林于鈞","集團執行長","林卉娟","08-7524736","1981/06/13","2025/02/07",新台幣                 10.0000元,1499460000,149946000,0,0,合併,每年,董事會,"中國信託商業銀行股份有限公司","02-66365566","台北市中正區重慶南路一段 83 號 5 樓","勤業眾信聯合會計師事務所","王兆群","郭麗園","KEMFLO","No. 3, Huandong St.Pingtung City, Pingtung County 900509","08-7551584","kemflogroup@kemflointernational.com.tw","https://www.kemflogroup.com","－","－","－","－","https://www.kemflogroup.com","－"
"7819","精誠金融科技股份有限公司","精誠金融","資訊服務業","－","台北市信義區市民大道六段288號5樓之6","	70560595","楊世忠","黃華勇","黃華勇","總經理","李孟憲","02-2357-7711","2000/05/16","2025/02/12",新台幣                 10.0000元,219635000,21963500,0,0,個別,每年,股東會,"元大證券股份有限公司股務代理部","(02)2586-5859","台北市大安區敦化南路2段67號B1","勤業眾信聯合會計師事務所","許秀明","黃惠敏","Systex Fintech","5 F.-6, No. 288, Sec. 6, Civic Blvd., Xinyi Dist., Taipei City 110417Taipei City, Taiwan","02-2392-1777","invest@systexfintech.com","https://www.systexfintech.com/","－","－","－","－","https://www.systexfintech.com/","－"
"7820","立盈環保科技股份有限公司","立盈","綠能環保","－","桃園市平鎮區工業二路7號","	54662717","陳俊琦","陳俊琦","李文桐","財務長","陳柏融","034192890","2013/12/30","2025/04/22",新台幣                 10.0000元,343480960,34348096,0,0,個別,每年,股東會,"元大證券股份有限公司股務代理部","(02)2586-5859","臺北市大安區敦化南路2段67號地B1","安侯建業聯合會計師事務所","江家齊會計師","張純怡會計師","Liying EPTech","No.7 ,Gongye 2nd Rd.,Pingzhen Dist.Taoyuan City 324403, Taiwan (R.0.C.)","(03)4192790","無","https://www.lept.com.tw","－","－","－","－","?L","－"
"7821","神達數位股份有限公司","神數","其他電子業","－","新竹科學園區新竹縣寶山鄉研發二路1號4樓","	69704320","何繼武","張樂&#32675;","張樂&#32675;","總經理","鄭筱雯","(03)577-9968","2017/09/01","2025/03/31",新台幣                 10.0000元,1094133000,109413300,0,0,合併,每年,董事會,"元大證券股份有限公司股務代理部","(02)2586-5859","台北市大安區敦化南路二段67號B1","資誠聯合會計師事務所","劉倩瑜","蔣承翰","MDT","4F, NO. 1, R&D RD. II, HSINCHU SCIENCE PARKHSINCHU, TAIWAN, R.O.C.","(03)577-5298","stock@mitacmdt.com","https://www.mitacmdt.com","－","－","－","－","https://www.mitacmdt.com/tw/discover-mdt/esg/stakeholders/","https://www.mitacmdt.com/tw/investors/corporate-governance/board-of-directors/"
"7822","倍利科技股份有限公司","倍利科","半導體業","－","新竹科學園區新竹市力行三&#63799;7號5樓","	54807093","林坤禧","黃建中","黃建中","總經理","林麗慧","03-6233089","2014/04/25","2025/03/27",新台幣                 10.0000元,415607630,41560763,0,0,合併,每年,董事會,"凱基證券股份有限公司股務代理部","02-2389-2999","台北市中正區重慶南路1段2號5樓","安永聯合會計師事務所","邱琬茹","許新民","V5 TECHNOLOGIES","5F., No. 7, Li-Hsin 3rd Road., Science Industrial Park, East DistrictHsinchu City 30078, Taiwan (R.O.C.)","03-5781255","IR@v5.com.tw","https://www.v5.com.tw/","－","－","－","－","https://www.v5.com.tw/","－"
"7824","智寶國際開發股份有限公司","智寶","其他","－","台北市松山區復興北路191號10樓","	50792528","許利瑋","鄧橋","洪佳吟","行銷長","謝柏梁","(02)2321-1600","2015/10/05","2025/09/18",新台幣                 10.0000元,283371450,28337145,0,0,合併,每年,股東會,"國票綜合證券股務代理部","(02)2528-8988","台北市南京東路五段188號15樓","資誠聯合會計師事務所","涂展源","葉翠苗","NADA","10 F., No. 191, Fuxing N. Rd., Songshan Dist.Taipei City, Taiwan (R.O.C.)","(02)2321-1600","info@nadaholdings.com","https://nadaholdings.com/","－","－","－","－","https://nadaholdings.com/","https://nadaholdings.com/"
"7825","和亞智慧科技股份有限公司","和亞智慧","其他電子業","－","台北市內湖區洲子街67號10樓","	24972898","石文機","陳志忠","陳志忠","總經理","林經龍","(02)7711-2766","2015/06/01","2025/04/15",新台幣                 10.0000元,231145000,23114500,0,0,合併,每年,股東會,"凱基證券股務代理部","(02)2389-2999","台北市中正區重慶南路一段2號5樓","資誠聯合會計師事務所","林一帆","江采燕","NSTC","No. 67, Zhouzi St., Neihu Dist., Taipei CityTaiwan (R.O.C.).","(02)7711-2700","info@newsmart.com.tw","https://www.newsmart.com.tw/","－","－","－","－","https://www.newsmart.com.tw/","－"
"7826","極風雲創股份有限公司","極風雲創","數位雲端","－","台北市信義區松德路159號12樓","	50784718","張紘綱","莊淑菁","黃君婷","營運長","虞正邦","02-89798887","2018/06/21","2025/04/15",新台幣                 10.0000元,120000000,12000000,0,0,個別,每年,股東會,"群益金鼎證券(股)公司股務代理部","02-27035000","台北市大安區敦化南路二段97號B2","勤業眾信聯合會計師事務所","龔則立","周仕杰","Twister5","12F., No. 159, Songde Rd., Xinyi Dist.,Taipei City 110 , Taiwan (R.O.C.)","-","finance@twister5.com.tw","https://www.twister5.com.tw/","－","－","－","－","https://www.twister5.com.tw/","－"
"7827","英屬開曼群島商漢康生技(股)公司","漢康-KY","生技醫療業","KY","Suite 102,P.O. Box 712,George Town, KY1-9006, Cayman Islands","	60206993","劉世高","劉世高","曾木增","財務長","劉世高","02-27921366","2020/11/11","2025/06/20",新台幣                 10.0000元,1302057370,130205737,0,0,合併,每年,股東會,"中國信託商業銀行股務代理部","02-66365566","臺北市重慶南路一段83號5樓","資誠聯合會計師事務所","鄧聖偉","顏裕芳","Hanchor-KY","5F,1 Tiding Blvd. Sec. 1, Neihu Dist.Taipei City, Taiwan","02-27927901","hanchorbio_tw@hanchorbio.com","https://www.hanchorbio.com","－","－","－","－","https://reurl.cc/R9dR7Z","－"
"7828","創新服務股份有限公司","創新服務","半導體業","－","台中市大甲區大安港路116巷10號","	27472283","吳智孟","吳智孟","林俊忠","業務部副總","張琪琪","04-2680-1023","2004/10/20","2025/05/08",新台幣                 10.0000元,366859110,36685911,0,0,合併,每年,董事會,"凱基證券股份有限公司股務代理部","02-2389-2999","台北市中正區重慶南路1段2號5樓","資誠聯合會計師事務所","鄭雅慧","李典易","INNOSTAR","No.10, Ln. 116, Da-Angang Rd., Dajia Dist.,Taichung City 437, TAIWAN.","04-2680-1202","ir@inno-stars.com","https://www.inno-stars.com/","－","－","－","－","https://www.inno-stars.com/","－"
"7829","英屬開曼群島商思捷優達(股)公司","思捷優達-KY","生技醫療業","KY","臺北市南港區園區街3號17樓","	00597243","林東和","曾宇鳳","羅庭芳","醫學事務經理","陳慧宇","(02)2655-7266","2019/06/21","2025/06/03",新台幣                 10.0000元,993881600,99388160,0,0,合併,每年,股東會,"中國信託商業銀行代理部","(02)6636-5566","臺北市中正區重慶南路一段83號5樓","資誠聯合會計師事務所","鄧聖偉","黃珮娟","YODA-KY","17 F., No.3, Park St., Nangang Dist.,Taipei City 115603,Taiwan (R.O.C)","(02)2655-7275","investors@yodapharma.com","https://yodapharma.com","－","－","－","－","https://yodapharma.com/#/investor","https://yodapharma.com/#/investor"
"7831","捷博股份有限公司","捷博","居家生活","－","新竹縣竹北市自強南路8號5樓之9","	83561007","彭仕邦","彭仕邦","張裕旻","財務長","&#40846;鈺潔","(03)550-9455","2019/11/19","2025/04/30",新台幣                 10.0000元,134012280,13401228,0,0,個別,每年,董事會,"台新綜合證券(股)公司股務代理部","(02)2504-8125","台北市中山區建國北路一段96號B1","勤業眾信聯合會計師事務所","蔡美貞","林心彤","JESPER","Rm. 9, 5F., No. 8, Ziqiang S. Rd.,Zhubei City,Hsinchu County,Taiwan","(03)550-9355","IR@jesper.com.tw","https://www.jesper.com.tw/","－","－","－","－","https://www.jesper.com.tw/","－"
"7832","智新生技股份有限公司","智新生技*","生技醫療業","－","台北市南港區忠孝東路七段508號14樓之6","	94072060","黃先龍","宋佩怡","黃先龍","董事長暨執行長","黃式賢","(02)2655-8825","2023/06/02","2025/05/08",新台幣                  1.0000元,580000000,580000000,0,0,合併,每年,董事會,"福邦證券股份有限公司股務代理部","(02)2371-1658","台北市中正區忠孝西路一段6號6樓","勤業眾信聯合會計師事務所","虞成全","張耿禧","Intelligene","14 F.-6, No. 508, Sec. 7, Zhongxiao E. Rd., Nangang Dist.Taipei City, Taiwan (R.O.C.)","(02)2655-8890","info@intelli-gene.com","https://www.intelli-gene.com","－","－","－","－","https://www.intelli-gene.com","－"
"7833","綠岩能源股份有限公司","綠岩能源","綠能環保","－","新竹市東區慈雲路118號13F-8","	85097878","葉孟恒","賴明弘","賴明弘","總經理","鍾榮輝","03-5500136","2019/09/17","2025/05/22",新台幣                 10.0000元,430110240,43011024,0,0,合併,每年,董事會,"中國信託商業銀行代理部","02-66365566","台北市中正區重慶南路一段83號5樓","勤業眾信聯合會計師事務所","陳昭宇","吳鈞麟","GRE","13F.-8,No.118,Ciyun Rd.,East Dist.,Hsinchu City,Taiwan","03-6688043","IR@greenrock.com.tw","https://greenrock.com.tw/","－","－","－","－","https://greenrock.com.tw/","https://greenrock.com.tw/"
"7834","來毅數位科技股份有限公司","來毅數位","資訊服務業","－","台北市南港區昆陽街20號17樓","	53763673","林政毅","林欣怡","林欣怡","總經理","洪慈翊","0223463366","2012/05/10","2025/05/13",新台幣                 10.0000元,164784120,16478412,0,0,合併,每年,董事會,"康和綜合證券(股)公司股務代理部","0287871888","台北市信義區基隆路一段176號B1","安永聯合會計師事務所","謝勝安","楊弘斌","LYDSEC DIGITAL","17F., No.20, Kunyang St., Nangang DistTaipei City 115020, Taiwan (R.O.C.)","0223460788","ir@keypasco.com","https://www.keypasco.com/","－","－","－","－","https://www.keypasco.com/","－"
"7836","智生活科技股份有限公司","智生活","其他","－","臺中市北區太原北路130號10樓之1","	54307560","林子皓","胡至仁","林明海","創新長","陳定宇","(04)22974508","2013/11/01","2025/07/30",新台幣                 10.0000元,512500000,51250000,0,0,個別,每半會計年度,董事會,"元大證券股份有限公司股務代理部","(02)25865859","台北市大安區敦化南路二段67號B1","資誠聯合會計師事務所","邱昭賢","劉美蘭","SmaDay","10F-1, No. 130, Taiyuan North RoadNorth District,Taichung City, Taiwan","(04)22975068","ir@smartdaily.com.tw","https://www.smartdaily.com.tw/","－","－","－","－","https://www.smartdaily.com.tw/about/","https://www.smartdaily.com.tw/corporate-governance/"
"7837","啟新生物科技股份有限公司","啟新生","生技醫療業","－","新北市新莊區五工五路21號3樓","	36545934","蔡岳廷","蔡岳廷","曹育嘉","副總經理","康文馨","(02)22981823","1979/02/16","2025/05/28",新台幣                 10.0000元,223622540,22362254,0,0,合併,每年,股東會,"福邦證券股份有限公司股務代理部","(02)23711658","台北市忠孝西路一段6號6樓","資誠聯合會計師事務所","張淑瓊","楊蕙慈","Creative","3 F., No. 21, Wugong 5th Rd.Xinzhuang Dist., New Taipei City, Taiwan","(02)22988435","IR@cmp-micro.com","https://www.cmp-micro.com/","－","－","－","－","https://www.cmp-micro.com/","https://www.cmp-micro.com/"
"7839","達人網科技股份有限公司","達人網","數位雲端","－","臺北市信義區信義路五段150巷2號20樓之1","	90378737","李倫家","李倫家","楊鳳珠","財務會計部協理","王愛茹","(02)2720-0449","2022/06/06","2025/05/23",新台幣                 10.0000元,133160250,13316025,0,0,合併,每年,董事會,"福邦證券股份有限公司股務代理部","(02)2371-1658","臺北市中正區忠孝西路一段6號6樓","安侯建業聯合會計師事務所","黃海寧會計師","吳俊源會計師","PRO360","Rm. 2001, 20 F.-1, No. 2, Ln. 150, Sec. 5, Xinyi Rd., Xinyi Dist.,Taipei City, Taiwan (R.O.C.)","(02)2720-1710","ir@PRO360.com.tw","https://www.pro360.com.tw/","－","－","－","－","https://ir.pro360.com.tw/","https://ir.pro360.com.tw/"
"7840","祥圃實業股份有限公司","祥圃","農業科技","－","臺北市中山區松江路146號8樓之2","	12483749","吳季衡","吳季衡","吳季衡","董事長兼執行長","王家蘭","02-2560-3566","1984/03/14","2025/06/18",新台幣                 10.0000元,340000000,34000000,0,0,合併,每年,股東會,"群益金鼎證券股份有限公司","02-2702-3999","台北市大安區敦化南路二段97號地下二樓","資誠聯合會計師事務所","鄧聖偉","林一帆","Nice Garden","8 F.-2, No. 146, Songjiang Rd., Zhongshan Dist.,Taipei City 104492, Taiwan","02-2560-3888","fa_service@@nicegarden.com.tw","https://www.nicegarden.com.tw/","－","－","－","－","https://www.nicegarden.com.tw/","https://www.nicegarden.com.tw/"
"7841","經貿聯網科技股份有限公司","經貿聯網","資訊服務業","－","台北市內湖區陽光街321巷56號3樓","	70543978","扈端華","扈端華","鄭紀婕","副總經理","曾仁坤","02-7720-3699","2000/04/01","2025/06/11",新台幣                 10.0000元,242004320,24200432,0,0,合併,每年,董事會,"凱基證券股份有限公司股務代理部","(02)2389-2999","台北市中正區重慶南路1段2號5樓","勤業眾信聯合會計師事務所","方涵妮","陳君銘","CyberSoft","3F, No.56, Ln. 321, Yangguang St.,Neihu District, Taipei 114, Taiwan","02-77217000","mkt4u@cybersoft4u.com","https://www.cybersoft.tw/","－","－","－","－","https://www.cybersoft.tw/","https://www.cybersoft.tw/"
"7842","天能綠電股份有限公司","天能綠電","綠能環保","－","臺北市內湖區基湖路1號2樓","	83213541","廖福生","唐亞聖","唐亞聖","總經理","鄭鈺潔","02-2656-0608","2021/01/29","2025/06/10",新台幣                 10.0000元,149880000,14988000,0,0,個別,每年,董事會,"永豐金證券(股)公司股務代理部","02-2381-6288","臺北市中正區博愛路17號3樓","資誠聯合會計師事務所","林雅慧","胡智華","GREENET","2F, No. 1, Jihu Rd. Neihu Dist.Taipei City , Taiwan","-","ir.gn@greenet.com.tw","https://greenet.com.tw/","－","－","－","－","-","-"
"7843","英柏得科技股份有限公司","英柏得","半導體業","－","新竹市東區金山八街1號7樓","	54269123","林傳生","林傳生","張家齊","技術副總經理","陳瓊貞","03-5798928","2013/06/25","2025/07/17",新台幣                 10.0000元,334400000,33440000,0,0,合併,每年,股東會,"宏遠證券股份有限公司股務代理部","02-23268818","臺北市信義路四段236號3樓","安永聯合會計師事務所","胡慎緁","邱琬茹","EmBestor","7F, No.1, Chinshan 8th St., East Dist.Hsinchu City 30080, Taiwan (R.O.C.)","03-5798909","IR@embestor.com","http://www.embestor.com","－","－","－","－","http://www.embestor.com","http://www.embestor.com"
"7846","德揚科技股份有限公司","德揚","綠能環保","－","新竹縣湖口鄉光復南路55號","	27661171","倪惠敏","范綱鈞","范綱鈞","總經理","徐瑞鴻","03-5973337","2005/04/07","2025/06/26",新台幣                 10.0000元,344116520,34411652,0,0,個別,每年,董事會,"兆豐證券股份有限公司股務代理部","02-23278988","台北市中正區忠孝東路2段95號1樓","資誠聯合會計師事務所","葉芳婷","田中玉","HTC & SOLAR","No. 55 Guangfu S .Rd., Hukou ShiangHsinchu County 303, Taiwan","03-5973073","ir7846@htcsolar.com","https://www.htcsolar.com/","－","－","－","－","https://www.htcsolar.com/","https://www.htcsolar.com/"
"7847","豊漁股份有限公司","豊漁","觀光餐旅","－","新北市三重區光復路2段88巷22弄8號","	90323071","朱雨延理","蕭伊雲","翁瑞燦","財務長","蕭伊雲","02-87738897","2022/06/21","2025/06/26",新台幣                 10.0000元,290000000,29000000,0,0,合併,每年,股東會,"群益金鼎證券股份有限公司","02-27023999","台北市大安區敦化南路2段97號B2","安永聯合會計師事務所","陳智忠","呂倩雯","Li Yu","No. 8, Aly. 22, Ln. 88, Sec. 2, Guangfu Rd., Sanchong Dist.New Taipei City  Taiwan R.O.C.","02-87738997","gary.tseng@chuyu.com.tw","www.chu-yu.com.tw","－","－","－","－","www.chu-yu.com.tw","www.chu-yu.com.tw"
"7848","騏億鑫科技股份有限公司","騏億鑫","其他電子業","－","台南市麻豆區新生南路161號1樓","	54560958","洪國庭","洪國庭","洪國庭","董事長兼總經理","陳美貞","(04)25670993","2014/06/11","2025/07/29",新台幣                 10.0000元,298000000,29800000,0,0,合併,每年,董事會,"永豐金證券(股)公司股務代理部","(02)23816288","台北市中正區博愛路17號3樓","資誠聯合會計師事務所","王玉娟","劉美蘭","CYH","1 F., No. 161, Xinsheng S. Rd., Madou Dist.,Tainan City 721003, Taiwan (R.O.C)","(04)25672350","jen@cyhco.com.tw","https://www.chiyihsin.com/","－","－","－","－","https://www.chiyihsin.com/","https://www.chiyihsin.com/"
"7849","旭誼工程股份有限公司","旭誼","其他電子業","－","新竹縣竹北市自強南路8號10樓之3","	53789759","鄧在國","葉尚錞","林君彥","財務長","葉宴汝","035508638","2012/01/11","2025/08/01",新台幣                 10.0000元,118923420,11892342,0,0,個別,每年,股東會,"台新綜合證券股務代理部","02-2504-8125","台北市中山區建國北路一段 96 號 B1","勤業眾信聯合會計師事務所","邱盟捷","王浚宇","Shine Passion","10F.-3, No. 8, Ziqiang S. Rd.Zhubei City, Hsinchu County Taiwan","035508636","IR@spte.com.tw","https://www.spte.com.tw/","－","－","－","－","https://www.spte.com.tw/","https://www.spte.com.tw/"
"7850","寶泰生醫股份有限公司","寶泰生醫","生技醫療業","－","台北市信義區松智路1號3樓","	50997769","宋豪麟","宋豪麟","宋豪麟","總經理","吳品琪","(02)27276289","2019/04/02","2025/08/04",新台幣                 10.0000元,976587500,97658750,0,0,個別,每年,股東會,"富邦綜合證券(股)公司股務代理部","(02)23611300","台北市中正區許昌街17號11樓","勤業眾信聯合會計師事務所","謝東儒","趙永祥","PAH","3F., NO. 1, Songzhi Rd., Xinyi Dist.Taipei City, Taiwan(R.O.C)","(02)27276279","ir@ protectvac.com","https://www.protectvac.com","－","－","－","－","https://www.protectvac.com","https://www.protectvac.com"
"7851","英屬開曼群島商慧康生活科技(股)","慧康生技*-KY","生技醫療業","KY","Suite 102, Cannon Place, P.O. Box 712, North Sound Rd.","	54375530","鄧居義","鄧居義","趙晨浩","資深財會經理","鄧居義","(02)8797-6661","2013/06/27","2025/11/19",新台幣                  5.0000元,338455725,67691145,0,0,合併,每年,股東會,"中國信託商業銀行(股)公司代理部","(02)6636-5566","臺北市中正區重慶南路一段83號5樓","資誠聯合會計師事務所","林冠宏","陳憲正","H2 INC.","4 F., No. 32, Aly. 18, Ln. 478, Ruiguang Rd., Neihu DistTaipei City 114063, Taiwan (R.O.C.)","(02)8797-6617","h2-tw-fa@health2sync.com","https://www.health2sync.com/tw","－","－","－","－","https://www.health2sync.com/tw","https://www.health2sync.com/tw"
"7853","政美應用股份有限公司","政美應用","半導體業","－","新竹縣竹北市台元一街8號4樓之9","	89339624","蔡政道","蔡政道","周庭卉","財務長","暫缺","03-5601788","1995/02/28","2025/09/30",新台幣                 10.0000元,479250000,47925000,0,0,合併,每年,股東會,"永豐金證券(股)公司股務代理部","02-23816288","台北市博愛路17號3樓","勤業眾信聯合會計師事務所","陳明煇會計師","蔡美貞會計師","cmit","4F-9, No. 8,Taiyuan 1st St., Zhubei CityHsinchu County 302, Taiwan (R.O.C.)","03-5601766","IR@cmi-tw.com","https://www.cmi-tw.com","－","－","－","－","https://www.cmi-tw.com","https://www.cmi-tw.com"
"7854","佐茂股份有限公司","佐茂","電腦及週邊設備業","－","高雄市前鎮區鎮北里擴建路1之26號10樓","	16451445","葉秋枝","吳建銘","吳謹樺","業務部副理","吳冠邦","(07)8157868","1998/03/31","2025/10/30",新台幣                 10.0000元,403000000,40300000,0,0,合併,每年,董事會,"福邦證券股份有限公司股務代理部","(02)23836888","台北市中正區忠孝西路一段6號6樓","資誠聯合會計師事務所","吳建志","廖阿甚","JMS","10 F., No. 1-26, Kuojian Rd., Qianzhen DistKaohsiung City 806620, Taiwan (R","078154982","jms@jms.com.tw","http://www.jms.com.tw","－","－","－","－","http://www.jms.com.tw","http://www.jms.com.tw"
"7855","和運租車股份有限公司","和運租車","其他","－","台北市中山區松江路121號15樓","	70364778","劉源森","謝富來","涂德義","執行副總","陳佩君","02-2502-5686","1999/05/24","2025/09/26",新台幣                 10.0000元,1925279280,192527928,0,0,合併,每年,股東會,"台新綜合證券股務代理部","02-2504-8125","臺北市中山區建國北路一段96號B1","資誠聯合會計師事務所","林佳鴻","林瑟凱","HLC","15 F., No. 121, Songjiang Rd., Zhongshan Dist.Taipei City 104474, Taiwan (R.O.C.)","02-2518-2880","investor@hotaileasing.com.tw","https://www.hotaileasing.com.tw","－","－","－","－","https://www.hotaileasing.com.tw","https://www.hotaileasing.com.tw"
"7856","漢民測試系統股份有限公司","漢測","半導體業","－","新竹市埔頂路18號9樓之2","	27440348","林冬青","王子建","王子建","總經理","張惠美","(03)583-5688","2004/09/08","2025/09/17",新台幣                 10.0000元,271770000,27177000,0,0,合併,每年,股東會,"永豐金證券股務代理部","(02)2381-6288","台北巿中正區博愛路17號3樓","資誠聯合會計師事務所","李典易","鄭雅慧","HTSI","9 F.-2, No. 18, Bade Rd., East Dist.,Hsinchu City 300031, Taiwan (R.O.C.)","(03)567-8886","IR@hermes-testing.com.tw","https://www.hermes-testing.com.tw/","－","－","－","－","https://www.hermes-testing.com.tw/","https://www.hermes-testing.com.tw/"
"7857","合水先進環境技術股份有限公司","合水先進","綠能環保","－","臺北市信義區信義路五段2號4樓","	54275455","潘書鴻","潘書鴻","陳劭杰","財務長","蔡宜庭","(02)2758-1455","2013/06/06","2025/08/28",新台幣                 10.0000元,456560000,45656000,0,0,合併,每季,董事會,"台新綜合證券(股)公司股務代理部","(02)2504-8125","台北市中山區建國北路一段96號B1","勤業眾信聯合會計師事務所","呂宜真","黃毅民","AsWater","4 F., No. 2, Sec. 5, Xinyi Rd. Xinyi Dist.,Taipei City 110013, Taiwan (R.O.C.)","(02)2758-1457","aswater@aswater.com.tw","https://www.aswater.com.tw","－","－","－","－","https://www.aswater.com.tw","https://www.aswater.com.tw"
"7858","芝普企業股份有限公司","芝普","化學工業","－","桃園市八德區豐成街22號","	23290121","林士堯","趙文義","劉小茜","副總經理","趙文義","03-3653300","1989/04/03","2025/09/26",新台幣                 10.0000元,222370070,22237007,0,0,合併,每年,董事會,"中國信託商業銀行(股)公司代理部","02-6636-5566","臺北市中正區重慶南路一段83號5樓","勤業眾信聯合會計師事務所","莊碧玉","尤志峰","E-CHEM","No.22, Fongcheng St.,Bade Dist., Taoyuan City , Taiwan","03-3653302","invest@echemsemi.com","https://www.echemsemi.com/","－","－","－","－","https://www.echemsemi.com/","https://www.echemsemi.com/"
"7860","得生製藥股份有限公司","得生製藥","生技醫療業","－","台南市永康區環工路42號","	22684196","許海上","許海上","楊怡琳","財務處處長","方嘉宏","(06)2311-636","1987/11/18","2025/09/09",新台幣                 10.0000元,320000000,32000000,0,0,合併,每年,董事會,"福邦證券股份有限公司","(02)2371-1658","台北市中正區忠孝西路一段6號6樓","資誠聯合會計師事務所","徐惠榆","葉芳婷","TEH SENG","No.42,Huan Gong Road,Yong Kang Dist.Tainan 710001,Taiwan R.O.C","(06)2334-596","yilinyang@tehseng.com","http://www.tehseng.com/","－","－","－","－","?L","?L"
"7861","貝爾威勒電子股份有限公司","貝爾威勒","電子零組件業","－","桃園市桃園區中正路1071號9樓之1","	28756169","徐瑞瑛","徐瑞瑛","王俊智","財務長","周世玲","886-3-3587777","2007/07/16","2025/11/12",新台幣                 10.0000元,646000000,64600000,0,0,合併,每年,董事會,"元大證券股份有限公司股務代理部","02-25865859","台北市大安區敦化南路二段67號B1","安侯建業聯合會計師事務所","黃泳華","蔡孟娟","BellWether","9 F.-1, No. 1071, Zhongzheng Rd., Taoyuan Dist.,Taoyuan City, Taiwan (R.O.C.)","886-3-3179922","ir@bellwether-corp.com","www.bellwether-corp.com","－","－","－","－","www.bellwether-corp.com","www.bellwether-corp.com"
"7862","聚泰環保材料科技股份有限公司","聚泰","紡織纖維","－","彰化縣二水鄉南通路一段20巷50號","	53493329","周紹華","周紹華","周紹華","總經理","洪綾霞","04-8796000","2011/07/15","2025/10/22",新台幣                 10.0000元,400000000,40000000,0,0,個別,每年,董事會,"華南永昌綜合證券股務代理部","(02)2718-6425","台北市民生東路四段54號4樓","建智聯合會計師事務所","廖年傑","陳靜宜","AceGreen","No. 50, Ln. 20, Sec. 1, Nantong Rd.,Ershui TownshipChanghua County 530017,Taiwan (R.O.C.)","04-8796999","ir@acegreen.com.tw","https://www.acegreen.com.tw","－","－","－","－","https://www.acegreen.com.tw","https://www.acegreen.com.tw"
"7863","中科國際物流股份有限公司","中科物流","航運業","－","台中市大雅區科雅西路29號","	29182232","陳銀海","金旭東","金旭東","總經理","王素萍","0425653288","2006/06/23","2025/09/30",新台幣                 10.0000元,300000000,30000000,0,0,個別,每年,股東會,"凱基證券股份有限公司","02-23892999","台北市重慶南路一段2號5樓","勤業眾信聯合會計師事務所","郭乃華","李麗凰","CTSPL","No. 29, Keya W. Rd., Daya Dist.,Taichung City 428 , Taiwan (R.O.C.)","0425653208","ctspl-spokesman@ctspl.com.tw","https://www.ctspl.com.tw/Home/Index","－","－","－","－","https://www.ctspl.com.tw/Home/Index","https://www.ctspl.com.tw/Home/Index"
"7865","金聯成資源科技股份有限公司","金聯成","綠能環保","－","高雄市小港區茂大街3號","	28302688","陳福松","陳俊銘","陳俊銘","總經理","陳奕潔","078066025","2007/02/06","2025/10/02",新台幣                 10.0000元,184240000,18424000,0,0,合併,每年,股東會,"福邦證券股務代理部","02-23711658","台北市中正區忠孝西路一段6號6樓","勤業眾信聯合會計師事務所","許瑞軒","王兆群","JIN LIAN CHENG","No. 3, Maoda St., Siaogang DistKaohsiung City, Taiwan (R.O.C.)","078071367","jlc@mifugroup.com","http://www.jlc-ycle.com/","－","－","－","－","http://www.jlc-ycle.com/","http://www.jlc-ycle.com/"
"7866","丹立電子股份有限公司","丹立","半導體業","－","新北市中和區中正路716號9樓之8","	53411967","詹鈞傑","葉偉超","黃啟芳","策略長","楊昕","(02)82273195","2011/05/26","2025/10/16",新台幣                 10.0000元,386712130,38671213,0,0,個別,每年,股東會,"康和綜合證券股份有限公司","02-87871118","台北市信義區基隆路一段176號B1樓","安侯建業聯合會計師事務所","陳明輝","寇惠植","DLI","9F-8, No. 716, Zhongzheng Road, Zhonghe DistrictNew Taipei City","(02)82278088","service@dli-memory.com.tw","https://www.dli-memory.com/","－","－","－","－","https://www.dli-memory.com/","https://www.dli-memory.com/"
"7867","特力屋股份有限公司","特力屋","居家生活","－","台北市內湖區新湖三路23號5樓","	89390488","何湯雄","張&#26658;青","蔣毓婷","總監","李國芳","02-8791-6668","1995/03/01","2025/10/16",新台幣                 10.0000元,960000000,96000000,0,0,合併,每年,股東會,"福邦證券股份有限公司股務代理部","02-2371-1658","台北市中正區忠孝西路一段6號6樓","勤業眾信聯合會計師事務所","許晉銘","洪國田","TLW","5F., No. 23, Hsin Hu 3rd Rd., Nei Hu 114Taipei , Taiwan , R.O.C.","02-8791-5326","t-fin-stock@TLWgo.com","www.trplus.com.tw","－","－","－","－","www.trplus.com.tw","www.trplus.com.tw"
"7868","聖育科技股份有限公司","聖育","資訊服務業","－","臺北市內湖區安康路20號3樓","	28226795","許恆壽","許恆壽","高偉誌","業務副總","林崇杰","(02)2797-8833","2006/10/05","2025/10/21",新台幣                 10.0000元,222396460,22239646,0,0,合併,每年,股東會,"中國信託商業銀行代理部","(02)6636-5566","臺北市中正區重慶南路一段83號5樓","安侯建業聯合會計師事務所","莊鈞維","傅泓文","INFORCOM","3 F., No. 20, Ankang Rd., Neihu Dist.Taipei City 114044, Taiwan (R.O.C.)","(02)2658-9797","ir@inforcom.com.tw","https://www.inforcom.com.tw/","－","－","－","－","https://www.inforcom.com.tw/","https://www.inforcom.com.tw/"
"7869","宏于電機股份有限公司","宏于電機","電機機械","－","新北市樹林區武林街2之3號","	22418992","詹家榮","詹家榮","謝世澤","總經理特助","陳英傑","02-2681-8008","1987/04/03","2025/12/22",新台幣                 10.0000元,272410000,27241000,0,0,合併,每年,股東會,"元大證券股份有限公司股務代理部","02-2586-5859","臺北市大安區敦化南路2段67號地下一樓","勤業眾信聯合會計師事務所","莊碧玉會計師","胡家熀會計師","HYEC","No. 2-3, Wulin St., Shulin Dist.New Taipei City 238, Taiwan (R.O.C.)","02-2681-6006","IR@horngyu.com","https://www.horngyu.com","－","－","－","－","https://www.horngyu.com","https://www.horngyu.com"
"7870","聯剛科技股份有限公司","聯剛科技","其他電子業","－","新北市汐止區南陽街258號10樓","	16608116","莊瑞松","莊士逸","莊士逸","總經理","廖秀娥","(02)27263239","1998/07/21","2025/11/21",新台幣                 10.0000元,184000000,18400000,0,0,個別,每年,股東會,"台新綜合證券股份有限公司","(02)25048125","台北市中山區建國北路一段96號B1","安侯建業聯合會計師事務所","蔡孟娟","黃泳華","ACCO","10F,No.258 Nanyang St.,Xizhi Dist,New Taipei City 221,Taiwan","(02)27281322","sales@accordance.com.tw","https://www.accordance.com.tw","－","－","－","－","https://www.accordance.com.tw","https://www.accordance.com.tw"
"7871","安立璽榮醫藥股份有限公司","安立璽榮-KY","生技醫療業","KY","台北市南港區忠孝東路七段508號16樓之3","	00651344","陳泓愷","陳泓愷","許志宏","財務長","蕭惠文","(02)27827700","2017/01/13","2026/01/13",新台幣                 10.0000元,1342781940,134278194,0,0,合併,每年,股東會,"中國信託商業銀行(股)公司代理部","(02)23111838","臺北市中正區重慶南路一段83號5樓","資誠聯合會計師事務所","鄧聖偉","蔡蓓華","Elixiron-KY","16F-3 No.508, Sec.7, ZhongXiao E. Rd., Nangang Dist.,Taipei City 115011,Taiwan (R.O.C)","(02)27827707","info@elixiron.com","https://elixiron.com","－","－","－","－","https://elixiron.com/corporate.php?rid=9&lang=tw","https://elixiron.com/corporate.php?rid=9&lang=tw"
"7872","登豐微電子股份有限公司","登豐","半導體業","－","新北市汐止區工建路366號6樓","	28899700","王源銘","王源銘","王源銘","董事長兼總經理","林明慧","26499168","2007/12/20","2025/12/22",新台幣                 10.0000元,300000000,30000000,0,0,合併,每年,股東會,"永豐金證券(股)公司股務代理部","2381-6288","台北市中正區博愛路17號3樓","資誠聯合會計師事務所","葉翠苗","鄭雅慧","GS","6 F., No. 366, Gongjian Rd., Xizhi Dist., New Taipei City 221012, Taiwan6 F., No. 366, Gongjian Rd., Xizhi Dist.","26498028","pr@gstekic.com","http://www.gstekic.com","－","－","－","－","http://www.gstekic.com","http://www.gstekic.com"
"7875","安圖斯科技股份有限公司","安圖斯","電腦及週邊設備業","－","新北市汐止區新台五路一段88號6樓","	52296721","侯知遠","李占傑","李占傑","總經理","彭懿玲","(02)26960289","2016/09/20","2025/11/21",新台幣                 10.0000元,200000000,20000000,0,0,合併,每年,股東會,"永豐金證券股務代理部","(02)2381-6288","台北市中正區博愛路17號3樓","資誠聯合會計師事務所","林永智","王方瑜","Altos","6F., No. 88, Sec. 1, Xintai 5th Rd.New Taipei City 22142 , Taiwan ( R.O.C.)","(02)86913444","investor.relations@altoscomputing.com","www.altoscomputing.com","－","－","－","－","www.altoscomputing.com","－"
"7876","鼎晉生技股份有限公司","鼎晉生技","生技醫療業","－","新竹縣竹北市生醫五路 66 號 11 樓之 6、7 (新竹生醫園區)","	82943056","王慧君","周珮芬","周珮芬","執行長","莊佳容","(02)2786-1217","2020/12/10","2025/11/24",新台幣                 10.0000元,1070302500,107030250,0,0,個別,每年,股東會,"元富證券股份有限公司股務代理部","(02)2768-6668","台北市松山區光復北路11巷35號地下一樓","資誠聯合會計師事務所","鄧聖偉","黃珮娟","OBIGEN PHARMA","11F.-6 & 11F.-7, No. 66, Shengyi 5th RoadZhubei City, Hsinchu County, Taiwan","(02)2786-1211","contactus@obigenpharma.com","https://www.obigenpharma.com/","－","－","－","－","https://www.obigenpharma.com/","https://www.obigenpharma.com/board-of-directors"
"7877","海利普電子科技股份有限公司","海利普","綠能環保","－","台北市內湖區瑞光路34號7樓","	28128534","謝宇霖","郭明潔","龔鍾嶸","財務長","吳仁懷","02-2791-5585","2006/03/22","2025/11/27",新台幣                 10.0000元,388566850,38856685,0,0,合併,每年,股東會,"元富證券股份有限公司股務代理部","02-2768-6668","台北市光復北路11巷35號B1樓","資誠聯合會計師事務所","潘慧玲","黃珮娟","TEINCO","7F., No.34, Ruiguang Rd.Neihu Dist., Taipei City 114, Taiwan(ROC","02-2791-6685","teinco1@teinco.com.tw","https://www.teinco.com.tw/","－","－","－","－","https://www.teinco.com.tw/index.php?action=contact","https://www.teinco.com.tw/index.php?action=contact"
"7878","藥祇生醫股份有限公司","藥祇","生技醫療業","－","新北市汐止區新台五路一段93號22樓之1","	83379922","吳月禎","吳月禎","林宛潔","財會主管","吳月禎","(02)2793-8665","2021/01/25","2025/11/27",新台幣                 10.0000元,535365800,53536580,0,0,個別,每年,股東會,"兆豐證券股務代理本部","(02)3393-0898","台北市中正區忠孝東路二段95號1樓","資誠聯合會計師事務所","顏裕芳","黃珮娟","PHARMASAGA","22 F.-1, No. 93, Sec. 1, Xintai 5th Rd., Xizhi Dist.,New Taipei City 221416, Taiwan (R.O.C.)","無","contact@pharmasaga.com","https://www.pharmasaga.com","－","－","－","－","https://www.pharmasaga.com/%e6%8a%95%e8%b3%87%e4%ba%ba%e5%b0%88%e5%8d%80/","https://www.pharmasaga.com/%e5%85%ac%e5%8f%b8%e6%b2%bb%e7%90%86/"
"7879","益材科技股份有限公司","益材科技","電機機械","－","嘉義縣朴子市新庄里馬稠後園區十七路123號","	28190213","翁冠群","翁冠群","翁冠群","總經理","蔡佳良","(03)349-2303","2006/06/08","2026/01/23",新台幣                 10.0000元,400000000,40000000,0,0,個別,每年,股東會,"元大證券股份有限公司股務代理部","(02)2586-5859","台北市大安區敦化南路二段67號B1","勤業眾信聯合會計師事務所","謝明忠會計師","呂宜真會計師","AMS","No. 123, Machouhou Park 17th RoadPuzi City, Chiayi County, Taiwan(R.O.C.)","(03)349-3863","ir@amsys.com.tw","https://www.amsys.com.tw","－","－","－","－","-","-"
"7880","聖凰科技股份有限公司","聖凰","半導體業","－","新竹市東區埔頂里慈雲路118號11樓之1","	27658788","周傳華","周傳華","施坤良","營運處協理","吳瑞聰","(04)2565-3499","2005/04/04","2025/11/26",新台幣                 10.0000元,265000000,26500000,0,0,合併,每年,股東會,"統一綜合證券(股)公司股務代理部","(02)2746-3797","台北市松山區東興路8號B1","安侯建業聯合會計師事務所","呂倩慧","鄭安志","spti","11F.-1, No. 118, Ciyun Rd. East Dist.,Hsinchu City, Taiwan","(04)2569-1553","ir@spti.com.tw","www.spti.com.tw","－","－","－","－","www.spti.com.tw","www.spti.com.tw"
"7881","科明儀器股份有限公司","科明","生技醫療業","－","新北市中和區中和路366號13樓之1","	54275531","江勁賢","江勁賢","陳昱逢","總經理特助","葉雅婷","02-89213889","2013/06/07","2025/11/26",新台幣                 10.0000元,270000000,27000000,0,0,合併,每年,股東會,"富邦綜合證券股務代理部","02-23611300","台北市中正區許昌街17號11樓","資誠聯合會計師事務所","王菘澤","游淑芬","EYECARE","13 F.-1, No. 366, Zhonghe Rd., Zhonghe Dist.New Taipei City 235605, Taiwan (R.O.C.)","02-89213589","ir@eyecaretech.com.tw","https://www.eyecaretech.com.tw","－","－","－","－","https://www.eyecaretech.com.tw","https://www.eyecaretech.com.tw"
"7882","倍利生技創業投資股份有限公司","倍利創投","其他","－","台北市中正區忠孝西路一段6號14樓","	54367623","黃顯華","許哲雄","許哲雄","總經理","巫欣蓓","(02)8979-5678","2013/10/15","2025/12/09",新台幣                 10.0000元,2052822290,205282229,0,0,個別,每年,股東會,"福邦證券股份有限公司股務代理部","(02)2371-1658","台北市中正區忠孝西路一段6號6樓","勤業眾信聯合會計師事務所","廖婉怡","謝建新","Beiley Biofund","14F., No. 6, Sec.1, Zhongxiao W. Rd., Zhongzheng Dist.,Taipei, Taiwan","(02)2371-7882","ir@beileybiofund.com","https://www.beileybiofund.com/","－","－","－","－","https://www.beileybiofund.com/","https://www.beileybiofund.com/"
"7883","饗賓餐旅事業股份有限公司","饗賓","觀光餐旅","－","桃園市大園區五青路150巷12號","	79955280","陳毅航","陳毅航","許瀚云","副總經理","周志豪","(03)3810288","2002/05/08","2026/01/23",新台幣                 10.0000元,609760000,60976000,0,0,合併,每年,董事會,"元大證券股份有限公司股務代理部","(02)2586-5859","台北市大安區敦化南路二段67號B1","勤業眾信聯合會計師事務所","張青霞會計師","邱盟捷會計師","FEASTOGETHER","No. 12, Ln. 150, Wuqing Rd., Dayuan DistTAOYUAN CITY, TAIWAN (R.O.C.)","(03)3810920","service@eatogether.com.tw","http://www.feastogether.com","－","－","－","－","http://www.feastogether.com","http://www.feastogether.com"
"7885","宏羚股份有限公司","宏羚","其他電子業","－","新北市五股區五工二路114號6樓","	04822794","章孝祺","林朝碧","章孝祺","董事長","林文國","02-2299-9889","1982/03/02","2026/01/16",新台幣                 10.0000元,292000000,29200000,0,0,合併,每年,股東會,"台新證券股務代理部","02-2504-8125","台北市中山區建國北路一段96號B1","資誠聯合會計師事務所","阮呂曼玉","林雅慧","HONLYNN","6F, No.114, Wugong 2nd RD.,Wugu Dist., New Taipei City, Taiwan","02-2299-9559","invest@honlynn.com.tw","https://www.honlynn.com.tw","－","－","－","－","https://www.honlynn.com.tw/pages/new-page-6","https://www.honlynn.com.tw/pages/new-page-4"
"7886","科建國際實業股份有限公司","科建","半導體業","－","台中市南屯區精科中二路22號5樓","	27966188","劉元周","吳智盛","吳智盛","副董事長暨總經理","洪欣儀","(04)2350-6886","2005/11/02","2026/01/19",新台幣                 10.0000元,249780000,24978000,0,0,合併,每年,股東會,"中國信託商業銀行股務代理部","(02)6636-5566","台北市中正區重慶南路一段83號5樓","勤業眾信聯合會計師事務所","王翔民","劉力維","KOJEM","5 F., No. 22, Jingke Central 2nd Rd., Nantun Dist.,Taichung City, Taiwan.","(04)2350-8998","invest@kojem.com.tw","https://www.kojem.com.tw/","－","－","－","－","https://www.kojem.com.tw/","https://www.kojem.com.tw/"
"7887","宇川精密材料科技股份有限公司","宇川精材","半導體業","－","新竹縣竹北市文興路一段358號2樓","	53322851","郭文哲","郭文哲/陳建榮","陳祖華","財務主管","廖忠賢","(06)505-0135","2011/03/23","2026/01/13",新台幣                 10.0000元,817200000,81720000,0,0,個別,每年,董事會,"福邦證券股份有限公司股務代理部","(02)2371-1658","台北市中正區忠孝西路一段6號6樓","安侯建業聯合會計師事務所","張淑瑩","韓沂璉","PPMI","2 F., No. 358, Sec. 1, Wenxing Rd.Zhubei City, 302053, TAIWAN, R.O.C.","(06)505-0138","ir@ppmiglobal.com","https://www.ppmiglobal.com/","－","－","－","－","https://www.ppmiglobal.com/","https://www.ppmiglobal.com/"
"7888","麗寶新藥生物科技股份有限公司","麗寶新藥","生技醫療業","－","台北市大同區南京西路36號9樓之1","	66459999","王鼎然","劉朝瀚","林佳慧","財務長","蔡依璇","(02)25591799","2017/01/26","2025/12/23",新台幣                 10.0000元,752350000,75235000,0,0,個別,每年,股東會,"台新綜合證券股務代理部","(02)2504-8125","台北市中山區建國北路一段96號B1","資誠聯合會計師事務所","顏裕芳","鄧聖偉","LIBO","9F.-1, No 36, Nanjing W. Rd.Datong Dist., Taipei City 103614, Taiwan","(02)25591677","libo@libopharma.com","https://libopharma.com/","－","－","－","－","https://libopharma.com/","https://libopharma.com/shareholder/"
"7889","騰勢股份有限公司","騰勢","食品工業","－","新北市新莊區新北大道3段218號16樓","	54506580","張智翔","張智翔","張嘉文","財務經理","陳家翔","02-7753-8610","2013/07/16","2026/01/13",新台幣                 10.0000元,207812710,20781271,0,0,合併,每年,股東會,"凱基證券股份有限公司股務代理部","02-23892999","台北市中正區重慶南路一段2號5樓","資誠聯合會計師事務所","于智帆","葉翠苗","TSA","16 F., No. 218, Sec. 3, New Taipei Blvd., Xinzhuang DistNew Taipei City 242032, Taiwan (R.O.C.)","02-8995-5900","IR@tsagroup.com.tw","https://tsagroup.com.tw/","－","－","－","－","https://tsagroup.com.tw/%e5%85%ac%e5%8f%b8%e6%b2%bb%e7%90%86/%e5%88%a9%e5%ae%b3%e9%97%9c%e4%bf%82%e4","https://tsagroup.com.tw/%e5%85%ac%e5%8f%b8%e6%b2%bb%e7%90%86/"
"7890","明曜科技股份有限公司","明曜科技","綠能環保","－","新北市三重區中興北街89號","	13098982","王孝揚","王孝揚","陳竑孝","公關室經理","盧宗宏","(02)8512-1588","2002/03/29","2026/01/20",新台幣                 10.0000元,208000000,0,0,0,合併,每年,股東會,"永豐金證券股務代理部","(02)2381-6288","台北市中山區博愛路17號3樓","資誠聯合會計師事務所","廖福銘","陳晉昌","Etica","No. 89, Zhongxing N. St., Sanchong Dist.New Taipei City , Taiwan (R.O.C.)","(02)8512-1521","service@eticabattery.com","https://etica.tw/","－","－","－","－","https://etica.tw/","https://etica.tw/"
"7891","博研醫藥開發股份有限公司","博研醫藥","生技醫療業","－","台北市信義區基隆路一段333號12樓","	53063165","吳逸之","吳逸之","姜龍臣","資深會計經理","吳逸文","(02)2711-1327","2010/06/24","2026/01/14",新台幣                 10.0000元,194300000,19430000,0,0,個別,每年,股東會,"群益金鼎證券股務代理部","(02)2702-3999","台北市大安區敦化南路2段97號B2","勤業眾信聯合會計師事務所","陳俊宏","虞成全","BoYen","12 F., No. 333, Sec. 1, Keelung Rd., Xinyi Dist.,Taipei City 110208, Taiwan (R.O.C.)","(02)2711-1327","eric_chiang@boyentherapeutics.com","https://www.boyentherapeutics.com","－","－","－","－","https://www.boyentherapeutics","https://www.boyentherapeutics"
"7892","元鈦科技股份有限公司","元鈦科","電腦及週邊設備業","－","新北市汐止區康寧街169巷8-11號6樓","	90573794","陳茂欽","朱佳建","徐至賢","董事長特助","黃雨涵","02-2692-5999","2022/02/24","2026/01/16",新台幣                 10.0000元,468980000,46898000,0,0,合併,每年,股東會,"凱基證券股份有限公司股務代理部","02-2389-2999","台北市中正區重慶南路1段2號5樓","資誠聯合會計師事務所","蔡蓓華","陳晉昌","MGC","6F.,NO.8-11,Ln.169,Kangning St.,Xizhi Dist.,New Taipei City,Taiwan(R.O.C)","02-2693-1999","IR@mgcooling.com.tw","https://www.mg-cooling.com/","－","－","－","－","https://www.mg-cooling.com/","https://www.mg-cooling.com/"
"7893","睿信電子股份有限公司","睿信","電子零組件業","－","苗栗縣苗栗市國華路669號","	42761142","陳其忠","陳其忠","林俊宇","副總經理","黃郁珊","(037)370129","2015/12/28","2026/01/15",新台幣                 10.0000元,407994000,40799400,0,0,個別,每年,董事會,"富邦綜合證券股務代理部","(02)2361-1300","臺北市中正區許昌街17號11樓","安永聯合會計師事務所","羅文振","陳明宏","Radbon","No. 669, Guohua RdMiaoli City, Miaoli County , Taiwan","(037)370127","Invest@radbonlink.com","https://www.radbonlink.com/","－","－","－","－","https://www.radbonlink.com/","https://www.radbonlink.com/"
"7895","元進莊企業股份有限公司","元進莊","農業科技","－","新北市中和區中山路2段332巷45號","	27638186","吳政憲","吳鋐源","吳鋐源","總經理","陳昭瑢","05-7883803","2005/03/14","2026/01/22",新台幣                 10.0000元,387900000,38790000,0,0,個別,每年,股東會,"凱基證券股份有限公司股務代理部","(02)2389-2999","台北市中正區重慶南路1段2號5樓","資誠聯合會計師事務所","吳建志","田中玉","YJC","No. 45, Ln. 332, Sec. 2, Zhongshan Rd.,Zhonghe Dist., New Taipei City 235026, T","05-7886303","dt.dt3803@yjcfood.com","https://yjc.yjcfood.com/","－","－","－","－","https://yjc.yjcfood.com/","https://yjc.yjcfood.com/"
"7896","喬越實業股份有限公司","喬越","電子零組件業","－","新北市三重區興德路100號16樓","	89441374","楊天祥","楊天祥","賴淑君","副總經理","王能誠","(02)8512-2222","1995/03/23","2026/01/16",新台幣                 10.0000元,279002070,27900207,0,0,合併,每年,股東會,"富邦綜合證券股務代理部","(02)2361-1300","台北市中正區許昌街17號11樓","安侯建業聯合會計師事務所","陳明輝","寇惠植","Sil-More","16F., No. 100, Xingde Rd., Sanchong Dist.New Taipei City, Taiwan","(02)8512-2988","SH@silmore.com.tw","www.silmore.com.tw","－","－","－","－","www.silmore.com.tw","www.silmore.com.tw"
"7897","禾迅綠電股份有限公司","禾迅綠電","綠能環保","－","新竹縣湖口鄉自強路18號1樓","	53789131","黃文瑞","汪采樺","黃文瑞","董事長","汪采樺","035981886","2012/01/10","2026/01/27",新台幣                 10.0000元,1336169240,133616924,0,0,合併,每年,董事會,"宏遠證券股份有限公司股務代理部","0223268818","臺北市大安區信義路四段236號3樓","資誠聯合會計師事務所","李典易","蔣承翰","WHOLE SUN","1 F., No. 18, Ziqiang Rd., Hukou Township, Hsinchu County 303035Taiwan","035983550","IR@wholesn.com.tw","https://wholesun.com.tw","－","－","－","－","https://wholesun.com.tw","https://wholesun.com.tw"
"7899","景美科技股份有限公司","景美","半導體業","－","新北市土城區三民路2號6樓之7","	28327652","陳吉良","羅麗文","鄭雅文","品牌總經理","何震宏","02-22671886","2006/06/02","2026/02/25",新台幣                 10.0000元,229035000,22903500,0,0,合併,每年,股東會,"凱基證券股份有限公司股務代理部","02-23892999","台北市中正區重慶南路一段2號5樓","勤業眾信聯合會計師事務所","蘇定堅","許瑞隆","CMAT","6 F.-7, No. 2, Sanmin Rd., Tucheng DistNew Taipei City 236043, Taiwan (R.O.","02-22671820","cmat_egood@cmat-tek.com.tw","https://www.cmat-tek.com.tw","－","－","－","－","https://www.cmat-tek.com.tw","https://www.cmat-tek.com.tw"
"7901","大大寬頻股份有限公司","大大寬頻","通信網路業","－","新北市土城區中華路2段209號3樓","	79960093","張銘志","劉登榮","鄭又瑋","財務處副總經理","李浩吉","(02)8253-8866","2002/05/15","2026/01/21",新台幣                 10.0000元,600000000,60000000,0,0,合併,每半會計年度,股東會,"宏遠證券股份有限公司股務代理部","(02)2326-8818","台北市信義路4段236號3樓","資誠聯合會計師事務所","吳仁杰","張淑瓊","Da Da Broadband","3 F., No. 209, Sec. 2, Zhonghua Rd., Tucheng Dist.New Taipei City , Taiwan (R.O.C.)","(02)2262-0999","IR@dadabroadband.com","https://www.dadabroadband.com/","－","－","－","－","https://www.dadabroadband.com/","https://www.dadabroadband.com/"
"7902","宇越生醫科技股份有限公司","宇越生醫*","生技醫療業","－","新北市汐止區新台五路1段97號33樓之1","	83304134","秦嘉鴻","龐德玲","郭正宜","副總經理","龐德玲","02-2697-2200","2020/12/08","2026/01/22",新台幣                  1.0000元,200000000,200000000,0,0,合併,每年,股東會,"福邦證券股份有限公司股務代理部","02-2383-6888","台北市中正區忠孝西路一段6號6樓","資誠聯合會計師事務所","蔡蓓華會計師","顏裕芳會計師","UWELL","33F-1, No.97, Sec. 1, Xintai 5th Rd.,Xizhi Dist., New Taipei City 221, Taiwan","02-2697-2255","ling.wang@uwell.com.tw","http://www.uwell.com.tw/","－","－","－","－","http://www.uwell.com.tw/","http://www.uwell.com.tw/"
"7904","任開數位媒體行銷股份有限公司","任開數位","數位雲端","－","臺北市內湖區瑞光路480號8樓","	29170101","李鐘培","王偉任","王偉任","執行長","黃凡鳴","(02)2393-6321","2010/07/16","2026/01/23",新台幣                 10.0000元,150000000,15000000,0,0,合併,每年,董事會,"凱基證券股份有限公司股務代理部","(02)2389-2999","台北市中正區重慶南路一段2號5樓","安侯建業聯合會計師事務所","韓沂璉","毛聖崴","Citiesocial","8 F., No. 480, Ruiguang Rd., Neihu Dist.,Taipei City 114063, Taiwan","02-23936321","ir@citiesocial.com","https://www.citiesocial.com/","－","－","－","－","https://www.citiesocial.com/","https://www.citiesocial.com/"
"8058","耐特科技材料股份有限公司","耐特","其他電子業","－","彰化縣埤頭鄉興農村彰水路4段468巷6號","	22911832","陳&#21234;森","陳宇涵","陳宇涵","總經理","蔡哲裕","04-8926225","1988/05/03","2025/07/15",新台幣                 10.0000元,688000000,68800000,0,0,合併,每年,董事會,"凱基證券股份有限公司股務代理部","02-23148800","台北市重慶南路一段2號5樓","勤業眾信聯合會計師事務所","胡家熀","簡明彥","Nytex","No. 6, Ln. 468, Sec. 4, Changsui Rd., Peitou Hsiang.Changhwa County, Taiwan, R.O.C.　","04-8922160","ellie@nytex.com.tw","https://www.nytex.com.tw","－","－","－","－","?|?????m","－"
"8098","慶康科技股份有限公司","慶康科技","半導體業","－","南部科學園區台南市新市區環東路一段320號","	84149168","杜家慶","杜家慶","謝秀雯","經理","葉守智","(06)5053050","1994/01/07","2023/10/31",新台幣                 10.0000元,126531310,12653131,0,0,個別,每年,董事會,"國票綜合證券(股)公司股務代理部","(02)2528-8988","105411台北市南京東路5段188號15樓","安永聯合會計師事務所","姚世傑","洪國森","Duratek","No.320, Sec. 1, Huandong Rd, Tainan Science-Based Industrial ParkTainan, Taiwan, R.O.C.","(06)5053070","contact@duratek.com.tw","www.duratek.com.tw","－","－","－","－","www.duratek.com.tw/communication","www.duratek.com.tw/corporate-a"
"8119","公信電子股份有限公司","公信","電腦及週邊設備業","－","新北巿汐止區新台五路一段75號3樓","	20972349","吳惠瑜","吳惠瑜","楊蓓玟","財務處協理","廖慧如","02-2698-7068","1983/05/05","2017/07/04",新台幣                 10.0000元,636615990,63661599,0,0,合併,每年,股東會,"群益金鼎證券股份有限公司","02-27035000","台北市大安區敦化南路二段97號B2","資誠聯合會計師事務所","吳偉豪","徐建業","Clientron","3FL., NO. 75, SEC. 1, SINTAI  5TH RD.,SIJHIH DIST., NEW TAIPEI  CITY, TAIWAN","02-2698-2557","ir@clientron.com","http://www.clientron.com","－","－","－","－","http://www.clientron.com/en/rd.php","－"
"8298","威睿科技股份有限公司","威睿","資訊服務業","－","台北市內湖區內湖路一段360巷15號5樓","	70573368","繆德澤","繆德澤","繆德澤","總經理","羅幼明","2657-1088","2000/06/20","2018/03/28",新台幣                 10.0000元,256320150,25632015,0,0,個別,每年,股東會,"兆豐證券股份有限公司股務代理部","3393-0898","台北市中正區忠孝東路95號1樓","資誠聯合會計師事務所","潘慧玲","黃珮娟","Genie","5F, No. 15, Lane 360, Sec. 1, Neihu Road, Neihu Dist., Taipei,  TaiwanTaipei , Taiwan","2659-8577","spokesmen@genie-networks.com","www.genie-networks.com","－","－","－","－","N.A.","－"
"8329","臺灣電視事業股份有限公司","台視","文化創意業","－","臺北市八德路三段十號","	20685000","黃崧","周法勛","周法勛","總經理","李偉國","(02)27758888","1962/05/11","2007/09/06",新台幣                 10.0000元,2805781150,280578115,0,0,合併,每年,股東會,"元大證券股份有限公司","(02)25865859","臺北市大安區敦化南路2段67號地下一樓","勤業眾信聯合會計師事務所","黃海悅","陳重成","TTV","NO.10 PA TE ROAD,SEC 3　　TAIPEI TAIWAN R.O.C.　　","(02)27758920","tailing@ttv.com.tw  oliver@ttv.com.tw","WWW.TTV.COM.TW?@?@","－","－","－","－","???A??","－"
"8345","超秦企業股份有限公司","超秦","農業科技","－","桃園市桃園區永安路1061號","	02634682","卓靖倫","陳建利","陳舒琪","處長","陳建利","03-341-1111","1985/10/23","2025/06/18",新台幣                 10.0000元,520000000,52000000,0,0,合併,每年,股東會,"永豐金證券股務代理部","02-2381-6288","台北市中正區博愛路17號3樓","勤業眾信聯合會計師事務所","鄭欽宗","陳彥君","SUPER QIN","NO. 1061  Yong'an Rd.Taoyuan Dist. Taoyuan City, Taiwan","03-270-1010","vien@superqin.com.tw","https://www.qinchicken.com/","－","－","－","－","https://www.qinchicken.com/","https://www.qinchicken.com/"
"8359","錢櫃企業股份有限公司","錢櫃","觀光餐旅","－","110 臺北市信義區忠孝東路5段293號5樓","	22327867","練台生","周章仲","高心華","協理","呂嘉正","(02)2769-6006","1986/11/03","2012/05/03",新台幣                 10.0000元,1365000000,136500000,0,0,合併,每年,董事會,"統一綜合證券股份有限公司","27478266","台北市松山區東興街8號B1","資誠聯合會計師事務所","王菘澤","吳仁杰","CASHBOX","5F., No.293, Sec. 5, Zhongxiao E. Rd., Xinyi Dist.,Taipei, Taiwan 110,R.O.C","(02)2769-5389","light@cashboxparty.com","https://www.cashboxparty.com/","－","－","－","－","https://www.cashboxparty.com/Investment/IR.htm?2020111501","－"
"8458","影一製作所股份有限公司","影一","文化創意業","－","台北市松山區南京東路四段152號10樓","	28701117","周哲毅","李鐘培","周哲毅","董事長","盧惠華","02-7730-2556","2007/08/09","2014/10/27",新台幣                 10.0000元,358500000,35850000,0,0,合併,每年,股東會,"永豐金證券股份有限公司","02-2381-6288","台北市中正區博愛路17號3樓","資誠聯合會計師事務所","阮呂曼玉","林柏全","OPF","10F., No. 152, Sec. 4, Nanjing E. Rd., Songshan Dist.Taipei City 105, Taiwan, R.O.C.","02-2748-8351","one@1production.com.tw","www.1production.com.tw","－","－","－","－","www.1production.com.tw","－"
"8999","台灣積層工業股份有限公司","台灣積層","其他","－","中壢區新北園路11號","	35875366","陳界中","施黃清","李培樹","董事長特別助理","劉志澄","03-4626789","1977/11/02","2025/01/10",新台幣                 10.0000元,360000000,36000000,0,0,個別,每年,董事會,"中國信託商業銀行代理部","(02) 66365566","台北市中正區重慶南路一段83號5樓","安侯建業聯合會計師事務所","陳富仁","吳政諺","TLI","11,SHIN PEI YUAN ROAD, CHUNG LI TAIWAN 32061　　　","03-4621913","Patrick_Lee@twn-lami.com.tw","www.twn-lami.com.tw","－","－","－","－","?|?????m","－"
"9957","燁聯鋼鐵股份有限公司","燁聯","鋼鐵工業","－","高雄市岡山區興隆街600號","	23218395","林義守","蘇裕崑","蘇裕崑","總經理","王殷震","07-6232255","1988/12/21","2003/01/03",新台幣                 10.0000元,26204136000,2620413600,420000000,0,合併,每年,股東會,"台北股務室","02-23956780","台北市北平東路30號15樓","國富浩華聯合會計師事務所","黃鈴雯","李國銘","YUSCO","No.600, Xinglong  St., Jiaxing  Vil., Gangshan Dist.Kaohsiung City. Taiwan.R.O.C","07-6227149","yu61880@mail.yusco.com.tw","www.yusco.com.tw","－","－","－","－","www.yusco.com.tw","－"