"公司代號","公司名稱","公司簡稱","產業類別","外國企業註冊地國","住址","營利事業統一編號","董事長","總經理","發言人","發言人職稱","代理發言人","總機電話","成立日期","上櫃日期","普通股每股面額","實收資本額(元)","已發行普通股數或TDR原發行股數","私募普通股(股)","特別股(股)","編製財務報告類型","普通股盈餘分派或虧損撥補頻率","普通股年度(含第4季或後半年度)現金股息及紅利決議層級","股票過戶機構","過戶電話","過戶地址","簽證會計師事務所","簽證會計師1","簽證會計師2","英文簡稱","英文通訊地址","傳真機號碼","電子郵件信箱","公司網址","投資人關係聯絡人","投資人關係聯絡人職稱","投資人關係聯絡電話","投資人關係聯絡電子郵件","公司網站內利害關係人專區網址","公司網站內公司治理資訊專區網址"
"1240","茂生農經股份有限公司","茂生農經","農業科技","－","台北市和平西路一段三十號二樓","	18795706","吳清德","吳清德","林信鴻","公司治理主管","邱紹齊","02-23671162","1967/02/18","2018/08/08",新台幣                 10.0000元,442323730,44232373,0,0,合併,每年,股東會,"元大證券股份有限公司股務代理部","02-2586-5859","106045台北市大安區敦化南路二段67號地下1樓","勤業眾信聯合會計師事務所","陳重成","黃海悅","MORNSUN　","2F.,No.30,Sec. 1,Heping W.Rd.,Zhongzheng Dist.,Taipei City 100028TAIPEI,TAIWAN(R.O.C)","02-23640694","bedford@morn-sun.com.tw","https://www.morn-sun.com.tw/?@","林信鴻","公司治理主管","02-23671162#155","bedford@morn-sun.com.tw","https://www.morn-sun.com.tw/","－"
"1259","安心食品服務股份有限公司","安心","觀光餐旅","－","台北市南港區經貿二路66號16樓之3","	23928945","黃茂雄","謝靜慧","高順興","副董事長","卓世賢","(02)2567-5001","1990/11/23","2011/12/15",新台幣                 10.0000元,323895000,32389500,0,0,合併,每年,董事會,"群益金鼎證券(股)公司股務代理部","(02)27023999","(106)台北市大安區敦化南路二段97號B2","資誠聯合會計師事務所","徐明釧","邱昭賢","AN-SHIN","16 F.-3, No. 66, Jingmao 2nd Rd., Nangang Dist., Taipei CityTaipei City 115605, Taiwan (R.O.C.)","(02)2567-5002","ir@mos.com.tw","http://www.mos.com.tw","張貴梅","副理","(02)2567-5001","ir@mos.com.tw","https://www.mos.com.tw/stakeholder/explanation.html","https://www.mos.com.tw/invest/basicData.html"
"1264","德麥食品股份有限公司","德麥","食品工業","－","新北市五股區五權五路31號","	23420497","林雪嬌","吳文欽","邱俊榮","財務經理","賴素瑛","(02)2298-1347","1989/06/29","2015/04/09",新台幣                 10.0000元,370523670,37052367,0,0,合併,每年,董事會,"富邦綜合證券(股)公司股務代理部","(02)2361-1300","台北市中正區許昌街17號2樓","勤業眾信聯合會計師事務所","張耿禧","劉力維","TEHMAG","No.31,Wuquan 5th Rd.,Wugu Dist.,New Taipei City,Taiwan,R.O.C.","(02)2298-2263","ir@tehmag.com.tw","http://www.tehmag.com.tw","邱俊榮","財務經理","(02)2298-1347","willychiou@tehmag.com.tw","https://www.tehmag.com.tw/investors.php?NO=0&sNO=3","https://www.tehmag.com.tw/investors.php"
"1268","漢來美食股份有限公司","漢來美食","觀光餐旅","－","高雄市前金區成功一路266號21樓之1","	80352343","林淑婷","林淑婷","柯柏良","財務長","吳若寧","(07)213-5788","2003/01/09","2017/09/27",新台幣                 10.0000元,422237300,42223730,0,0,合併,每年,董事會,"福邦證券股份有限公司","(02)2371-1658","台北市中正區忠孝西路一段6號6樓","勤業眾信聯合會計師事務所","陳珍麗","張慈媛","Hi-Lai Foods","21F-1, No.266, Cheng-Kung 1st Road,80146 Kaohsiung City,Taiwan, R.O.C.","(07)215-5956","stock@hilai-foods.com","www.hilai-foods.com","柯柏良","財務長","(07)213-5788","stock@hilai-foods.com","www.hilai-foods.com","https://www.hilai-foods.com/stakeholders#39"
"1294","漢田生技股份有限公司","漢田生技","食品工業","－","彰化縣溪湖鎮西溪里工業路101號","	28814153","李雨霖","王國華","王國華","總經理","謝駿陽","04-8811181","2007/10/22","2024/09/26",新台幣                 10.0000元,305715630,30571563,0,0,合併,每年,董事會,"中國信託商業銀行代理部","02-6636-5566","100台北市中正區重慶南路一段83號5樓","勤業眾信聯合會計師事務所","陳明煇會計師","吳恪昌會計師","HTB","No. 101, Gongye Rd., Xihu Township,Changhua County, Taiwan (R.O.C)","04-8823456","IR@htbios.com","https://www.htbios.com/","謝駿陽","財務長","04-8811181#1500","IR@htbios.com","https://www.htbios.com/","https://www.htbios.com/investors"
"1295","生合生物科技股份有限公司","生合","食品工業","－","高雄市路竹區北嶺六路82號","	70402724","楊連傳","楊三連(執行長)","張秀如","副總經理","蔡明儒","07-6955680","2000/06/01","2025/05/27",新台幣                 10.0000元,344748000,34474800,0,0,合併,每年,董事會,"台新證券股務代理部","02-25048125","台北市建國北路一段96號B1","安侯建業聯合會計師事務所","高鈺倫","陳永祥","SYNBIO","NO.82,Beiling 6th Rd.,Luzhu Dist.,Kaohsiung City821,Taiwan","07-6955713","investor@synbiotech.com.tw","http://www.synbiotech.com","張秀如","副總經理","07-6955680","investor@synbiotech.com.tw","https://www.synbiotech.com/Invest/Stakeholder/Stakeholder.htm","https://www.synbiotech.com/Invest/governance"
"1336","台翰精密科技股份有限公司","台翰","電子零組件業","－","桃園市龜山區民生北路一段568號1樓","	22589593","蔡鎮隆","蔡鎮隆","李晉誠","執行副總經理","遺缺待補","03-3112025","1987/08/28","2007/11/02",新台幣                 10.0000元,776144190,77614419,0,0,合併,每年,董事會,"永豐金證券(股)公司股務代理部","02-23816288","台北市中正區博愛路17號3樓","資誠聯合會計師事務所","葉翠苗","林佳鴻","TAIHAN","1F., No. 568, Sec. 1, Minsheng N. Rd., Guishan Dist.Taoyuan City 333 , Taiwan (R.O.C.)","03-3112035","alen@thpt.com.tw","www.thpt.com.tw","李晉誠","執行副總經理","03-3112025","alen@thpt.com.tw","https://www.thpt.com.tw/contact/","https://www.thpt.com.tw/board_of_directors/"
"1565","精華光學股份有限公司","精華","生技醫療業","－","新北市汐止區大同路一段276之2號4、5樓","	22195654","陳明賢","周育然","周華玲","稽核室副理","林雅蘋","(02)8691-6000","1986/09/24","2004/03/30",新台幣                 10.0000元,504165160,50416516,0,0,合併,每年,董事會,"元大證券股務代理部","(02)2586-5859","106臺北市大安區敦化南路2段67號地下一樓","資誠聯合會計師事務所","蔡蓓華","游淑芬","St.Shine　","4, 5F, No. 276-2, Sec. 1, Ta Tung Rd,,Hsi Chih Dist., New Taipei City, Taiwan","(02)2647-9369","s0505@stshine.com.tw","http://www.stshine.com.tw","周華玲","稽核室副理","(02)2647-1578","s0505@stshine.com.tw","http://www.stshine.com.tw","https://www.stshine.com.tw/investor-relations/corporate-governance/corporate-governance/roles-develo"
"1569","濱川企業股份有限公司","濱川","電腦及週邊設備業","－","高雄市大寮區大發工業區興業路二號","	76404919","蕭欽銘","蕭欽群","李璠","副總經理","黃琳霽","07-7871521","1983/03/30","2005/07/29",新台幣                 10.0000元,1442474410,144247441,22800000,0,合併,每年,股東會,"富邦綜合證券股份有限公司","02-23611300","台北市中正區許昌街17號2樓","勤業眾信聯合會計師事務所","劉裕祥","許瑞軒","Bin Chuan","2 Shing Yeh Road Ta-fa Industrial ZoneKoahsiung  Taiwan R.O.C","07-7871515","fan_lee@hamagawa.com","https://www.hamagawa.com.tw/","李璠","副總經理","07-7871521分機16","investors@hamagawa.com","https://www.hamagawa.com.tw/?page_id=11893","－"
"1570","力肯實業股份有限公司","力肯","電機機械","－","新北市八里區博物館路81號","	36253534","陳立白","林昭陽","林婉菁","總管理處副總經理","林昭陽","(02)2619-5619","1983/12/23","2005/06/30",新台幣                 10.0000元,515008390,51500839,0,0,合併,每年,股東會,"元富證券股份有限公司股務代理部","(02)2768-6668","105台北市松山區光復北路11巷35號B1","勤業眾信聯合會計師事務所","龔則立會計師","方涵妮會計師","De Poan","NO.81, MUSEUM ROADBa-Li District, New Taipei City, Taiwan","(02)2619-5618","mops@depoan.com","www.depoan.com","林婉菁","總管理處副總經理","(02)2619-5619","mops@depoan.com","http://www.depoan.com/about_03.php?ef=1","－"
"1580","新麥企業股份有限公司","新麥","電機機械","－","新北市五股區五權六路23號","	12461082","謝順和","謝順和","蕭淑娟","副總經理","翁麗勉","02-22981148","1983/09/27","2007/12/10",新台幣                 10.0000元,493392420,49339242,0,0,合併,每年,董事會,"台新證券股務代理部","02-25048125","台北市建國北路一段96號B1","勤業眾信聯合會計師事務所","張耿禧","劉力維","SINMAG","No.23, Wuquan 6th Rd., Wugu Dist.New Taipei City , Taiwan (R.O.C.)","02-22981718","sinmag.tw@sinmag.com.tw","www.sinmag.com.tw","蕭淑娟","副總經理","02-22981148","sinmag.tw@sinmag.com.tw","https://www.sinmag.com.tw/msg/message-§Q?`???Y?H±M°?-8.html","－"
"1584","精剛精密科技股份有限公司","精剛","其他","－","台南市柳營區工一路15號(環保科技園區)","	80334042","王炯棻","邱俊宏 (兼任)","邱俊宏","執行長","林美伶","06-6235143","2002/05/15","2007/11/28",新台幣                 10.0000元,2324705330,232470533,0,0,合併,每年,股東會,"凱基證券股份有限公司","02-23892999","100台北市中正區重慶南路一段2號5樓","資誠聯合會計師事務所","田中玉","徐惠榆","STC","No.15,Gong 1st Road,Da Nong Village, Liouying Township, Tain","06-6233311","http://www.s-tech.com.tw","http://www.s-tech.com.tw","林美伶","協理","06-6235143","crystal.lin@s-tech.com.tw","https://www.s-tech.com.tw/zh-tw/a4-694-3292/§Q?`???Y?H±M°?.html","https://www.s-tech.com.tw/zh-tw/a4-694/§????H±M°?.html"
"1586","和勤精機股份有限公司","和勤","電機機械","－","彰化縣伸港鄉興工路40號","	86985605","林輝政","鄭婷勻","鄭婷勻","總經理","陳益莊","04-7980339","1992/11/09","2012/01/09",新台幣                 10.0000元,1068494670,106849467,20000000,0,合併,每年,董事會,"群益金鼎證券股份有限公司","02-2702-3999","台北市大安區敦化南路二段97號地下二樓","安侯建業聯合會計師事務所","高鈺倫","陳宗哲","CFTC","No. 40, Xinggong Rd., Shengang Township,Changhua County 509, Taiwan (R.O.C.)","04-7980329","cftc.service@cftc-hc.com.tw","http://www.cftc.tw","鄭婷勻","總經理","04-7980339","spokesman@cftc.tw","http://www.cftc.tw","https://www.cftc.tw/investors.htm"
"1591","英屬開曼群島商駿吉控股(股)公司","駿吉-KY","電機機械","KY","Suite 102, Cannon Place, North Sound Rd., George Town","	53650116","胡德立","胡德立","陳志德","子公司董事長","田書祥","02-77097667","2009/11/19","2012/03/23",新台幣                 10.0000元,380480470,38048047,3250000,0,合併,每半會計年度,董事會,"元大證券股份有限公司股務代理部","02-25048125","106045臺北市大安區敦化南路2段67號地下一樓","安侯建業聯合會計師事務所","陳明輝","張肇文","INMAX","7F., No. 3, Sec. 5, Nanjing E. Rd., Songshan Dist.Taipei City 105409 , Taiwan (R.O.C.)","02-27602877","ky1591@inmax-fasteners.com","http://inmaxholding.com/","陳志德","子公司董事長","02-77097667","ky1591@inmax-fasteners.com","http://inmaxholding.com/","http://inmaxholding.com/"
"1593","祺驊股份有限公司","祺驊","運動休閒","－","新竹縣湖口鄉德興路231號","	97432341","李佳蓉","李佳蓉","黃寧民","財務部副總經理","連子瑞","03-6992860","1997/03/15","2012/06/13",新台幣                 10.0000元,397847720,39784772,0,0,合併,每季,董事會,"富邦綜合證券(股)公司股務代理部","02-23611300","台北市許昌街17號11樓","勤業眾信聯合會計師事務所","邱鏞銘","張至誼","CHI HUA","No. 231 , Dexing  Rd.HuKou Township , Hsinchu County,Taiwan","03-5906393","ir@chihua.com.tw","http://www.chihua.com.tw","黃寧民","財務部副總經理","03-6992860#260","ir@chihua.com.tw","http://www.chihua.com.tw/??·~??·|?d??/#Stakeholders","http://www.chihua.com.tw/???q?v?z-3"
"1595","川寶科技股份有限公司","川寶","電子零組件業","－","桃園市蘆竹區長興路三段277巷33號","	16860440","張鴻明","曾偉倫","簡麗真","協理","張亦喬","03-3249948","1999/02/19","2011/10/04",新台幣                 10.0000元,541994800,54199480,0,0,合併,每年,董事會,"福邦證券股份有限公司","02-2383-6888","台北市中正區忠孝西路一段6號6樓","勤業眾信聯合會計師事務所","方蘇立","張至誼","CBT","No.33, Ln. 277, Sec. 3, Changxing Rd., Luzhu Dist.,Taoyuan City 338, Taiwan","03-3249968","spokesman@cbtech.com.tw","http://www.cbtech.com.tw/","簡麗真","協理","03-3249948#818","spokesman@cbtech.com.tw","http://www.cbtech.com.tw/","https://www.cbtech.com.tw/web/investor/company.jsp?dmid=DM1701937289144&lang=tw"
"1599","宏佳騰動力科技股份有限公司","宏佳騰","電機機械","－","台南市山上區南洲里南洲41號","	80621419","鍾杰霖","鍾杰霖","林佳慧","經理","胡春慧","06-5783988","2003/12/25","2012/12/25",新台幣                 10.0000元,745287640,74528764,0,0,合併,每年,董事會,"統一綜合證券股份有限公司","02-27463797","臺北市松山區東興路8號B1","資誠聯合會計師事務所","林姿妤","葉芳婷","AEON","No.41,Nanzhou,Shanshang Dist.,Tainan City 74342,Taiwan(R.O.C.)","06-5783136","aeon@aeonmotor.com.tw","www.aeonmotor.com","林佳慧","經理","06-5783988","aeon@aeonmotor.com.tw","http://www.aeonmotor.com.tw/Shareholdercheck.php","https://www.aeonmotor.com.tw/pages/governance"
"1742","台灣蠟品股份有限公司","台蠟","化學工業","－","桃園市大園區中山南路二段610號3樓","	22625269","陳霆瑞","待聘任","曾柏堯","財務主管","待聘任","05-2219180","1987/08/13","2004/05/14",新台幣                 10.0000元,926713000,92671300,46057341,0,合併,每年,股東會,"康和綜合證券股份有限公司","02-87871118","台北市信義區基隆路一段176號B1","霈昇聯合會計師事務所","林育雅","邱奕志","TWC","3rd Floor, No. 610, Section 2, Zhongshan South Road, Dayuan DistrictTaoyuan City, Taiwan, R.O.C.","05-2130645","twx6688@ms26.hinet.net","http://www.wax.com.tw/","曾柏堯","財務主管","03-3163816","paul.tseng@wax.com.tw","http://www.wax.com.tw/","http://www.wax.com.tw/"
"1777","生泰合成工業股份有限公司","生泰","生技醫療業","－","台南市新營區開元路168號","	72197621","蕭振明","洪俊誠","蕭振明","董事長","莊美琪","06-6362121~3","1982/11/09","2005/10/19",新台幣                 10.0000元,445917130,44591713,0,0,個別,每年,董事會,"元大證券股份有限公司股務代理部","(02)2586-5859","106臺北市大安區敦化南路2段67號地下一樓","資誠聯合會計師事務所","葉芳婷","徐惠榆","SYN-TECH","No.168 Kai Yuan Rd., Hsin Ying DistrictTainan City 73055, Taiwan, R.O.C","06-6351165","fc3@syn-tech.com.tw","https://www.syn-tech.com.tw","蕭振明","董事長","06-6362121~3","investor.relation@syn-tech.com.tw","https://www.syn-tech.tw/","https://www.syn-tech.tw/"
"1781","合世生醫科技股份有限公司","合世","生技醫療業","－","新北市中和區建一路186號9樓","	97304042","楊國和","李紹弘","李淑芬","財務處副總","沈瞬良","82271300","1996/12/16","2004/12/24",新台幣                 10.0000元,474076050,47407605,0,0,合併,每年,股東會,"富邦綜合證券股份有限公司","02-2361-1300","台北市中正區許昌街17號2樓","資誠聯合會計師事務所","周筱姿","林冠宏","H&L","9F.NO.186 Jian Yi  Road Chung Ho CityTaipei,Taiwan","82271301","public@hlmt.com.tw","www.healthandlife.com.tw","李淑芬","財務處副總","82271300*18811","public@hlmt.com.tw","www.healthandlife.com.tw","www.healthandlife.com.tw"
"1784","訊聯生物科技股份有限公司","訊聯","生技醫療業","－","台北市內湖區新湖一路36巷28號1樓","	70836411","蔡政憲","康清原","康清原","總經理","楊志峰","(02)27951777","2000/08/17","2007/07/26",新台幣                 10.0000元,531211910,53121191,0,0,合併,每半會計年度,董事會,"中國信託商業銀行(股)公司代理部","(02)66365566","台北市重慶南路一段83號5樓","資誠聯合會計師事務所","黃珮娟","鄧聖偉","BIONET CORP.","1F,No.28, Ln. 36 , Xinhu 1st  Rd.Neihu Dist.,Taipei  City 11497, , Taiwan","(02)27938009","investment@BionetCorp.com","http://www.BionetCorp.com","余明忠","財務處專案經理","(02)27951777","davidyu@BionetCorp.com","https://www.bionetcorp.com/article?ac_id=32&ac_sub_id=35&a_id=39","https://www.bionetcorp.com/article?ac_id=32&ac_sub_id=35&a_id=93"
"1785","光洋應用材料科技股份有限公司","光洋科","其他電子業","－","台南市安南區工業三路1號","	43787872","&#40644;&#21843;峰","&#40644;&#21843;峰","&#40644;&#21843;峰","董事長暨總經理","孫玉玲","06-5110123","1978/08/29","2005/01/31",新台幣                 10.0000元,5960022430,596002243,0,0,合併,每年,董事會,"永豐金證券股份有限公司","02-23816288","台北市中正區博愛路17號3樓","勤業眾信聯合會計師事務所","楊朝欽","李季珍","Solar","No.1, Gongye 3rd Rd., Annan Dist,Tainan City 70955, Taiwan (R.O.C.)","06-3843216","shareholders@solartech.com.tw","http://www.solartech.com.tw/tw/index.html","孫玉玲","副處長","06-5110123","shareholders@solartech.com.tw","https://www.solartech.com.tw/esg/corporate_governance/","https://www.solartech.com.tw/investors/link/corporate_governance/"
"1788","杏昌生技股份有限公司","杏昌","生技醫療業","－","新北市三重區重新路5段609巷2號8樓之2","	23161816","李忠良","陳國師","李映芬","管理處副總經理","張耀元","6626-1166","1989/02/13","2009/07/20",新台幣                 10.0000元,445209710,44520971,0,0,合併,每年,股東會,"元富證券股份有限公司股務代理部","(02)2768-6668","台北市松山區光復北路11巷35號地下1樓","安侯建業聯合會計師事務所","楊樹芝","洪士剛","HCI","8F.2,NO.2,Ln.609,Sec.5,Chongxin Rd.,Sanchong Dist.,New Taipei City 24159,TaiwaR.O.C.","2995-3363","jerry_pon108@hiclearance.com.tw","www.hiclearance.com.tw","李映芬","管理處副總經理","6626-1166#510","nancy_lee@hiclearance.com.tw","www.hiclearance.com.tw","－"
"1796","金穎生物科技股份有限公司","金穎生技","食品工業","－","台南市新營區新工路33號","	16962158","張曉莉","金晉德","蕭興義","副總經理","金晉德","06-5109001","1999/07/17","2018/01/22",新台幣                 10.0000元,414597930,41459793,0,0,合併,每年,董事會,"兆豐證券股份有限公司","(02)33930898","台北市忠孝東路二段95號1樓","資誠聯合會計師事務所","徐惠榆","林秀珊","GeneFerm","No.33,Shin-Kung RdShinying City,Tainan County,Taiwan","06-5055750","geneferm@geneferm.com","http://www.geneferm.com","蘇琪棉","經理","06-5109001","investor@geneferm.com","https://www.geneferm.com/zh-tw/financials.html","https://www.geneferm.com/zh-tw/governance.html"
"1799","易威生醫科技股份有限公司","易威","生技醫療業","－","新竹科學園區新竹市東區研發二路10號1樓","	16570131","林翰飛","李艾平","吳雪君","財務協理","洪筠","(03)666-9596","1998/08/10","2008/11/10",新台幣                 10.0000元,1246895270,124689527,77002580,0,合併,每年,股東會,"宏遠證券股份有限公司股務代理部","(02)2326-8818","臺北市大安區信義路四段236號3樓","資誠聯合會計師事務所","劉倩瑜","鄭雅慧","EASYWELL","1F., No.10, Yanfa 2nd Road, Hsinchu Science ParkHsinChu 30076, TAIWAN(R.O.C)","(03)666-9697","spokesman@easywellbio.com","http://www.easywellbio.com","吳雪君","財務協理","03-6669596","spokesman@easywellbio.com","http://www.easywellbio.com","https://www.easywellbio.com/zh-tw/govern_organization.php"
"1813","寶利徠光學科技股份有限公司","寶利徠","生技醫療業","－","33759桃園市大園區南港里11鄰長發路406號","	84449952","宋一新","倪鏡如","倪鏡如","總經理","陸芸平","03-3853934","1993/09/22","2009/08/04",新台幣                 10.0000元,466355100,46635510,0,0,合併,每年,董事會,"群益金鼎證券股份有限公司","02-27023999","台北市松山區敦化南路二段97號B2","勤業眾信聯合會計師事務所","趙永祥","陳彥君","Polylite","No. 406, Changfa Rd., Dayuan Dist.Taoyuan City 33759, Taiwan R.O.C.","03-3863837","info@gialens.com.tw","http://www.gialens.com.tw?@","倪鏡如","總經理","03-3853934","ninonni@gialens.com.tw","http://www.gialens.com.tw/index.asp?area=CSR&menu=CSR02","－"
"1815","富喬工業股份有限公司","富喬","電子零組件業","－","雲林縣斗六市榴南里斗工十六路8號","	16834268","張元賓","陳壁程","胡銘倫","協理","楊閔安","02-27357658","1999/01/14","2006/01/23",新台幣                 10.0000元,5848862540,584886254,0,0,合併,每年,股東會,"富喬工業股份有限公司股務室","02-2705-1333","台北市敦化南路二段九十八號十二樓","勤業眾信聯合會計師事務所","劉建良","王儀雯","FFG","NO8.Dou Kong 16 RoadDou Leu City,Taiwan.","02-27357698","fulltech@ffg.com.tw","http://www.ffg.com.tw","胡銘倫","協理","2735-7658","lester@ffg.com.tw","http://www.ffg.com.tw/contact-02.asp","－"
"2035","唐榮鐵工廠股份有限公司","唐榮公司","鋼鐵工業","－","高雄市小港區沿海二路四號","	75460005","趙健在","周明宏","劉岳前","管理部門副總經理","林郁","07-8022811","1940/05/01","2006/07/07",新台幣                 10.0000元,3500000000,350000000,0,0,個別,每年,股東會,"群益金鼎證券股份有限公司","02-2702-3999","台北市敦化南路2段97號地下2樓","安侯建業會計師事務所","黃欣婷","韓沂璉","TE　　","No.4,  Yen Hai 2nd Rd., Hsiao Kang .,Kaohsiung City,Taiwan ROC","07-8010801","teweb@mail.tangeng.com.tw","http://www.tangeng.com.tw","柯盈&#20227;","助理管理師","07-8022811","30458@mail.tangeng.com.tw","http://www.tangeng.com.tw","http://www.tangeng.com.tw"
"2061","風青實業股份有限公司","風青","電器電纜","－","高雄市苓雅區新光路38號30樓之4","	89260422","陳信宇","林水成","蔡玉賢","稽核主管","王文英","07-2693339","1994/09/10","2010/12/09",新台幣                 10.0000元,573780520,57378052,0,0,合併,每年,董事會,"中國信託商業銀行代理部","02-66365566","台北市重慶南路一段83號5樓","資誠聯合會計師事務所","吳建志","王駿凱","FENG CHING","30F.-4, No. 38, Xinguang Rd., Lingya Dist.,Kaohsiung City 802, Taiwan (R.O.C.)","07-2693515","r7873942@ms23.hinet.net","http://www.fcm.com.tw","蔡玉賢","稽核主管","07-2693339","hsien727@fcm.com.tw","https://www.fcm.com.tw/hot_404469.html","https://www.fcm.com.tw/hot_cg98946.html"
"2063","世鎧精密股份有限公司","世鎧精密","鋼鐵工業","－","高雄市岡山區本洲里本工一路一號","	86637206","杜泰源","林上安","鄭守傑","副總經理","張威健","07-6225669","1992/04/28","2010/09/07",新台幣                 10.0000元,481014530,48101453,0,0,合併,每季,董事會,"永豐金證券股份有限公司","02-23816288","10044台北市中正區博愛路17號3樓","勤業眾信聯合會計師事務所","許凱甯","郭麗園","SHEH KAI","NO.1, Ben Gong 1st Rd., Ben Chou Industrial Park, Kangshan TownKaohsiung82059, Taiwan","07-6230964","roger@shehkai.com.tw","www.shehkai.com.tw","鄭守傑","副總經理","07-6225669","roger@shehkai.com.tw","www.shehkai.com.tw/list/cate-54177.htm","https://www.shehkai.com.tw/list/cate-60085.htm"
"2064","晉椿工業股份有限公司","晉椿","鋼鐵工業","－","50544彰化縣鹿港鎮鹿工路24號","	30826319","陳譽","蕭良賢","陳譽","董事長","黃俊勳","04-7810000","1971/05/10","2014/12/26",新台幣                 10.0000元,693300000,69330000,0,0,合併,每年,董事會,"群益金鼎證券股份有限公司","02-27035000","台北市大安區敦化南路二段97號B2","安侯建業聯合會計師事務所","黃柏淑","吳仲舜","CAMELLIA","No.24, Lugong Rd., Chang Bin Industrial ParkLugang Town, Chang Hua County , Taiwan","04-7810099","cametal.taiwan@msa.hinet.net","http://www.camelliametal.com","陳譽","董事長","04-7810000","edward@camelliametal.com","http://www.camelliametal.com","http://www.camelliametal.com"
"2065","世豐螺絲股份有限公司","世豐","鋼鐵工業","－","(82547)高雄市橋頭區頂鹽里復興西路810號","	31213886","杜泰源","陳駿彥","陳秀珠","副總","陳姿吟","07-6116116","1973/08/09","2017/04/21",新台幣                 10.0000元,635167070,63516707,0,0,合併,每季,董事會,"富邦綜合證券股份有限公司","02-23611300","台北市許昌街17號2樓","安侯建業聯合會計師事務所","蘇彥達","許振隆","SF","No.810, Fuxing W. Rd.Kaohsiung City 82547, Taiwan (R.O.C.)","07-6197589","investor@shehfung.com","www.shehfung.com","陳秀珠","副總","07-6116116","investor@shehfung.com","www.shehfung.com","－"
"2066","世德工業股份有限公司","世德","電機機械","－","高雄市大寮區(831)大發工業區華西路20號","	22546808","陳光裕","陳光裕","陳怡樺","財務主管","黃雅鈴","07-7889168","1988/01/29","2013/09/24",新台幣                 10.0000元,444495270,44449527,0,0,合併,每半會計年度,董事會,"台新綜合證券(股)公司股務代理部","02-25048125","台北市中山區建國北路一段96號B1","安侯建業聯合會計師事務所","陳永祥","許振隆","SUMEEKO","No.20,HuaxiRd.,Ta-Fa Industrial Dist.Kaohsiung County 831 Taiwan,R.O.C.","07-7887868","invest@sumeeko.com","www.sumeeko.com","陳怡樺","財務主管","07-7889168","invest@sumeeko.com","www.sumeeko.com","－"
"2067","嘉鋼精密工業股份有限公司","嘉鋼","電機機械","－","(62155)嘉義縣民雄鄉民雄工業區成功二街21號","	66402912","曹恆健","陳龍芳","陳龍芳","總經理","蕭景淑","(05)2211411","1974/04/11","2014/05/26",新台幣                 10.0000元,451381770,45138177,0,0,合併,每年,董事會,"中國信託商業銀行代理部","(02)66365566","台北市重慶南路一段83號5樓","國富浩華聯合會計師事務所","李國銘","謝仁耀","CYSTEEL","21 Chenggong 2nd St. Minxiong Township,Chia Yi County, Taiwan","(05)2208033","abby@cysteel.com.tw","http://www.cysteel.com.tw/","陳龍芳","總經理","(05)2211411","jacky.chen@cysteel.com.tw","http://www.cysteel.com.tw/chstake.html","－"
"2070","精湛光學科技股份有限公司","精湛","電機機械","－","高雄市湖內區忠孝街110巷58號","	89855649","吳俊男","許宏安","許宏安","總經理","吳虹臻","07-6937937","1994/09/21","2018/12/17",新台幣                 10.0000元,357828000,35782800,0,0,合併,每半會計年度,董事會,"福邦證券股份有限公司","02-2383-6888","台北市中正區忠孝西路一段6號6樓","資誠聯合會計師事務所","林秀珊","葉芳婷","Ching Chan","No. 58,Lane 110,Zhongxiao St.,Hu-Nei Dist., Kaohsiung City 82945,TaiwanKaohsiung 82945, Taiwan","07-6937772","ccm@ccm3s.com","http://www.ccm3s.com/","許宏安","總經理","07-6937937","ccm@ccm3s.com","http://www.ccm3s.com/","https://ccm3s.com/cgo01/"
"2073","雄順金屬股份有限公司","雄順","鋼鐵工業","－","高雄市路竹區順安路393號","	24512261","陳啟祥","陳啟祥","林上文","副總經理","顏仲裕","07-6960166","2010/04/21","2023/06/21",新台幣                 10.0000元,275000000,27500000,0,0,個別,每年,股東會,"永豐金證券(股)公司股務代理部","02-2381-6288","台北市中正區博愛路17號3樓","勤業眾信聯合會計師事務所","劉裕祥","劉承翰","SSMC","No. 393, Shun'an Rd., Luzhu Dist.,Kaohsiung City 821010, Taiwan","07-6968123","ir@ssmc.com.tw","www.ssmc.com.tw","顏仲裕","會計經理","07-6960166","ir@ssmc.com.tw","www.ssmc.com.tw","https://www.ssmc.com.tw/msg/message-%E5%85%AC%E5%8F%B8%E6%B2%BB%E7%90%86-35.html"
"2221","大甲永和機械工業股份有限公司","大甲","其他","－","台中市大甲區幼獅路69號","	56615319","黃士峰","鍾志清","鍾志清","總經理","王淑瑜","04-26815496","1977/08/19","2007/08/01",新台幣                 10.0000元,423250000,42325000,0,0,合併,每年,股東會,"凱基證券股份有限公司","02-2389-2999","台北市重慶南路一段2號5樓","勤業眾信聯合會計師事務所","蔣淑菁","劉力維","DAJA、YHMCO　","No.69 ,Yu-Shih Rd., Dajia Dist.Taichung City  437, Taiwan","04-26815456","yhmco@yhmco.com.tw","http://www.yhmco.com.tw/","鍾志清","總經理","04-36000080","elian@yhmco.com.tw","https://www.yhmco.com.tw/investor/relationship.php","https://www.yhmco.com.tw/investor/board-of-directors.php"
"2230","泰茂實業股份有限公司","泰茂","電機機械","－","(72046)台南市官田區二鎮里實踐街10號","	86070187","呂萬賢","呂萬傑","呂萬傑","總經理","吳美玲","06-6991235","1991/02/06","2013/04/18",新台幣                 10.0000元,680296050,68029605,0,0,合併,每年,股東會,"兆豐證券股份有限公司","(02)3393-0898","臺北市忠孝東路二段95號8樓","勤業眾信聯合會計師事務所","廖鴻儒","王騰葦","C.T.I.","10 Shih Chien Street Kuan Tien Industrial ParkTainan City 720, Taiwan (R.O.C.)","06-6990675","cti@ctico.com.tw","http://www.ctico.com.tw/","吳美玲","財務主管","06-6991235#210","cti-30@ctico.com.tw","http://www.ctico.com.tw/style/frame/templates11/factory.asp?lang=1&customer_id=1892&content_set=colo","－"
"2235","謚源實業股份有限公司","謚源","電機機械","－","33378桃園市龜山區大華里頂湖路24號","	22479934","吳碣石","吳碣石","王妤暄","發言人","吳哲瑋","(03)3973868","1987/04/16","2014/12/15",新台幣                 10.0000元,358780000,35878000,0,0,個別,每年,股東會,"統一證券股份有限公司股務代理部","(02)27478266","台北市松山區東興路8號B1樓","安永聯合會計師事務所","李育儒","王瑄瑄","I YUAN","No.24,Dinghu Rd.,Guishan TownshipTaoyuan County,Taiwan(R.O.C.)","(03)3973199","florence@tiy-motor.com.tw","www.tiy-motor.com","張芳鳴","財務長","(03)3973868","florence@tiy-motor.com.tw","http://www.tiy-motor.com/webls-zh-tw/msg/Investors.html","https://www.tiy-motor.com/tw/corporate-governance-page180"
"2596","綠意開發股份有限公司","綠意","建材營造","－","台北市市民大道五段69號2樓","	12860948","許燈城","許燈城","許志豪","特別助理","林秀娟","(02)8787-8096","2001/05/04","2009/06/01",新台幣                 10.0000元,1000000000,100000000,0,0,合併,每年,股東會,"福邦證券股份有限公司","(02)2371-1658","台北市忠孝西路一段6號6樓","安侯建業聯合會計師事務所","陳雅琳","唐嘉鍵","ReaLy","2F,NO.69,CIVIL BOULEVARD, Sec.5Taipei, Taiwan, R.O.C.","(02)8787-3416","services@realycorp.com.tw","www.realycorp.com.tw","許志豪","特別助理","(02)8787-8096","patrickh@realycorp.com.tw","www.realycorp.com.tw/investor-7.htm","http://www.realycorp.com.tw/investor-8.php?q=Array"
"2640","台灣大車隊股份有限公司","大車隊","數位雲端","－","台北市中山區長安東路二段162號2樓","	27767961","林村田","楊榮輝","林念臻","執行長","張天瑋","02-25160966","2005/09/09","2012/11/07",新台幣                 10.0000元,592649560,59264956,0,0,合併,每年,董事會,"凱基證券(股)公司-股務代理部","02-23892999","台北市中正區重慶南路一段2號5樓","資誠聯合會計師事務所","支秉鈞","涂展源","55688","2F., No.162, Sec. 2, Chang’an E. Rd., Zhongshan Dist.,Taipei City 104, Taiwan (R.O.C.)","02-25160900","ir@taiwantaxi.com.tw","www.taiwantaxi.com.tw","林念臻","執行長","02-25160966","ir@taiwantaxi.com.tw","https://www.taiwantaxi.com.tw/Article?fid=6&sid=1273#","https://www.taiwantaxi.com.tw/Article?fid=6&sid=39&tid=1105"
"2641","正德海運股份有限公司","正德","航運業","－","(802)高雄市苓雅區海邊路31號3樓","	16467798","蔡邦權","蔡邦權","林勝鶴","副總經理","申翔宇","07-9697988","1998/09/29","2014/10/09",新台幣                 10.0000元,3271316890,327131689,0,0,合併,每年,董事會,"福邦證券股務代理部","02-2383-6888","台北市中正區忠孝西路一段6號6樓","資誠聯合會計師事務所","王駿凱","廖阿甚","Franbo Lines","3F, No.31, Haibian Rd., Lingya Dist.,Kaohsiung City 802, Taiwan (R.O.C.)","07-9697997","kevincheng@franbo.com.tw","www.franbo.com.tw","林勝鶴","副總經理","07-9697988","kevincheng@franbo.com.tw","http://www.franbo.com.tw/financial.asp?id=20","https://www.franbo.com.tw/invest_info?id=110"
"2643","捷迅股份有限公司","捷迅","航運業","－","台北市內湖區瑞光路34號4樓","	12479610","顧城明","孫鋼銀","葉子菁","副總經理","楊永華","(02)8792-9897","1984/02/13","2016/03/04",新台幣                 10.0000元,350000000,35000000,0,0,合併,每年,董事會,"中國信託商業銀行代理部","(02)6636-5566","台北市重慶南路一段83號5樓","勤業眾信聯合會計師事務所","黃海悅","劉力維","Soonest","4F, NO. 34, Rui Guang Rd.,Taipei, 11491 Taiwan, R. O. C.","(02)8792-9658","soonestinv@soonest.com.tw","http://www.soonest.com","葉子菁","副總經理","(02)8792-9461","soonestinv@soonest.com.tw","http://www.soonest.com","－"
"2718","全心投資控股股份有限公司","全心投控","建材營造","－","台北市松山區八德路三段30號7樓","	12198180","楊顯玲","劉潔芝","劉潔芝","總經理","夏美足","02-2570-8800","1977/04/08","2011/03/29",新台幣                 10.0000元,875760000,87576000,15000000,0,合併,每季,董事會,"元大證券股份有限公司","02-2586-3117","臺北市大安區敦化南路2段67號地下一樓","資誠聯合會計師事務所","李秀玲","徐聖忠","Allmind","7F., No. 30, Sec. 3, Bade Rd., Songshan Dist.Taipei City , Taiwan","02-2570-9911","tiffany.sha@allmindholdings.com.tw","www.allmindholdings.com.tw","劉潔芝","總經理","02-2570-8800 #611","jaycee.liu@allmindholdings.com.tw","http://www.pleasanthotels.com.tw/zh-TW/investors","－"
"2719","台鋼燦星國際旅行社股份有限公司","燦星旅","觀光餐旅","－","台北市中山區民生東路二段161、163號7樓","	80355209","侯佑霖","羅俊英","羅俊英","總經理","待補","(02)8183-3888","2003/02/24","2012/02/24",新台幣                 10.0000元,691825000,69182500,60581954,0,合併,每年,股東會,"康和綜合證券股份有限公司","02-8787-1118","台北市信義區基隆路一段176號B1","資誠聯合會計師事務所","田中玉","林秀珊","Star Travel","7F., No. 161、163, Sec. 2, Minsheng E. Rd., Zhongshan Dist.Taipei City, Taiwan","(02)2796-6168","-","www.startravel.com.tw","NA","NA","NA","NA","http://www.startravel.com.tw/about/","http://www.startravel.com.tw/about/"
"2724","藝舍國際創新股份有限公司","藝舍-KY","其他","KY","新北市板橋區華江一路111號13樓之6","	28982799","賴運興","李宗錦","賴運興","董事長","林紫芳","(02)2999-5968","2002/01/15","2012/05/29",新台幣                 10.0000元,596563450,59656345,40570200,0,合併,每年,股東會,"第一金證券股份有限公司","(02)2563-5711","台北市大安區安和路一段27號六樓","安侯建業聯合會計師事務所","池世欽","黃欣婷","AAGD-KY","13F.-6, No. 111, Huajiang 1st Rd., Banqiao Dist.,New Taipei City  220, Taiwan (R.O.C.)","(02)2254-6872","investors@aagd.com.tw","https://www.aagd.com.tw/","賴運興","董事長","(02)2999-5968","investors@aagd.com.tw","https://www.aagd.com.tw/","－"
"2726","雅茗天地股份有限公司","雅茗-KY","觀光餐旅","KY","臺北市內湖區新湖一路77號6樓","	38634004","吳伯超","江錫毅","江錫毅","總經理","張乃方, 詹文良","(02)2790-0689","2009/12/22","2014/12/24",新台幣                 10.0000元,379224540,37922454,3000000,0,合併,每年,董事會,"中國信託商業銀行股份有限公司","(02)6636-5566","台北市中正區重慶南路一段83號5樓","勤業眾信聯合會計師事務所","張至誼","洪國田","Yummy Town","Oleander Way, 802 West Bay Road, P.O. Box 32052, Grand Cayman KY1-1208, CaymanCayman Island","(02)2790-0601","affairs@yummy-town.com","http://www.yummy-town.tw/","江錫毅","總經理","(02)7721-2726","affairs@yummy-town.com","http://www.yummy-town.tw/investor_contact.php","http://yummy-town.tw/investor.php"
"2729","瓦城泰統股份有限公司","瓦城","觀光餐旅","－","新北市中和區建一路176號7樓之1","	70843031","徐承義","徐承義","羅琬萱","財務暨會計主管","陳俐伶","(02)8227-1280","2000/09/08","2012/09/17",新台幣                 10.0000元,430407830,43040783,0,0,合併,每年,股東會,"富邦綜合證券(股)公司","02-23611300","台北市中正區許昌街17號11樓","資誠聯合會計師事務所","王菘澤","游淑芬","TTFB","7F.-1, No.176, Jian 1st Rd., Zhonghe Dist.,New Taipei City 235, Taiwan (R.O.C.)","(02)8227-1290","IR@ttfb.com","http://www.ttfb.com","羅琬萱","財務暨會計主管","(02)2248-1022","IR@ttfb.com","https://www.ttfb.com/csr/stakeholder-engagement","－"
"2732","六角國際事業股份有限公司","六角","觀光餐旅","－","新竹縣竹北市高鐵九路98號","	80671769","王耀輝","王耀輝","謝婷韻","投資人關係經理","黃如萍","(03)550-7750","2004/02/16","2015/01/20",新台幣                 10.0000元,465185700,46518570,0,0,合併,每季,董事會,"永豐金證券(股)公司股務代理部","(02)2381-6288","台北市博愛路17號3樓","勤業眾信聯合會計師事務所","劉怡青","張正修","La Kaffa","No.98, Gaotie 9th Rd.,Zhubei City, Hsinchu County 302, Taiwan","03-6579630","lakaffamail@lakaffa.com.tw","http://www.lakaffagroup.com/","謝婷韻","投資人關係經理","03-5507750","tammy.hsieh@lakaffa.com.tw","https://lakaffagroup.com/%e5%88%a9%e5%ae%b3%e9%97%9c%e4%bf%82%e4%ba%ba%e5%b0%88%e5%8d%80/","https://lakaffagroup.com/%e7%b5%84%e7%b9%94/"
"2734","易飛網國際旅行社股份有限公司","易飛網","觀光餐旅","－","台北市中正區衡陽路51號2樓之1","	70464468","周昀生","周昀生","周昀生","董事長","張瑞琳","(02)7725-0800","1999/12/22","2013/12/26",新台幣                 10.0000元,572597600,57259760,0,0,合併,每年,股東會,"中國信託商業銀行代理部","(02)6636-5566","台北市中正區重慶南路一段83號5樓","勤業眾信聯合會計師事務所","蘇郁琇","彭詩玄","Ezfly","2F-1, No.51, Hengyang Rd.,Taipei, Taiwan","(02)6601-4600","invest@ezfly.com","https://www.ezfly.com/","何侃儒","協理","02-77250800","invest@ezfly.com","https://www.ezfly.com/info/stakeholder/index.html","https://www.ezfly.com/info/investors/boardofdirectors.html"
"2736","富野大飯店股份有限公司","富野","觀光餐旅","－","臺東縣臺東市復興路38號6樓","	29129201","劉清郎","史墨威","劉怡君","董事長特助","黃慶安","089-350678","2008/07/11","2016/01/06",新台幣                 10.0000元,799722300,79972230,20000000,0,合併,每年,股東會,"元富證券股份有限公司股務代理部","(02)2768-6668","台北市光復北路11巷35號地下一樓","安侯建業聯合會計師事務所","陳永祥","許振隆","HOYA","6 F., No. 38, Fuxing Rd., Taitung CityTaitung County , Taiwan (R.O.C.)","089-350125","pr@hoyaresort.com.tw","http://www.hoyaresort.com.tw","黃慶安","行銷部協理","0936806617","andy@hoyaresort.com.tw","http://www.hoyaresort.com.tw","－"
"2740","華軒地產股份有限公司","華軒","觀光餐旅","－","新北市林口區公園路159號","	28581041","陳銘鴻","陳朝泉","陳朝泉","總經理","李宇美","(02)2313-1260","2007/02/13","2015/12/24",新台幣                 10.0000元,143020160,14302016,9488763,0,合併,每年,股東會,"群益金鼎證券股份有限公司","(02)2703-5000","台北市大安區敦化南路二段97號B2","安侯建業聯合會計師事務所","黃欣婷","池世欽","Hua Hsuan","No. 159, Gongyuan Rd., Linkou Dist.,New Taipei City 244, Taiwan (R.O.C.)","(02)2313-1261","pr@mr-onion.com","http://www.mr-onion.com","李宇美","股務","(02)2313-1260#102","irene.lee@mr-onion.com","http://www.mr-onion.com/Enterprise/Stakeholder","http://www.mr-onion.com/Enterprise/Investor"
"2743","山富國際旅行社股份有限公司","山富","觀光餐旅","－","台北市中山區南京東路二段85號4樓","	22888987","陳國森","陳宣融","李慶良","企業部副總經理","陳宣融","02-25612999","1988/05/25","2020/03/09",新台幣                 10.0000元,468152100,46815210,0,0,合併,每年,股東會,"福邦證券股份有限公司股務代理部","02-2371-1658","台北市中正區忠孝西路一段6號6樓","正風聯合會計師事務所","曾國富","賴家裕","richmond","4F., No.85, Sec. 2, Nanjing E. Rd., Zhongshan Dist.,Taipei City 104, Taiwan (R.O.C.)","02-2536-1332","rit@richmond.com.tw","https://www.travel4u.com.tw/","李慶良","企業部副總經理","02-77349628","james@richmond.com.tw","https://www.travel4u.com.tw/investment/","https://www.travel4u.com.tw/investment/"
"2745","五福旅行社股份有限公司","五福","觀光餐旅","－","高雄市三民區博愛一路28號2,3樓","	22835878","許順富","王哲彥","錢緯銘","經營企劃處副總","陳沛&#20227;","07-3231166","1988/08/22","2018/04/16",新台幣                 10.0000元,338085260,33808526,0,0,合併,每年,股東會,"台新證券股務代理部","(02)2504-8125","台北市建國北路一段96號地下一樓","勤業眾信聯合會計師事務所","張慈媛","王騰葦","LIFE TRAVEL","2,3F,No.28 Bo'ai 1st Rd., Sanmin Dist., Kaohsiung City 80757,TaiwanKaohsiung City ,Taiwan","07-3230248","ir@lifetour.com.tw","www.lifetour.com.tw","錢緯銘","經營企劃處副總","02-27182202","ir@lifetour.com.tw","http://www.lifetour.com.tw/eWeb/Main/home.asp?SITE_CD=1&MP_ID=MPQ01&STYLE_TP=3","https://www.lifetour.com.tw/about/governance-10.html"
"2751","王座國際餐飲股份有限公司","王座","觀光餐旅","－","台北市信義區基隆路二段51號4樓之2","	42756204","王耀輝","林子恒","林子恒","總經理","林郁婷","02-23773088","2015/12/14","2024/09/10",新台幣                 10.0000元,197350000,19735000,0,0,合併,每半會計年度,董事會,"永豐金證券股務代理部","(02)2381-6288","台北市博愛路17號3樓","勤業眾信聯合會計師事務所","劉怡青","張正修","Kingza","4F.-2, No. 51, Sec. 2, Keelung Rd., Xinyi Dist.,Taipei City 10052, Taiwan","02-23773089","kingzamail@kingza.com.tw","www.kingza.com.tw","林子恒","總經理","02-23773088","kingzamail@kingza.com.tw","https://reurl.cc/lzNM5E","https://reurl.cc/NYbEp5"
"2752","豆府股份有限公司","豆府","觀光餐旅","－","台北市中山區民權東路二段42號4樓","	28841757","吳柏勳","吳孟哲","蘇凡鈞","財務長","王淑儀","(02)2581-3818","2008/01/23","2019/09/25",新台幣                 10.0000元,266938610,26693861,0,0,合併,每年,董事會,"福邦證券股份有限公司","(02)2371-1658","台北市忠孝西路一段6號6樓","勤業眾信聯合會計師事務所","莊碧玉","簡明彥","TOFU","4F., No.42, Sec. 2, Minquan E. Rd., Zhongshan Dist.,Taipei City 104, Taiwan (R.O.C.)","(02)2581-3918","@dubuhouse.com.tw","https://www.tofuglobal.com/tw/home.html","蘇凡鈞","財務長","(02)2581-3818","tofu.ir@dubuhouse.com.tw","https://www.tofuglobal.com/tw/Home.html","https://www.tofuglobal.com/tw/Home.html"
"2754","亞洲藏壽司股份有限公司","亞洲藏壽司","觀光餐旅","－","台北市中山區中山北路3段32號6樓及6樓之1","	54669129","藪內薰","藪內薰","野島茂","財務長","黃品方","(02)8978-8558","2014/01/21","2020/09/17",新台幣                 10.0000元,468670000,46867000,0,0,合併,每年,股東會,"中國信託商業銀行 代理部","(02)6636-5566","台北市重慶南路一段83號5樓","勤業眾信聯合會計師事務所","薛峻泯","姚勝雄","KURA SUSHI ASIA","6F.&6F-1, No. 32, Sec. 3, Zhongshan N. Rd.Taipei City 104, Taiwan (R.O.C.)","(02)2598-3077","ir@kurasushi.tw","http://investor.kurasushi.tw/","野島茂","財務長","(02)8978-8558","ir@kurasushi.tw","http://investor.kurasushi.tw/","－"
"2755","揚秦國際企業股份有限公司","揚秦","觀光餐旅","－","桃園市中壢區合江路16號","	42591908","卓靖倫","林麗玲","蔡國憲","總經理室專案處長","黃序魁","033412298","2015/08/21","2020/12/16",新台幣                 10.0000元,368287110,36828711,0,0,合併,每年,股東會,"台新綜合證券(股)公司股務代理部","0225048125","台北市中山區建國北路一段96號B1","勤業眾信聯合會計師事務所","陳彥君","張青霞","YoungQin","NO. 16, Hejiang RdZhongli Dist., Taoyuan City 320, Taiwan","034627781","IR@youngqin.com.tw","http://www.youngqin.com.tw","黃序魁","總管理處副總經理","03-2737375","IR@youngqin.com.tw","https://www.youngqin.com.tw/index.php?code=list&ids=915","https://www.youngqin.com.tw//index.php?code=list&ids=876"
"2756","聯發國際餐飲事業股份有限公司","聯發國際","觀光餐旅","－","新北市汐止區新台五路一段95號18樓之7","	80676602","鄭凱隆","陳聖中","陳聖中","代理總經理","李雅筑","(02)2654-8585","2004/02/26","2022/01/14",新台幣                 10.0000元,245975840,24597584,0,0,合併,每季,董事會,"凱基證券股份有限公司股務代理部","(02)2389-2999","台北市重慶南路一段2號5樓","勤業眾信聯合會計師事務所","池瑞全","郭乃華","LIAN FA","18F-7, No. 95, Sec. 1, Xintai 5th Rd.Xizhi Dist., New Taipei City, Taiwan","(02)2783-2669","irr@1992sharetea.com","http://www.1992lianfa.com/","陳聖中","公關發言人","(02)2654-8585","irr@1992sharetea.com","http://www.1992lianfa.com/","－"
"2916","滿心企業股份有限公司","滿心","居家生活","－","新北市五股區五權六路十八號","	12498877","李俊良","後藤憲二","郭建隆","副總經理","陳永昌","02-22997755","1984/06/16","2005/03/10",新台幣                 10.0000元,646268780,64626878,0,0,個別,每年,董事會,"福邦證券(股)公司","02-2371-1658","台北市中正區忠孝西路一段6號6樓","安侯建業聯合會計師事務所","陳宜君","許淑敏","MUNSIN　","NO.18, WU-CHUAN 6 RD., WU-GU DIST,NEW TAIPEI CITY, TAIWAN, R.O.C.","02-22997765","munsin@ms7.hinet.net","www.munsin.com.tw","郭建隆","副總經理","02-22997755","simba@munsin.com.tw","http://www.munsin.com.tw/munsin/munsin_investor.html","http://www.munsin.com.tw/munsin/munsin_investor.html"
"2924","開曼群島宏太股份有限公司","宏太-KY","居家生活","KY","台北市中山區中山北路二段46號10樓","	26335810","黃愛玲","黃愛玲(代理)","曾毓文","副總經理","傅廷暐","(02)2547-5805","2009/02/06","2011/12/02",新台幣                 10.0000元,520359340,52035934,19230760,0,合併,每年,股東會,"台新證券股務代理部","(02)25048125","台北市中山區建國北路一段96號地下一樓","安侯建業聯合會計師事務所","池世欽","黃欣婷","Grand Galactica","10F., No. 46, Sec. 2, Zhongshan N. Rd., Zhongshan Dist., Taipei City104,TaiwanTaipei","(02)2719-9279","im@ggalactica.com","http://www.ggalactica.com","曾毓文","副總經理","(02)2511-6928","im@ggalactica.com","http://www.ggalactica.com/parties","https://www.ggalactica.com/investors_tw.php?id=1"
"2926","誠品生活股份有限公司","誠品生活","文化創意業","－","臺北市信義區松德路204號B1","	27952966","吳旻潔","吳旻潔","吳立傑","財務長","鄭書欣","(02)6638-5168","2005/09/26","2013/01/30",新台幣                 10.0000元,473896500,47389650,0,0,合併,每年,董事會,"元大證券(股)公司股務代理部","02-2586-5859","臺北市大安區敦化南路2段67號地下一樓","資誠聯合會計師事務所","楊蕙慈","張淑瓊","Eslite Spectrum","B1,No. 204 , Songde RdTaipei 110027, Taiwan","(02)6638-5268","ir@eslite.com","http://www.eslitespectrum.com.tw","鄭書欣","總監","(02)6638-5168","ir@eslite.com","http://www.eslitespectrum.com.tw/content.aspx?s=Stakeholder","https://eslitespectrum.com/content.aspx?s=BoardOfDirectors"
"2937","集雅社股份有限公司","集雅社","居家生活","－","高雄市苓雅區中正一路265號1樓","	89266170","盧乾三","謝舒閔","何政鋒","副總經理","沈稚鎧","07-7273128","1994/10/26","2017/06/08",新台幣                 10.0000元,435419750,43541975,0,0,合併,每年,董事會,"第一金證券股份有限公司","02-2563-5711","台北市大安區安和路一段 27 號6 樓","資誠聯合會計師事務所","廖阿甚","王駿凱","Gseven","1F., No.265, Zhong zheng  1st Rd., Lingya Dist.,Kaohsiung City 80283, Taiwan","07-7273983","andy-ho@gseven.com.tw","www.gseven.com.tw","何政鋒","副總經理","07-7273128","andy-ho@gseven.com.tw","https://www.gseven.com.tw/investor.php?id=94","https://www.gseven.com.tw/investor.php"
"2941","米斯特國際企業股份有限公司","米斯特","居家生活","－","台中市西屯區市政北二路236號22樓之1","	53167020","林瑞豪","林瑞達","林瑞達","總經理","趙廣安","0422549396","2010/10/12","2024/03/20",新台幣                 10.0000元,153900000,15390000,0,0,個別,每年,董事會,"群益金鼎證券(股)公司股務代理部","0227035000","台北市大安區敦化南路二段97號B2","資誠聯合會計師事務所","林雅慧","吳仁杰","MISTER","Rm. 1, 22F., No.236, Shizheng N. 2nd Rd., Xitun Dist.Taichung City 407, Taiwan (R.O.C.)","0422592576","leslie@life8.com.tw","www.life8.com.tw","趙廣安","財務協理","0422549396#706","stock@life8.com.tw","www.life8.com.tw","https://www.life8.com.tw/InvestorInfo?ID=2024051400004"
"2947","振宇五金股份有限公司","振宇五金","居家生活","－","台中市西屯區環中路二段27號","	29092696","曾善","洪國展","洪珮芳","副總經理","江志豪","04-24261580","2008/05/14","2021/10/06",新台幣                 10.0000元,214930600,21493060,0,0,合併,每半會計年度,董事會,"元大證券股份有限公司股務代理部","02-25865859","臺北市大安區敦化南路2段67號地下一樓","資誠聯合會計師事務所","賴志維","吳松源","Zhen Yu","No. 27, Sec. 2, Huanzhong Rd., Xitun Dist.,Taichung City 407, Taiwan (R.O.C.)","04-24264510","ir@ald.com.tw","www.ald.com.tw","江志豪","財會處協理","04-24261580","ir@ald.com.tw","www.ald.com.tw","https://www.ald.com.tw/index/governance/"
"2948","寶陞國際股份有限公司","寶陞","居家生活","－","台北市信義區忠孝東路五段508號16樓","	52330474","黃楷倫","黃楷倫","黃楷倫","董事長兼總經理","鄭弘寬","02-27261668","2016/10/03","2023/12/12",新台幣                 10.0000元,310000000,31000000,0,0,合併,每年,董事會,"兆豐證券股份有限公司股務代理部","02-33930898","台北市中正區忠孝東路二段95號1樓","安永聯合會計師事務所","林政緯","陳國帥","Bausen","16F,No.508, Sec.5,Zhongxiao E.Rd.,Xinyi Dist.,Taipei City 11083, Taiwan (R.O.C)","02-27261610","service@bausen.com","https://www.bausen.com/","鄭弘寬","副總經理","02-27261668","service@bausen.com","https://www.bausen.com/","https://bausen.com/???q?v?z±M°?-???q?v?z?B§@±?§?/"
"2949","欣新網股份有限公司","欣新網","數位雲端","－","台北市信義區東興路45號6樓","	54357012","陳德仁","黃懷恩","游偉民","財務長","黃懷恩","(02)8768-3830","2013/09/05","2023/12/15",新台幣                 10.0000元,306411000,30641100,0,0,合併,每年,董事會,"台新綜合證券股份有限公司","(02)2504-8125","台北市中山區建國北路一段96號B1","安永聯合會計師事務所","林素雯","張巧穎","HHG","6F., No. 45, Dongxing Rd., Xinyi Dist.,Taipei City 110403, Taiwan (R.O.C.)","(02)8768-3832","hhg_sa@hhgalaxy.com.tw","https://www.hhgalaxy.com.tw/","游偉民","財務長","(02)8768-3830","hhg_sa@hhgalaxy.com.tw","https://www.hhgalaxy.com.tw/","https://www.hhgalaxy.com/ir/company/"
"3064","泰偉電子股份有限公司","泰偉","文化創意業","－","新北市三重區興德路111-1號10樓","	70613972","林國泰","林佑翔","林佑翔","總經理","李發珍","(02)85110555","2000/08/02","2004/06/09",新台幣                 10.0000元,130114510,13011451,6134423,0,合併,每年,股東會,"元富證券股份有限公司","(02)27686668","台北市松山區光復北路11巷35號地下一樓","安永聯合會計師事務所","楊弘斌","徐榮煌","Astro Corp.　　","　　10F,No.111-1,Hsing De Rd.,Sanchong Dist　　  New Taipei City , Taiwan (R.O.C.)","(02)85110556","astro3064@astrocorp.com.tw","www.astrocorp.com.tw","暫缺","暫缺","(02)8511-0555#135","vacancy","http://www.astrocorp.com.tw/cht/IR_5.php","https://www.astrocorp.com.tw/investors-5-1.php"
"3066","李洲科技股份有限公司","李洲","光電業","－","新北市汐止區新台五路一段97號27樓","	04541794","李明順","李明順(代行)","李明順","董事長","邱秀香","(02)27066258","1974/05/24","2004/12/02",新台幣                 10.0000元,830706120,83070612,5500000,0,合併,每年,股東會,"群益證券股份有限公司","02-27023999","台北市大安區敦化南路二段97號B2","勤業眾信聯合會計師事務所","張至誼","洪國田","TAIWAN OASIS　","27F, No.97, Sec.1, Xintai 5th Rd., Xizhi Dist., New Taipei City 22175, TaiwanNew Taipei City, TAIWAN, R. O. C.","(02)26973658","candy.chiu@oasistek.com","http://www.oasistek.com","邱秀香","經理","(02)27066258","candy.chiu@oasistek.com","https://www.oasistek.com/zh-tw/Investor/Stock/Stakeholders","https://www.oasistek.com/zh-tw/Investor/Corporate/Directors"
"3067","全域股份有限公司","全域","其他電子業","－","新北市三重區興德路96號3樓","	04934334","姚天齊","鄒景文","高維宏","協理","高維宏","(02)2659-2166","1973/11/22","2003/10/21",新台幣                 10.0000元,200000000,20000000,0,0,合併,每年,股東會,"元大証券股份有限公司","(02)2586-5859","106台北市大安區敦化南路二段67號地下一樓","勤業眾信聯合會計師事務所","李冠豪","馬峻偉","PNC","3 F., No. 96, Xingde Rd., Sanchong Dist.,New Taipei City, Taiwan","(02)2659-2359","ir@twphonic.com","www.twphonic.com","高維宏","協理","(02)2659-2166","ir@twphonic.com","www.twphonic.com","www.twphonic.com"
"3071","協禧電機股份有限公司","協禧","電腦及週邊設備業","－","屏東市橋南里工業六路東段六號","	90724033","黃瑞益","黃瑞益","蔡政宏","董事長室特助","王淑貞","(07)2695166","1978/07/19","2004/12/30",新台幣                 10.0000元,1100000000,110000000,0,0,合併,每年,董事會,"中國信託商業銀行代理部","02-66365566","台北市中正區重慶南路一段八十三號五樓","安永聯合會計師事務所","李芳文","姚世傑","ADDA　","NO. 6 EAST SECTION INDUSTRY 6 RD.　　PINGTUNG CITY, TAIWAN. R. O. C　　","(07)2692011","tsai@adda.com.tw","http://www.adda.com.tw","蔡政宏","董事長室特助","(07)2695166-308","tsai@adda.com.tw","https://www.adda.com.tw/esg/Stakeholders/","https://www.adda.com.tw/investors/Corporate-Governance/Manager-Information/"
"3073","天方能源科技股份有限公司","天方能源","綠能環保","－","台北市中山區吉林路99號3樓","	86298705","甘正智","甘正智","徐韋吉","協理","黃小玲","02-2502-2285","1991/10/22","2007/10/08",新台幣                 10.0000元,395110280,39511028,0,0,合併,每年,股東會,"兆豐證券股份有限公司股務代理部","02-33930898","台北市忠孝東路二段95號1樓","安侯建業聯合會計師事務所","張淑瑩","潘俊名","Teamphon","3F., No. 99, Jilin Rd.,Zhongshan Dist., Taipei City 104, Taiwan","02-2502-3669","info@tpenergy.com.tw","https://www.tpenergy.com.tw","朱乃文","課長","02-2581-7859#2603","tim@tpenergy.com.tw","https://www.tpenergy.com.tw/#/stakeholders","https://tpenergy.com.tw/#/company"
"3078","僑威科技股份有限公司","僑威","電子零組件業","－","桃園市桃園區幸福路208號13樓","	84573516","潘君威","楊琇華","楊丹純","財務長","陳欣茹","03-2220268","1993/10/05","2005/01/31",新台幣                 10.0000元,2273910640,227391064,0,0,合併,每年,董事會,"富邦綜合證券(股)公司股務代理部","02-2361-1300","台北市中正區許昌街17號11樓","勤業眾信聯合會計師事務所","周仕杰","龔則立","CWT　　","13F., No.208, Xingfu Rd., Taoyuan Dist.,Taoyuan City 330, Taiwan (R.O.C.)","03-2220267","monica@mail.cwt.com.tw","www.cwt.com.tw","楊丹純","財務長","03-2220268#270","monica@mail.cwt.com.tw","http://www.cwt.com.tw/Investment/zhtw/formidable.aspx","－"
"3081","聯亞光電工業股份有限公司","聯亞","通信網路業","－","台南市善化區南科九路12號","	16022634","張景溢","羅淇生","楊吉裕","財務長","吳雅芳","(06)5058999","1997/06/02","2015/07/22",新台幣                 10.0000元,925172770,92517277,0,0,個別,每年,董事會,"華南永昌綜合證券(股)公司","(02)27186425","台北市松山區民生東路四段54號4樓","安侯建業聯合會計師事務所","蘇彥達","陳永祥","LandMark","No.12,Nanke 9th Rd,Shanhua Dist.Tainan City, Taiwan R.O.C　　","(06)5055189","investor@lmoc.com.tw","https://www.lmoc.com.tw/","楊吉裕","財務長","(06)5058999","investor@lmoc.com.tw","https://www.lmoc.com.tw/index.php?option=module&lang=cht&task=showlist&id=24&index=2","－"
"3083","中華網龍股份有限公司","網龍","文化創意業","－","台北市南港區南港路三段四十七巷二號四樓","	70541704","王俊博","呂學森","呂學森","總經理","江采琳","02-2652-2689","2000/03/28","2003/12/02",新台幣                 10.0000元,864868580,86486858,0,0,合併,每年,股東會,"永豐金證券股份有限公司","02-2381-6288","台北市博愛路十七號三樓","勤業眾信聯合會計師事務所","劉明賢","李冠豪","CHINESEGAMER","4F,2,Lane 47,Sec.3,Nangang Rd.Taipei,Taiwan,R.O.C.","02-2653-8905","investment@chinesegamer.net","www.chinesegamer.net","江采琳","財務長","02-26522689","investment@chinesegamer.net","WWW.CHINESEGAMER.NET","https://www.chinesegamer.net/web/i8.asp"
"3085","台鋼新零售股份有限公司","新零售","數位雲端","－","台北市內湖區新湖一路128巷15號6樓","	89836340","李雲琴","吳李祺","李雲琴","董事長","許家豪","(02)25596189","1994/09/01","2004/03/01",新台幣                 10.0000元,690192880,69019288,62578707,0,合併,每年,股東會,"台新綜合證券股份有限公司","(02)25048125","台北市中山區建國北路一段96號B1","馬施云大華聯合會計師事務所","吳昆益","吳獻恩","NEWRETAIL","6F, No. 15, Ln. 128, Xinhu 1st Rd.,Taipei City, Taiwan R.O.C","(02)25591518","michael_hsu@newretail.com.tw","http://www.newretail.com.tw/","許家豪","財務主管","02-25596189","michael_hsu@newretail.com.tw","http://www.newretail.com.tw/","https://www.newretail.com.tw/"
"3086","華義國際數位娛樂股份有限公司","華義","文化創意業","－","台北市內湖區行愛路141巷39號6樓","	84453385","施書凱","施書凱","李俊德","財務長","余宣蒂","55590070","1993/08/12","2004/03/29",新台幣                 10.0000元,272710510,27271051,0,0,合併,每年,董事會,"台新證券股務代理部","02-2504-8125","台北市建國北路一段96號B1","勤業眾信聯合會計師事務所","蔡宗遠","周以隆","WAYI　　","6F., No. 39, Ln. 141, Xing'ai Rd., Neihu Dist., Taipei City , TaiwanTaipei, Taiwan","55590095","investment@wayi.com.tw","www.wayi.net","李俊德","財務長","55590070","investment@wayi.com.tw","https://www.wayi.net/4_govern10.html","https://www.wayi.net/4_govern01.html"
"3088","艾訊股份有限公司","艾訊","電腦及週邊設備業","－","新北市汐止區南興路55號8樓","	23718011","楊裕德","吳偉熊, 范奇文","黃士青","資深特別助理","許錦娟","(02)8646-2111","1990/05/11","2005/04/28",新台幣                 10.0000元,1080790170,108079017,0,0,合併,每年,董事會,"台新證券股務代理部","(02)2504-8125","台北市建國北路一段96號地下一樓","資誠聯合會計師事務所","林柏全","蔡蓓華","AXIOMTEK","8F., No.55, Nanxing Road, Xizhi DistrictNew Taipei City 221026, Taiwan","(02)8646-2555","jane.hsu@axiomtek.com.tw","http://www.axiomtek.com.tw","黃士青","資深特別助理","(02)8646-2111#8010","IR@axiomtek.com.tw","http://www.axiomtek.com.tw/Default.aspx?MenuId=AboutUs&ItemId=195&C=%E5%88%A9%E5%AE%B3%E9%97%9C%E4%B","https://www.axiomtek.com.tw/Default.aspx?MenuId=AboutUs&ItemId=193&C=%E5%85%AC%E5%8F%B8%E6%B2%BB%E7%"
"3093","台灣港建股份有限公司","港建*","其他電子業","－","桃園市蘆竹區南崁路2段66號5樓之4","	04655310","王藝橋","廖豐瑩","廖豐瑩","總經理","周翠霞","03-3529333","1977/06/14","2005/06/17",新台幣                  2.5000元,362888940,145155576,0,0,合併,每年,董事會,"永豐金證券股份有限公司","02-23816288","台北市中正區博愛路17號3樓","安永聯合會計師事務所","張志銘","楊弘斌","TKK　","5F-4 NO.66,SEC2.Nan Kan Road.Lu-Chu,Taoyuan,Taiwan,R.O.C","03-3524566","Nina_Lin@tkk.com.tw","www.tkk.com.tw","周翠霞","管理處副總","+88633529332 #323","Chris_Chou@tkk.com.tw","https://www.tkk.com/tw/Csr","https://www.tkk.com/tw/Investor"
"3095","及成企業股份有限公司","及成","通信網路業","－","新北市中和區建二路111號","	33724081","張正寬","張翠雲","張宏羽","營運總經理","周忠賢","(02)2222-6638","1973/03/23","2005/05/26",新台幣                 10.0000元,161800000,10000000,1758464,6180000,合併,每年,股東會,"中國信託商業銀行代理部","(02)6636-5566","台北市重慶南路一段83號5樓","安侯建業聯合會計師事務所","吳佳翰","呂莉莉","CCC","NO.111 Chien-Er RdNew Taipei City ,Taiwan ROC","(02)2225-6240","jones.chou@chicheng.com.tw","http://www.chicheng.com.tw","周忠賢","處長","02-22226638#17000","jones.chou@chicheng.com.tw","https://www.chicheng.com.tw/tc/investment_list.php?cid=14","－"
"3105","穩懋半導體股份有限公司","穩懋","半導體業","－","桃園市龜山區華亞科技園區科技七路69號","	70752257","陳進財","陳國樺","曾經洲","協理","陳敬昉","03-397-5999","1999/10/16","2011/12/13",新台幣                 10.0000元,4239403840,423940384,0,0,合併,每年,董事會,"福邦證券股份有限公司股務代理部","(02)2371-1658","台北市中正區忠孝西路一段6號6樓","安侯建業會計師事務所","陳雅琳","鄭博仁","WIN　　","No.69, Keji 7th Rd., Hwaya Technology ParkGuishan Dist., Taoyuan City, Taiwan","03-397-5009","ir@winfoundry.com","www.winfoundry.com","陳敬昉","IR專案經理","分機18684","ir@winfoundry.com","https://www.winfoundry.com/wincsr/tw/communication.html","https://www.winfoundry.com/wincsr/tw/"
"3114","好德科技股份有限公司","好德","電子零組件業","－","台北市松山區敦化南路一段25號6樓","	20799897","陳國鴻","莊昆霖","李昆正","總經理特別助理","王昌惠","02-25708818","1978/09/23","2004/03/25",新台幣                 10.0000元,651297920,65129792,0,0,合併,每年,股東會,"元富證券股份有限公司","02-27686668","台北市光復北路11巷35號B1","安永聯合會計師事務所","張巧穎","張志銘","　　HT","6th Floor, No. 25, Tun Hwa S. Rd., Sec. 1　　Taipei City, Taiwan, R.O.C.","02-25709888","spokesman@howteh.com.tw","https://www.howteh.com.tw","李昆正","總經理特別助理","02-2570-8818","htfin@howteh.com.tw","https://www.howteh.com.tw/stakeholder.html","https://www.howteh.com.tw/corporategoverance.html"
"3115","富育榮綱股份有限公司","富榮綱","電子零組件業","－","台北市士林區承德路四段172號7樓","	86825235","承育企業管理顧問有限公司-代表人陳銘寬","羅&#26187;仁","陳銘寬","董事長","羅&#26187;仁","(02)28816777","1992/08/13","2005/04/08",新台幣                 10.0000元,721976150,72197615,56947044,0,合併,每年,股東會,"福邦證券股份有限公司","02-2383-6888","台北市中正區忠孝西路一段6號6樓","霈昇聯合會計師事務所","林育雅","王新元","TSC　　","7F.No.172, Sec.4, Chengde Rd., Shilin Dist.Taipei City 111, Taiwan","(02)28820829","abin@tscl.com.tw","https://www.tscl.com.tw","陳銘寬","董事長","(02)28816777","mike.chen@tscl.com.tw","https://www.tscl.com.tw","https://www.tscl.com.tw"
"3118","進階生物科技股份有限公司","進階","生技醫療業","－","新北市汐止區康寧街169巷80號","	23348952","邱春龍","葉家賢","邱春龍","董事長","李奕嫺","02-26959935","1989/12/07","2008/05/21",新台幣                 10.0000元,324528600,32452860,0,0,個別,每年,董事會,"元大證券股份有限公司","(02)2586-5859","106臺北市大安區敦化南路2段67號地下一樓","安侯建業聯合會計師事務所","楊樹芝","陳蓓琪","LEVEL","No. 80, Lane 169, Kang-Ning, St.,Hsi-Chih Dist., New Taipei  City,TAIWAN, R.O.C.","02-26950403","pr@mail.level.com.tw","www.level.com.tw","李奕嫺","財務副總經理","02-26959935","pr@mail.level.com.tw","http://www.level.com.tw/html/front/bin/ptlist.phtml?Category=332381","https://www.level.com.tw/corporate_tw_1.php"
"3122","笙泉科技股份有限公司","笙泉","半導體業","－","(30288)新竹縣竹北市台元一街8號7樓之一","	16945166","溫國良","林明為","廖崇榮","副總經理","高源聰","03-5601501","1999/06/21","2015/01/26",新台幣                 10.0000元,407648260,40764826,0,0,合併,每年,董事會,"群益金鼎證券(股)公司股務代理部","02-2702-3999","台北市大安區敦化南路二段97號B2","勤業眾信聯合會計師事務所","蔡美貞","林心彤","Megawin　","7F-1, No. 8, Taiyuan 1st St., Jhubei City, Hsinchu County 30288,Hsin-Chu County, Taiwan　　","03-5601510","sholder@megawin.com.tw","www.megawin.com.tw","廖崇榮","副總經理","03-6234096","sholder@megawin.com.tw","www.megawin.com.tw/zh-tw/about/index/34","https://16.163.81.178/zh-TW/governance"
"3128","昇銳智慧科技股份有限公司","昇銳","光電業","－","桃園市八德區長興路六七三號","	22601576","江添貴","蕭哲彥","蕭哲彥","總經理","鄭忠恕","03-3653121","1987/09/23","2006/09/04",新台幣                 10.0000元,473174890,47317489,0,0,合併,每年,董事會,"群益金鼎證券股份有限公司","02-27023999","台北市敦化南路二段97號地下二樓","勤業眾信聯合會計師事務所","尤盟貴","張耿禧","HI SHARP","NO. 673 CHANG SHING ROAD　　PA TE CITY TAOYUAN TAIWAN R.O.C.","03-3658688","fred@hisharp.com.tw","www.hisharp.com","江玉蓮","主任","03-3653121分機512","lita@hisharp.com.tw","https://www.hisharp.com/zh-tw/stakeholders.php","https://www.hisharp.com/zh-tw/governance.php"
"3131","弘塑科技股份有限公司","弘塑","其他電子業","－","30095新竹市香山區中華路六段89號","	84355899","張泰山","張鴻泰","梁勝銓","副總經理","張鴻泰","03-5183030","1993/05/07","2011/01/17",新台幣                 10.0000元,292160150,29216015,0,0,合併,每年,董事會,"群益金鼎證券股份有限公司","02-2702-3999","106台北市大安區敦化南路二段97號B2","資誠聯合會計師事務所","李典易","蔣承翰","GPTC","No.89, Sec. 6, Zhonghua Rd., Xiangshan Dist.,Hsinchu City 30095, Taiwan (R.O.C.)","03-5183560","invest@gptc.com.tw","https://www.gptc.com.tw/","莊凱吉","經理","03-5183030 ext.2002","invest@gptc.com.tw","https://www.gptc.com.tw/investors/Investros/","https://www.gptc.com.tw/about/corporate-governance/"
"3141","晶宏半導體股份有限公司","晶宏","半導體業","－","台北市內湖區內湖路一段308號12樓","	70392248","徐豫東","徐豫東","徐豫東","總經理","王聖芳","02-87978947","1999/08/14","2014/03/14",新台幣                 10.0000元,754607280,75460728,0,0,合併,每年,股東會,"福邦證券股份有限公司","02-2371-1658","台北市中正區忠孝西路一段六號六樓","勤業眾信聯合會計師事務所","黃海悅","虞成全","UltraChip","12F.,No.308, Sec.1,Neihu Rd., Neihu Dist.,Taipei City 114, Taiwan ( R.O.C.)","02-87978910","invest@ultrachip.com","http://www.ultrachip.com","王聖芳","協理","87978947","invest@ultrachip.com","http://www.ultrachip.com/zh/habout.php?id=172","http://www.ultrachip.com/zh/habout.php?id=170"
"3147","大綜電腦系統股份有限公司","大綜","資訊服務業","－","高雄市九如一路502號20樓之1","	86059612","李志忠","曾振順","洪明和","經理","林泳","07-3458011","1991/10/14","2018/05/29",新台幣                 10.0000元,436868310,43686831,0,0,合併,每年,董事會,"華南永昌綜合證券股份有限公司","02-27186425","台北市民生東路四段54號4樓","資誠聯合會計師事務所","廖阿甚","王駿凱","JETWELL　　","20 F.-1, No. 502, Jiuru 1st Rd., Sanmin Dist., Kaohsiung City 807404KAOHSIUNG,TAIWAN","07-3458433","jetwell@mail.jetwell.com.tw","https://www.jetwell.com.tw","林泳","經理","07-3458011","ellin@mail.jetwell.com.tw","NA","https://www.jetwell.com.tw/investor.php"
"3152","璟德電子工業股份有限公司","璟德","通信網路業","－","新竹縣湖口鄉新竹工業區漢陽路165號","	16443570","雙德投資股份有限公司-代表人郭建文","郭建文","周賢亮","經理","翁鈺博","(03)5987008","1998/04/15","2008/03/24",新台幣                 10.0000元,690162000,69016200,0,0,個別,每年,股東會,"台新證券股務代理部","(02)2504-8125","台北市建國北路一段96號地下一樓","安侯建業聯合會計師事務所","呂倩慧","鄭安志","ACX","165 Hanyang Road, Hsinchu Industrial DistrictHsinchu Hsien, Taiwan, 30352","(03)5987001","acx@acxc.com.tw","http://www.acxc.com.tw","周賢亮","經理","03-5987008","invest@acxc.com.tw","http://www.acxc.com.tw/non-con.php?page=9","https://www.acxc.com.tw/directors"
"3158","嘉實資訊股份有限公司","嘉實","資訊服務業","－","新北市新店區民權路95號12樓之2","	16795856","徐文伯","李政霖","徐文伯","董事長","李文華","29108899","1999/03/25","2025/11/17",新台幣                 10.0000元,304354250,30435425,0,0,合併,每年,董事會,"永豐金證券股份有限公司","23816288","100台北市博愛路17號3樓","資誠聯合會計師事務所","吳尚燉","郭柏如","SysJust　　","　　　　","89197179","ir@moneydj.com","https://www.sysjust.com.tw/","徐文伯","董事長","29108899","ir@moneydj.com","https://www.sysjust.com.tw/InvestorRelations/Operating.aspx","https://www.sysjust.com.tw/InvestorRelations/Organization.aspx"
"3162","精確實業股份有限公司","精確","電機機械","－","桃園市新屋區社子里二鄰中興路938號","	86406401","胡白莎","胡白莎","張俊成","財務長","陳姵如","03-4777561","1991/11/25","2005/10/03",新台幣                 10.0000元,1334411120,133441112,42338870,0,合併,每年,董事會,"中國信託商業銀行代理部","02-66365566","100台北巿重慶南路一段83號5樓","資誠聯合會計師事務所","支秉鈞","徐明釧","UAT","NO.938,Zhongxing Rd., She-Tzu Village Xinwu Dist.,Taoyuan City32746,Taiwan　　TAO-YUAN HSIEN.TAIWAN R.O.C","03-4777563","raychang@al-uatc.com","www.al-alloy.com.tw","張俊成","財務主管","02-27921578分機703","raychang@al-uatc.com","www.al-alloy.com.tw","https://www.al-alloy.com.tw/Governance.php"
"3163","波若威科技股份有限公司","波若威","通信網路業","－","新竹科學園區工業東九路30號3樓","	16586555","鄭萬來","黃裕文","張文樵","副總經理","黃淑君","035630099","1998/05/18","2012/12/03",新台幣                 10.0000元,805407410,80540741,0,0,合併,每年,董事會,"凱基證券股份有限公司股務代理部","(02)2389-2999","台北市重慶南路一段2號5樓","資誠會計師事務所","劉倩瑜","謝智政","Browave　　","3F, No.30, Industry East. Road IX, Hsinchu Science Park　　Hsin Chu 30075, Taiwan, ROC　","035630022","browave3163@browave.com","http://www.browave.com?@?@","余珍妮","公司治理主管","035630099#3163","jeannette.yu@browave.com","http://www.browave.com","https://www.browave.com/investors/Category/5"
"3169","亞信電子股份有限公司","亞信","半導體業","－","新竹科學園區新竹市新安路8號4樓","	84149435","王春旗","范振鋒","王春旗","策略長","范振鋒","03-5799500","1995/05/12","2009/11/24",新台幣                 10.0000元,631069810,63106981,0,0,合併,每年,董事會,"宏遠證券股份有限公司","02-77198899","台北市大安區信義路四段236號3樓","安侯建業聯合會計師事務所","吳俊源","鄭安志","ASIX　　","4F, NO 8, Hsin Ann Rd., Hsinchu Science Park,Hsinchu, Taiwan, R.O.C.","03-5771499","csr@asix.com.tw","https://www.asix.com.tw","蔡敏玲","協理","03-5799500","csr@asix.com.tw","https://www.asix.com.tw","https://www.asix.com.tw/tw/Investor/Investorcompanyinformation/InvestorCorporateGovernance"
"3171","炎洲流通股份有限公司","炎洲流通","居家生活","－","臺北市內湖區行善路397號5樓","	23945965","李其政","江文容","張詠傑","財務處處長","黃庭瑄","(02)81706199","1990/12/03","2004/09/17",新台幣                 10.0000元,331181580,33118158,10000000,0,合併,每年,董事會,"群益金鼎證券(股)公司股務代理部","(02)2702-3999","台北市大安區敦化南路二段97號B2","安永聯合會計師事務所","劉榮進","謝勝安","YCD","5F., No.397, Xingshan Rd., Neihu Dist.,Taipei,Taiwan,R.O.C","(02)87921311","tammy.huang@ycgroup.tw","https://www.ycdist.com/","林詠詩","高級專員","02-81706199","tiffany@achem.ycgroup.tw","https://www.ycdist.com/stakeholder.php","https://www.ycdist.com/InvestorList.php"
"3176","基亞生物科技股份有限公司","基亞","生技醫療業","－","台北市南港區園區街3號F棟14樓","	70760897","張世忠","張世忠","江雅鈴","營運管理部副總","陳鳳華","[02]7722-5200","1999/12/31","2011/11/23",新台幣                 10.0000元,1393067550,139306755,0,0,合併,每年,股東會,"群益金鼎證券股務代理部","02-2702-3999","臺北市大安區敦化南路二段97號B2","安永聯合會計師事務所","郭紹彬","余倩如","MEDIGEN","14F.,Bldg.F,NO.3,Yuancyu ST.,Nangang District,Taipei City 115,TaiwanTaipei, Taiwan 115.","[02]7722-5300","info@medigen.com.tw","https://www.medigen.com.tw","吳偉琪","資深專員","(02)7722-5200#851","Kathleen.Wu@medigen.com.tw","http://www.medigen.com.tw/zh/?s??§???-2/","https://www.medigen.com.tw/governance_directors"
"3178","公準精密工業股份有限公司","公準","半導體業","－","814 高雄市仁武區五和里八德二路168號","	75940820","蘇友欣","蘇虹音","蘇虹音","總經理","常唐寶","07-3597177","1978/03/27","2018/11/19",新台幣                 10.0000元,450500000,45050000,0,0,合併,每年,股東會,"第一金證券股務代理部","02-25635711","10688 台北市大安區安和路一段27號6樓","資誠聯合會計師事務所","王國華","廖阿甚","GONGIN","168, PA-TE  2ND  ROAD,  REN  WUU,　　KAOHSIUNG,  TAIWAN,  R.O.C　","07-3464392","gongin@mail.gongin.com.tw","www.gongin.com.tw","蘇虹音","總經理","0905983178","hysu@mail.gongin.com.tw","www.gongin.com.tw","www.gongin.com.tw/F/F01.php"
"3188","鑫龍騰開發股份有限公司","鑫龍騰","建材營造","－","高雄市鼓山區明誠四路33號","	12667444","黃學藤","黃勁嘉","陳宗燦","副總經理","蔡佳倫","(07)555-7880","2000/11/24","2004/03/17",新台幣                 10.0000元,1863098760,186309876,0,0,合併,每年,董事會,"福邦證券股份有限公司","(02)2371-1658","台北市中正區忠孝西路一段6號6樓","勤業眾信聯合會計師事務所","劉裕祥","王兆群","GLTD","No.33, Mingcheng 4th Rd., Gushan Dist.Kaohsiung City 80457, Taiwan (R.O.C.)","(07)555-7882","service@gltd.com.tw","https://www.gltd.com.tw/","陳宗燦","副總經理","(07)555-7880","service@gltd.com.tw","https://www.gltd.com.tw/stakeholder/","https://www.gltd.com.tw/company-profile/"
"3191","雲嘉南科技股份有限公司","雲嘉南","電子零組件業","－","台北市中正區中華路一段7號6樓之8","	86105242","陳國訓","楊本泉","黃騰威","財務長","許&#21894;司","02-23123081","1991/04/13","2005/04/12",新台幣                 10.0000元,435973810,43597381,16250000,0,合併,每年,股東會,"福邦證券股份有限公司股務代理部","(02)2371-1658","台北市中正區忠孝西路一段6號6樓","馬施云大華聯合會計師事務所","黃俊諺","郭怡倩","YJN","6F.-8, No.7, Sec. 1, Zhonghua Rd., Zhongzheng Dist.,Taipei City 10043, Taiwan (R.O.C.)","02-23123082","86105242@yjn.tw","http://www.holdjinn.com.tw","黃騰威","財務長","02-23123081","86105242@yjn.tw","http://www.holdjinn.com.tw","https://www.holdjinn.com.tw/%E5%85%AC%E5%8F%B8%E6%B2%BB%E7%90%86%E5%B0%88%E5%8D%80"
"3205","佰研生化科技股份有限公司","佰研","生技醫療業","－","台北市南港區園區街3號10樓之6","	16313696","楊清宗","楊朝崴","吳締苗","副總經理","黃香棋","02-26557166","1998/03/16","2005/09/12",新台幣                 10.0000元,675456310,67545631,35000000,0,合併,每年,股東會,"福邦證券股份有限公司股務代理部","02-2371-1658","台北市中正區忠孝西路一段6號6樓","安侯建業聯合會計師事務所","江曉苓","吳趙仁","SLS","10F-6, No.3, Park St.,Nangang District, Taipei City, Taiwan","02-26557066","cathy.wu@naturalbiokey.com","http://www.naturalbiokey.com","吳締苗","副總經理","02-26557166","cathy.wu@naturalbiokey.com","https://www.naturalbiokey.com/relation.php?arg=company","https://www.naturalbiokey.com/corporate-governance.php"
"3206","志豐電子股份有限公司","志豐","電子零組件業","－","新北市淡水區中正東路二段69-11號10樓","	31109687","張演堂","張演堂","葉方瑜","執行副總經理","林依萍","02-2809-5651","1979/07/24","2007/02/08",新台幣                 10.0000元,589166210,58916621,0,0,合併,每年,董事會,"永豐金證券股份有限公司","(02)2381-6288","台北市博愛路17號3樓","安侯建業聯合會計師事務所","黃柏淑","吳仲舜","KINGSTATE","10F., No.69-11, Sec. 2, Zhongzheng E. Rd., Danshui Dist.,New Taipei City 251, Taiwan (R.O.C.)","02-2809-7151","KS3206@kingstate.com.tw","www.kingstate.com.tw","林依萍","董事長室特別助理","(02)28095651","sunnylin@kingstate.com.tw","https://www.kingstate.com.tw/invested/49","https://www.kingstate.com.tw/esg"
"3207","耀勝電子股份有限公司","耀勝","電子零組件業","－","桃園市大溪區大鶯路309-28號","	86534980","蘇浩熙","邱明發","蘇小慧","總管理處協理","邱明發","03-3895755","1992/01/13","2004/11/04",新台幣                 10.0000元,664221240,66422124,4250000,0,合併,每年,股東會,"褔邦證券股份有限公司股務代理部","(02)2371-1658","台北市中正區忠孝西路一段6號6樓","安侯建業聯合會計師事務所","潘俊名","張淑瑩","YAO SHENG","No. 309-28, Daying RdDaxi Dist., Taoyuan City, Taiwan (R.O.C)","03-3893755","ystrns@yselectronic.com","www.top-nation.com","邱明發","總經理","(03)3895755","ystrns@yselectronic.com","https://www.top-nation.com/tw","https://www.top-nation.com/tw"
"3211","順達科技股份有限公司","順達","電腦及週邊設備業","－","桃園市龜山區文禾路188號13樓","	16596982","鍾聰明","張崇興","林郁蕙","財務處資深副總經理","劉品彤","(03)396-3399","1998/07/15","2004/11/08",新台幣                 10.0000元,1542885210,154288521,0,0,合併,每年,董事會,"群益金鼎證券股份有限公司","(02)2702-3999","台北市大安區敦化南路2段97號B2","勤業眾信聯合會計師事務所","簡明彥","胡家熀","Dynapack","13F., No. 188, Wenhe Rd., Guishan Dist.Taoyuan City 333,Taiwan, R.O.C","(03)396-3116","無","www.dynapack.com.tw","林郁蕙","財務處資深副總經理","(03)396-3399 #7728","invest@dynapack.com.tw","www.dynapack.com.tw","https://www.dynapack.com.tw/h/Data?key=iczce&set=23"
"3213","茂訊電腦股份有限公司","茂訊","電腦及週邊設備業","－","新北市深坑區北深路三段250號7樓","	23631726","沈頤同","沈頤同","周詠翔","執行副總經理","劉亞萍","(02)2662-6074","1990/03/15","2004/10/01",新台幣                 10.0000元,586855470,58685547,0,0,合併,每年,股東會,"群益金鼎證券股份有限公司","(02)2702-3999","台北市大安區106敦化南路二段97號地下二樓","安侯建業聯合會計師事務所","高靚玟","唐慈杰","Mildef","7F, No.250, Sec.3, Pei Shen Rd., Shen Keng Dist.,New Taipei  City 222, Taiwan","(02)2664-2662","ada.liu@mildefcrete.com","http://www.crete.com.tw/","周詠翔","執行副總經理","(02)2662-6074#501","nelson.chou@mildefcrete.com","http://eng.crete.com.tw/stock.htm","https://webserver3.crete.com.tw/www/rwd/index.htm"
"3217","優群科技股份有限公司","優群","電子零組件業","－","新竹市牛埔南路15之3號","	22575850","王朝樑","劉興義","劉興義","總經理","范玉真","03-5302747","1987/08/05","2004/04/30",新台幣                 10.0000元,901042030,90104203,0,0,合併,每年,股東會,"中國信託商業銀行代理部","(02)6636-5566","台北市重慶南路一段 83 號 3F","眾智聯合會計師事務所","楊永成","游佩靜","ARGOSY","No.15-3, Neo Pu South Rd.Hsinchu, Taiwan. R.O.C.","03-5307048","argosy@argosy.com.tw","argosytw.com","范玉真","財務長","03-5302747","jennyfan@argosy.com.tw","argosytw.com","－"
"3218","大學光學科技股份有限公司","大學光","生技醫療業","－","台北市南港區園區街3-1號4樓","	84926791","歐淑芳","盧政宏","劉俊杰","資深處長","張育祺","02-26558000","1994/08/03","2004/11/29",新台幣                 10.0000元,847248990,84724899,0,0,合併,每年,董事會,"福邦證券股份有限公司股務代理部","(02)2371-1658","台北市中正區忠孝西路一段６號６樓","勤業眾信聯合會計師事務所","廖婉怡","蔡宗遠","UNIVERSAL","4F., No.3-1, Yuanqu St., Nangang Dist.,Taipei City 115, Taiwan (R.O.C.)","02-26557890","jay.liu2@eyecenter.com.tw","www.uvb.com.tw/","張羽儀","投資人關係經理","26558000","ir@eyecenter.com.tw","https://www.uvb.com.tw/contact/contact_a04/","https://www.uvb.com.tw/investor/investor_a02/"
"3219","倚強科技股份有限公司","倚強科","其他電子業","－","臺北市內湖區瑞光路607號9樓","	86865138","吳聲皜","吳聲皜","王皓正","財務處長","林邦勳","(02)2658-2068","1992/09/04","2004/03/19",新台幣                 10.0000元,712838800,71283880,0,0,合併,每年,股東會,"永豐金證券股份有限公司股務部","(02)2381-6288","臺北市中正區博愛路17號 3 樓","勤業眾信聯合會計師事務所","謝明忠","彭以驊","Aethertek","9F., No. 607, Rueiguang Rd., Neihu Dist., Taipei City   ,Taipei,Taiwan (R.O.C.)","(02)2658-2098","contact@aether-tek.com","https://www.aether-tek.com/","王皓正","財務處長","(02)2658-2068","contact@aether-tek.com","https://www.aether-tek.com/","－"
"3221","台灣嘉碩科技股份有限公司","台嘉碩","通信網路業","－","桃園市平鎮區工業二路三號","	16264983","黃鈺同","李昆鴻","李昆鴻","執行副總經理","李進宏","03-469-0038","1997/11/10","2006/02/22",新台幣                 10.0000元,1038621100,103862110,0,0,合併,每年,股東會,"凱基證券股份有限公司股務代理部","02-23892999","台北市重慶南路一段2號5樓","安侯建業聯合會計師事務所","王怡文","黃海寧","TST","No. 3, Gungye 2nd Rd.Ping-Chen Dist.,Taoyuan,Taiwan, R.O.C.","03-469-7532","spokesman@mail.taisaw.com","http://www.taisaw.com","李進宏","財會部協理","03-4690038","spokesman@mail.taisaw.com","http://www.taisaw.com","https://www.taisaw.com/cn/governance"
"3224","三顧股份有限公司","三顧","電子通路業","－","新北市汐止區新台五路一段75號14樓之3","	16657495","楊弘仁","唐洪德","唐洪德","總經理","沈孟範","(02)2698-3466","1998/09/17","2004/06/03",新台幣                 10.0000元,781726480,78172648,10000000,0,合併,每年,董事會,"康和綜合證券股份有限公司","02-8787-1118","110台北市信義區基隆路一段176號B1","安侯建業聯合會計師事務所","郭欣頤","寇惠植","MetaTech","14F-3,NO.75 SEC.1,HSIN TAI WU RDHSI-CHIH,TAIPEI HSIEN,TAIWAN,R.O.C","(02)2698-3344","stock@metatech.com.tw","WWW.METATECH.COM.TW","唐洪德","總經理","(02)2698-3466","stock@metatech.com.tw","https://www.metatech.com.tw/tw/ir/stackholder","https://www.metatech.com.tw/tw/ir/directors"
"3226","龍鋒科技股份有限公司","龍鋒","電機機械","－","台南市永康區環工路75號","	22193115","林崇鎰","林崇鎰","陳智威","董事長特助","林琪中","(06)510-5388","1986/09/13","2004/06/16",新台幣                 10.0000元,644305730,64430573,0,0,個別,每年,董事會,"群益金鼎證券股份有限公司","(02)2702-3999","台北市大安區敦化南路二段97號地下二樓","勤業眾信聯合會計師事務所","張耿禧","尤盟貴","LFA","No. 75,Huangong Road, Yongkang District, Tainan City 71244, TaiwanTainan City, Taiwan (R.O.C.)","(06)510-5391","invest@lfa.com.tw","www.lfa.com.tw","陳智威","董事長特助","(06)510-5388","invest@lfa.com.tw","https://www.lfa.com.tw/%e6%b0%b8%e7%ba%8c%e7%99%bc%e5%b1%95/%e5%88%a9%e5%ae%b3%e9%97%9c%e4%bf%82%e4%","－"
"3227","原相科技股份有限公司","原相","半導體業","－","新竹科學園區新竹縣創新一路五號五樓","	16633261","黃森煌","黃森煌","羅美煒","資深副總經理","陳宏杰","03-5795317","1998/07/13","2006/05/04",新台幣                 10.0000元,1505628280,150562828,0,0,合併,每年,董事會,"宏遠證券股份有限公司","02-2326-8818","台北市信義路四段236號3樓","安永聯合會計師事務所","楊雨霓","邱琬茹","PXI","5F, No.5, Innovation Road I, Science-Based Industrial ParkHsin-Chu, Taiwan, R.O.C.","03-5794988","pxiir@pixart.com","http://www.pixart.com","羅美煒","資深副總經理","03-5795317#1199","pxiir@pixart.com","https://www.pixart.com/corporate-social-responsibility-2-detail/tw/csr-2-3","https://www.pixart.com/corporate-governance/tw/"
"3228","金麗科技股份有限公司","金麗科","半導體業","－","新竹市科學園區力行路2之1號6樓之1","	16200855","易建男","易建男","呂世民","財務處處長","蘇迎曦","03-6662866","1997/08/20","2005/03/02",新台幣                 10.0000元,715114950,71511495,1685000,0,個別,每年,股東會,"永豐金證券股份有限公司","02-23816288","台北市中正區博愛路17號3樓","資誠聯合會計師事務所","謝智政","劉倩瑜","RDC","6F-1,No.2-1,Lihsin Rd . Science-Based Industrial Park ,Hsinchu 300, Taiwan,R.O.C","03-5631498","spokesman@rdc.com.tw","https://www.rdc.com.tw/","呂世民","財務處處長","03-6662866轉105","James.Lu@rdc.com.tw","https://www.rdc.com.tw/index.php?route=ir/stakeholder","https://www.rdc.com.tw/index.php?route=ir/issue"
"3230","錦明實業股份有限公司","錦明","光電業","－","桃園市蘆竹區南崁里經國路896號16樓","	22490277","蔡翔峰","簡豪廷","李顯章","顧問","何思怡","03-3573689","1987/05/01","2006/09/25",新台幣                 10.0000元,860109000,86010900,15000000,0,合併,每年,股東會,"台新綜合證券股份有限公司","(02)2504-8125","台北市中山區建國北路一段96號B1","安永聯合會計師事務所","邱琬茹","黃靖雅","Jiin Ming","16F., NO.896, JINGGUO RD., LUZHU DIST.TAOYUAN CITY,TAIWAN,R.O.C.","03-3573258","jiinming@jmg.com.tw","http://www.jmg.com.tw","何思怡","財務主管","03-3573689","stella.ho@jmg.com.tw","https://jmg.com.tw/stakeholder-zone/","https://jmg.com.tw/achievements/"
"3232","昱捷股份有限公司","昱捷","電子通路業","－","新北市汐止區新台五路一段93號25樓之6","	22731120","蔡棟國","蔡棟國","葉瑞炫","副總經理","簡宏宇","8797-5025","1987/12/14","2004/11/01",新台幣                 10.0000元,465678650,46567865,0,0,合併,每年,董事會,"福邦證券股份有限公司股務代理部","(02)2371-1658","台北市中正區忠孝西路一段6號6樓","資誠聯合會計師事務所","梁益彰","周筱姿","SIC","25F.-6, No. 93, Sec. 1, Xintai 5th Rd., Xizhi Dist.,New Taipei City 221,  Taiwan,  R.O.C.","2659-3257","carterjian@ms.sentronic.com.tw","http://www.sentronic.com.tw","葉瑞炫","副總經理","8797-5025#506","microyeh@ms.sentronic.com.tw","http://www.sentronic.com.tw/§Q?`???Y?H±M°?.html","－"
"3234","光環科技股份有限公司","光環","通信網路業","－","新竹科學園區新竹市展業一路21號","	16211142","陳立惇","朱美彥","吳承儒","副總經理","張靜芳","03-5780080","1997/09/01","2011/03/24",新台幣                 10.0000元,1114746920,111474692,15000000,0,合併,每年,股東會,"元大證券股份有限公司","02-25865859","臺北市大安區敦化南路2段67號地下一樓","資誠聯合會計師事務所","鄭雅慧","江采燕","TrueLight","NO.21,PROSPERITY RD.1, HSINCHU SCIENCE PARKHSINCHU,300 , TAIWAN, R.O.C.","03-5780555","finance@truelight.com.tw","http://www.truelight.com.tw","吳承儒","副總經理","03-5780080","finance@truelight.com.tw","https://www.truelight.com.tw/esg/Stakeholders/","https://www.truelight.com.tw/Investor#"
"3236","千如電機工業股份有限公司","千如","電子零組件業","－","桃園市楊梅區水美里楊湖路一段422號","	45011782","徐明恩","范良芳","徐錫愷","副總經理","徐士(山夆)","03-4788105","1979/05/25","2004/12/02",新台幣                 10.0000元,1050006130,105000613,0,0,合併,每年,股東會,"中國信託商業銀行代理部","02-66365566","台北市重慶南路一段83號5樓","勤業眾信聯合會計師事務所","&#28201;智源","葉東煇","ABC","No.422, Sec.1 ,Yangfu Rd.,Yangmei 326 Taoyuan,Taiwan","03-4783855","abcsa@atec-group.com","www.atec-group.com","徐錫愷","副總經理","03-4788105#1111","tommy.hsu@atec-group.com","https://www.atec-group.com/tw/csr-169-255-page570","https://www.atec-group.com/tw/extrabold-56-274-page602"
"3252","海灣國際開發(股)公司","海灣","觀光餐旅","－","臺中市西區民龍里大和路22號3樓","	84919932","劉至誠","劉至誠","劉玟君","特助","劉至誠","04-23026088","1994/07/19","2004/09/23",新台幣                 10.0000元,501957540,50195754,0,0,合併,每年,股東會,"福邦證券股份有限公司","02-2371-1658","台北市忠孝西路一段6號6樓","安侯建業聯合會計師事務所","張字信","郭士華","Haiwan","No.22, Dahe Rd., West Dist., Taichung City 403, Taiwan (R.O.C.)Taichung City, Taiwan","04-23022911","haiwan@haiwan.tw","www.haiwan.tw","劉玟君","特助","04-2302-6088#311","haiwan@haiwan.tw","www.haiwan.tw","－"
"3259","鑫創科技股份有限公司","鑫創","半導體業","－","新竹縣竹北市台元街22號5樓之一","	16766959","胡定中","胡定中","胡定中","董事長","劉志成","03-5526568","1998/11/26","2007/12/24",新台幣                 10.0000元,729659340,72965934,14250206,0,個別,每年,股東會,"群益金鼎證券股份有限公司","02-2703-5000","台北市大安區敦化南路二段97號B2","聯捷聯合會計師事務所","詹定勳","邱雲超","3S","5F-1,No. 22,Taiyuan St., Tai Yuen Hi-Tech industrial ParkZhubei City, Hsinchu County 302, Taiwan.","03-5526560","spokesman@3system.com.tw","www.3system.com.tw","胡定中","董事長","03-5526533","spokesman@3system.com.tw","https://www.3system.com.tw/zh-tw/investor/responsibility","https://www.3system.com.tw/zh-tw/investor/director"
"3260","威剛科技股份有限公司","威剛","半導體業","－","台北市內湖區潭美街533號25樓","	12861019","陳立白","陳玲娟","陳靜慧","處長","林明慧","02-8228-0886","2001/05/04","2004/10/08",新台幣                 10.0000元,3257440480,325744048,0,0,合併,每半會計年度,董事會,"康和綜合證券(股)公司股務代理部","(02)8787-1118","台北市信義區基隆路一段176號B1","資誠聯合會計師事務所","于智帆","王方瑜","ADATA","25F., No. 533, Tanmei St.Neihu Dist., Taipei City 114","02-8228-0887","adata@adata.com","www.adata.com","林明慧","經理","(02)8228-0886","ir@adata.com","https://www.adata.com/tw/investor/governance/?tab=STAKEHOLDER_CONTACT_POINT","https://esg.adata.com/tw/Corporate-Governance/"
"3264","欣銓科技股份有限公司","欣銓","半導體業","－","新竹縣湖口鄉勝利村工業三路3號","	70751779","盧志遠","張季明","江文山","副處長","藍政明","03-5976688","1999/10/11","2005/01/05",新台幣                 10.0000元,4901700760,490170076,0,0,合併,每年,股東會,"中國信託商業銀行代理部","02-6636-5566","台北市重慶南路一段83號5樓","資誠聯合會計師事務所","劉倩瑜","鄭雅慧","Ardentec","No.3, Gongye 3rd Rd., Shengli Vil.,Hukou Township,Hsinchu County 303, Taiwan","03-5971399","Investors@ardentec.com","www.ardentec.com","江文山","財務管理處副處長","03-5976688-1957","investors@ardentec.com","https://web.ardentec.com/?m=111","https://web.ardentec.com/?m=56"
"3265","台星科股份有限公司","台星科","半導體業","－","新竹縣芎林鄉華龍村6鄰鹿寮坑176-5號","	70552666","黃興陽","翁志立","劉貴竹","財務處主計長","黃皓紀","03-5936565","2000/04/26","2005/08/02",新台幣                 10.0000元,1362616590,136261659,0,0,合併,每年,董事會,"元大證券股份有限公司","02- 2586-5859","臺北市大安區敦化南路2段67號地下一樓","資誠聯合會計師事務所","李典易","謝智政","WST","NO 176-5, LU LIAO KEN, 6 LING, HUA  LUNG  CHUN,CHIUNG LIN, HSIN-CHIU HSIEN,  TAIWAN,","03-5935353","kevin.liu@winstek.com.tw","https://www.winstek.com.tw/html/home/index-tw.html","劉貴竹","財務處主計長","03-5936565 ext 2133","kevin.liu@winstek.com.tw","https://www.winstek.com.tw/html/CSR/Stakeholders.html","https://www.winstek.com.tw/html/corporate/Performance-of-Corporate-Governance.html"
"3268","海德威電子工業股份有限公司","海德威","半導體業","－","台中市西屯區台灣大道四段925號14F-6","	86105539","黃 (方方土) 芳","游賜傑","游賜傑","總經理","楊仁德","(04)2355-0011","1991/04/13","2005/01/27",新台幣                 10.0000元,347207960,34720796,0,0,合併,每年,股東會,"台新證券股務代理部","(02)2504-8125","台北市建國北路一段96號B1","資誠會計師事務所","賴志維","王玉娟","Higher Way","14F-6  No.925, Sec. 4, Taiwan Boulevard, Xitun DistTaichung, Taiwan, R.O.C","(04)2355-0022","fina.inve@higherway.com.tw","www.higherway.com.tw","劉姿幸","處長","04-23550011","fina.inve@higherway.com.tw","www.higherway.com.tw","－"
"3272","東碩資訊股份有限公司","東碩","電腦及週邊設備業","－","新北市新店區寶橋路235巷131號3樓之4","	84126144","曹賜正","曹賜正(暫代)","薛劍峰","副總經理","(待補)","89191200","1993/02/04","2014/08/26",新台幣                 10.0000元,611767890,61176789,0,0,合併,每年,董事會,"兆豐證券股份有限公司","02-3393-0898","台北市中正區忠孝東路二段95號1樓","資誠聯合會計師事務所","于智帆","黃世鈞","GW","3F-4 NO.131,LANE 235,Pau-Chiao Rd.,Hsin-Tien  DistrictNew Taipei City,Taiwan, R.O.C.","89191220","ir@goodway.com.tw","www.goodway.com.tw","薛劍峰","發言人","89191200","ir@goodway.com.tw","www.goodway.com.tw","https://www.goodway.com.tw/tw/news/article"
"3276","宇環科技股份有限公司","宇環","電子零組件業","－","桃園市平鎮區工業二路12號","	70684527","李明熹","李明熹","胡秀杏","財務部副總經理","劉菊珍","03-4698860","1999/12/29","2005/01/12",新台幣                 10.0000元,697126660,69712666,0,0,合併,每年,董事會,"福邦證券股份有限公司","02-23711658","台北市中正區忠孝西路一段6號6樓","安侯建業聯合會計師事務所","陳宜君","江曉苓","tht","No.12, Gongye 2nd Rd.,Pingzhen Dist.,Taoyuan City 324, Taiwan (R.O.C.)","03-4698277","ritahu@tpt-pcb.com.tw","http://www.tht-pcb.com.tw","胡秀杏","財務部副總經理","03-4698860#402","ritahu@tpt-pcb.com.tw","http://www.tht-pcb.com.tw/Social_Responsibility.html","http://www.tht-pcb.com.tw/Corporate_governance.html"
"3284","太普高精密影像股份有限公司","太普高","其他","－","高雄市大寮區大發工業區莒光二街20號","	16469727","呂金發","侯景文","侯景文","總經理","呂品學","07-7877690","1998/10/21","2005/03/22",新台幣                 10.0000元,1084824730,108482473,0,0,合併,每年,董事會,"永豐金證券股份有限公司","02-23816288","100台北市中正區博愛路17號3樓","安永聯合會計師事務所","洪國森","陳政初","TOP","No. 20, Jui-Kuan 2nd St., Ta-Fa lnd. Dist., Kaohsiung ,  Taiwan 831 R.O.CKaohsiung ,  Taiwan 831 R.O.C","07-7870942","partner@pstop.com.tw","https://www.ctptop.com.tw/","侯景文","總經理","07-7877690#102","alanhou@pstop.com.tw","https://www.ctptop.com.tw/data-16264","https://www.ctptop.com.tw/data-16283"
"3285","微端科技股份有限公司","微端","其他電子業","－","新北市汐止區康寧街169巷31號12樓","	89649873","陳曉華","魯景岱","楊宗達","業務副總","郭仲銓","(02)2692-3889","1995/07/27","2012/07/23",新台幣                 10.0000元,427353240,42735324,0,0,合併,每年,股東會,"富邦綜合證券股份有限公司","02-2361-1300","臺北市中正區許昌街17號11樓","勤業眾信聯合會計師事務所","池瑞全","蔡宗遠","MT","12Fl, No31, Lane169, Kang Ning St.,Xizhi, New Taipei City , Taiwan, R.O.C.","(02)2695-8625","sky@microtips.com.tw","www.microtips.com.tw","楊宗達","業務副總","0226953133","maurice@microtips.com.tw","http://www.microtips.com.tw/zh-TW/invest_3/index","https://www.microtips.com.tw/zh-TW"
"3287","廣寰科技股份有限公司","廣寰科","電腦及週邊設備業","－","新北市中和區建二路113號6樓","	70360251","王忠傑","黃智宏","王桂英","總經理室特助","林惠津","(02)8228-6088","1999/05/10","2008/01/28",新台幣                 10.0000元,439704830,43970483,0,0,合併,每年,股東會,"永豐金證券股份有限公司","(02)2381-6288","台北市博愛路17號3樓","安永聯合會計師事務所","王慕凡","林素雯","Kworld","6F., No.113, Jian 2nd Rd., Jhonghe Dist., 235New Taipei City , Taiwan (R.O.C.)","(02)8221-6856","annie@kworld.com.tw","www.kworld.com.tw","林惠津","manager","(02)8228-6088","lily@kworld.com.tw","http://www.kworld-global.com","－"
"3288","點晶科技股份有限公司","點晶","電子零組件業","－","新竹科學工業園區新竹市展業一路9號4樓之3","	97334073","金際遠","金際遠","金際遠","董事長","賴恬忻","03-5645656","1996/12/27","2005/04/15",新台幣                 10.0000元,160000000,16000000,3164602,0,合併,每年,股東會,"群益金鼎證券股份有限公司","02-27023999","台北市敦化南路二段97號地下二樓","德昌聯合會計師事務所","陳秀莉","陳裕勳","SiTI","9-4F-3 Prosperity Road I Science-Based Industrrial ParkHsinchu, Taiwan 300, R.O.C.","03-5645626","tiffany@siti.com.tw","www.siti.com.tw","賴恬忻","財會經理","03-5645656~1313","tiffany@siti.com.tw","http://www.siti.com.tw/info/info9.html","http://www.siti.com.tw/corporate-governance.html"
"3289","宜特科技股份有限公司","宜特","其他電子業","－","新竹市埔頂路22號1樓","	89845410","余維斌","余維斌","林榆桑","財務長","邱鈺婷","(03)5799909","1994/03/09","2004/12/28",新台幣                 10.0000元,864748710,86474871,600000,0,合併,每季,董事會,"兆豐證券股務代理部","(02)3393-0898","台北市忠孝東路二段九十五號一樓","勤業眾信聯合會計師事務所","&#28201;智源","張雅芸","IST","1F,NO.22,Pu-ding Rd.,Hsin-Chu  City, Taiwan, R.O.C","(03)6662793","ir@istgroup.com","www.istgroup.com","林榆桑","財務長","03-5799909#1888","selina_lin@istgroup.com","www.istgroup.com","－"
"3290","東浦精密光電股份有限公司","東浦","電子零組件業","－","桃園市蘆竹區長興路二段58號","	89347602","戴建樟","戴建樟","簡雅惠","協理","翁宗宇","(03)3249666","1995/03/08","2005/05/19",新台幣                 10.0000元,902150340,90215034,9800000,0,合併,每年,董事會,"凱基證券股份有限公司","(02)23892999","10044台北市中正區重慶南路一段2號5樓","安侯建業聯合會計師事務所","陳燕慧","吳俊源","DONPON","No. 58, Sec. 2, Changxing Rd.,Luzhu Dist., Taoyuan City","(03)3240999","spokesman@donpon.com","www.donpon.com","簡雅惠","協理","(03)3249666","Investor@donpon.com","http://www.donpon.com/webls-zh-tw/msg/message-§Q?`???Y?H±M°?-32.html","https://www.donpon.com/msg/message-TEST-89.html"
"3293","鈊象電子股份有限公司","鈊象","文化創意業","－","新北市五股區五工路130號","	23519738","李柯柱","江順成","江順成","總經理","陳阿見","(02)22995048","1989/11/10","2006/07/12",新台幣                 10.0000元,2818015600,281801560,0,0,合併,每半會計年度,董事會,"群益金鼎證券(股)公司","(02)2702-3999","台北市大安區敦化南路二段97號B2","勤業眾信聯合會計師事務所","周仕杰","李東峰","IGS","No.130, Wugong Rd., Wugu Dist.,New Taipei City 248, Taiwan (R.O.C.)","(02)22901394","vickysung@igs.com.tw","www.igs.com.tw","陳阿見","總經理","(02)22993293","vickysung@igs.com.tw","https://www.igs.com.tw/investors/","https://www.igs.com.tw/investors/"
"3294","英濟股份有限公司","英濟","電子零組件業","－","新北市中和區建八路16號17樓之4","	86362776","徐文麟","姜同會","張嘉正","財務長","黃燕華","(02)8226-5118","1991/10/15","2007/04/27",新台幣                 10.0000元,1320159190,132015919,0,0,合併,每年,董事會,"中國信託商業銀行代理部","(02)6636-5566","台北市重慶南路一段83號5樓","安侯建業聯合會計師事務所","尹元聖","許詩淳","Megaforce","17F-4., No.16, Jian 8th Rd.Zhonghe Dist., NewTaipei City,Taiwan,ROC","(02)8226-3569","grace_huang@megaforce.com.tw","www.megaforce.com.tw","黃燕華","協理","(02)8226-5118#115","grace_huang@megaforce.com.tw","https://www.megaforce.com.tw/zh-tw/Html/Stakeholder","https://www.megaforce.com.tw/zh-tw/Html/Board_Of_Directors"
"3297","杭特電子股份有限公司","杭特","光電業","－","新北市汐止區大同路二段171號9樓","	23133690","鄭子釗","李新榮","顏志全","總經理室特別助理","鄭翠鈴","(02)8692-7999","1988/11/28","2005/06/07",新台幣                 10.0000元,360494450,36049445,0,0,合併,每年,股東會,"台新證券股務代理部","02-25048125","台北市建國北路一段96號地下一樓","資誠聯合會計師事務所","陳憲正","林瑟凱","Hunt","9F, No.171, Sec. 2, Datong Rd., Xizhi Dist.,New Taipei City 22183, Taiwan","(02)8692-6678","investor@hunt.com.tw","www.hunt.com.tw","顏志全","總經理室特別助理","(02) 8692-7999","joseph_yen@hunt.com.tw","www.hunt.com.tw","https://www.hunt.com.tw/edcontent.php?lang=tw&tb=6&cid=235"
"3303","岱稜科技股份有限公司","岱稜","其他電子業","－","台南市麻豆區麻柚路383號","	23842911","蔡國龍","李顯昌","李怡君","財務處處長","王淑瀅","06-5703853","1990/08/29","2007/05/28",新台幣                 10.0000元,940906070,94090607,0,0,合併,每年,董事會,"福邦證券股務代理部","02-2371-1658","台北市中正區忠孝西路一段6號6樓","安永聯合會計師事務所","胡子仁","姚世傑","UNIVACCO","No. 383, Mayou Rd., Madou Dist.,Tainan City 721013 , Taiwan R.O.C.","06-5702195","ir@univacco.com","https://www.univacco.com.tw/","李怡君","財務處處長","06-5703853#1338","ir@univacco.com","https://reurl.cc/4LNqKL","https://reurl.cc/zq5o3a"
"3306","鼎天國際股份有限公司","鼎天","通信網路業","－","桃園市龜山區公西里文化二路40號8樓","	16433708","達啟投資股份有限公司:指派代表馬惠群","馬惠群暫代","黃凱崙","財務長","張佑華","(03)396-0001","1997/12/23","2005/07/05",新台幣                 10.0000元,506077020,50607702,0,0,合併,每年,董事會,"兆豐證券股份有限公司","(02)3393-0898","台北市忠孝東路二段95號1樓","安侯建業聯合會計師事務所","陳盈如","陳宜君","RoyalTek","8F,No 40 Wen Hwa 2nd Rd.,Kuei ShanTao Yuan,Taiwan,R.O.C","(03)396-0065","finance@royaltek.com","www.royaltek.com/tw/","黃凱崙","財務長","03-396-0001*8888","david.huang@royaltek.com","http://tw.royaltek.com/aboutus/investors.aspx","－"
"3310","佳穎精密企業股份有限公司","佳穎","電子零組件業","－","桃園市大園區和平西路二段110號","	22948084","林坡圳","蔡東&#21234;","蔡東&#21234;","總經理","林坡圳","03-3858181","1988/06/20","2008/06/27",新台幣                 10.0000元,749484020,74948402,0,0,合併,每年,股東會,"褔邦證券股份有限公司","02-2371-1658","台北市中正區忠孝西路一段6號6樓","安侯建業聯合會計師事務所","張淑瑩","潘俊名","CHIALIN","NO. 110, Sec. 2, Heping W. Rd., Dayuan Dist.,Taoyuan City 337, Taiwan, R.O.C.","03-3866238","anson.tsai@chialin.com.tw","www.chialin.com.tw","蔡東&#21234;","總經理","03-3858181","anson.tsai@chialin.com.tw","https://www.chialin.com.tw/article.php?lang=tw&tb=6&id=300","https://www.chialin.com.tw/article.php?lang=tw&tb=6&id=288"
"3313","斐成開發科技股份有限公司","斐成","其他","－","台南市安平區永華路二段248號11樓之2","	84341994","張祐銘","李東洪","韓元翔","財務主管","蔡雅如","06-2995586","1993/12/02","2006/05/29",新台幣                 10.0000元,2210701380,221070138,108380000,0,合併,每年,董事會,"中國信託商業銀行代理部","(02)6636-5566","台北市中正區重慶南路1段83號5樓","安侯建業聯合會計師事務所","高鈺倫","許振隆","FCD","Rm. 2, 11F., No. 248, Sec. 2, Yonghua Rd., Anping Dist.,Tainan City 708008, Taiwan (R.O.C.)","06-2996670","fce_01@yahoo.com","www.fce.com.tw","韓元翔","財務部經理","06-2995586","fce_01@yahoo.com","https://www.fce.com.tw/complaint","https://www.fce.com.tw/gov_structure"
"3317","尼克森微電子股份有限公司","尼克森","半導體業","－","新北市汐止區工建路368號12樓","	16752651","楊惠強","楊惠強","林訓民","特別助理","張玲妮","(02)26426789","1998/10/08","2007/08/09",新台幣                 10.0000元,900000000,90000000,0,0,合併,每年,董事會,"華南永昌綜合證券股份有限公司","(02)27186425","台北市民生東路4段54號4樓","安侯建業聯合會計師事務所","傅泓文","莊鈞維","NIKO-SEM","12F., NO.368, GONG-JIAN RD.,SHI-JI DIST., NEW TAIPEI CITY ,TAIWAN","(02)26495288","ir@niko-sem.com","www.niko-sem.com","張玲妮","會計經理","(02)26426789","ir@niko-sem.com","https://www.niko-sem.com/portal_a1.php?owner_num=a1_72404&button_num=a1","https://www.niko-sem.com/portal_a1.php?owner_num=a1_72373&button_num=a1"
"3322","建舜電子製造股份有限公司","建舜電","電子零組件業","－","新北市汐止區新台五路一段79號19樓","	34145259","黃欽雄","黃欽基","黃欽基","總經理","歐耿宏","26984882","1977/03/22","2009/05/20",新台幣                 10.0000元,1215821570,121582157,0,0,合併,每年,股東會,"凱基證券股份有限公司","23148800","台北市重慶南路一段2號5樓","安侯建業聯合會計師事務所","區耀軍","王怡文","JEM","19F, No.79, Sec.1, Sintai 5Th Rd,Sijhih Dist., New Taipi City, Taiwn","26982628","jem.ir@jem.com.tw","http://www.jem.com.tw","歐耿宏","財務長/總管理處處長","02-26984882","jem.ir@jem.com.tw","https://www.jem.com.tw/Investor2.aspx?ID={7121F158-E0FF-436C-A0F4-65A4E4D3E727}","https://www.jem.com.tw/Investor.aspx?ID={5fcec5e2-8a19-4cf8-aafb-1814031ddea4}&Type=1#FP"
"3323","加百裕工業股份有限公司","加百裕","電腦及週邊設備業","－","桃園市龍潭區工五路128號","	16271936","黃世明","林才富","林建羽","財務長","趙興國","03-4899054","1997/11/20","2007/06/25",新台幣                 10.0000元,976240860,97624086,0,0,合併,每年,董事會,"中國信託商業銀行代理部","02-66365566","台北市重慶南路一段83號5樓","安侯建業聯合會計師事務所","辛郁婷","王怡文","Celxpert","No.128, Gong 5th Rd.,Lung Tan,Taoyuan,Taiwan.","03-4897320","investor@celxpert.com.tw","http://www.celxpert.com.tw","林建羽","財務長","(03)4899054#1132","investor@celxpert.com.tw","https://zh-tw.celxpert.com.tw/data_5939","https://zh-tw.celxpert.com.tw/data_6891"
"3324","雙鴻科技股份有限公司","雙鴻","其他電子業","－","新北市新莊區五權三路6號3樓","	16619628","林育申","陳志偉","陳玉玲","董事長室經理","黃晶暄","02-89901653","1998/08/24","2005/05/13",新台幣                 10.0000元,930747950,93074795,0,0,合併,每年,股東會,"台新證券股務代理部","02-25048125","台北市建國北路一段96號地下一樓","資誠聯合會計師事務所","胡智華","徐聖忠","AURAS","No.6,3F,Wu-Chun 3rd Road,Hsinchuang DistrictNew Taipei City, Taiwan","02-89904129","Kelly_Chen@auras.com.tw","http://www.auras.com.tw","陳玉玲","董事長室經理","02-89901653","Kelly_Chen@auras.com.tw","https://www.auras.com.tw/zh-hant/node/250","https://www.auras.com.tw/CorporateGovernance/39"
"3325","旭品科技股份有限公司","旭品","電腦及週邊設備業","－","新北市三重區興德路98號11樓","	96958986","蕭奕彰","洪廷宏","陳炤正","業務部專案經理","李榮德","2999-8658","1996/04/26","2005/08/15",新台幣                 10.0000元,1101686100,110168610,2382089,0,合併,每年,董事會,"華南永昌綜合證券股務代理部","2718-6425","台北市松山區民生東路四段54號4樓","勤業眾信聯合會計師事務所","李冠豪","林旺生","Casing","11F, NO.98, HSING DER RD.,SANCHONG DIST., NEW TAIPEI CITY, TAIWAN","2999-8825","service@casing.com.tw","https://www.casing.com.tw/index.php","洪廷宏","總經理","2999-8658","richard@casing.com.tw","http://www.casing.com.tw/investor.php?id=25&nid=14","https://www.casing.com.tw/investor.php?nid=13"
"3332","幸康電子股份有限公司","幸康","電子零組件業","－","台北市大安區信義路四段306號14樓","	86009297","周世軒","顏雲曉","周美娟","財務處協理","林碧華","27086210","1991/02/13","2008/01/24",新台幣                 10.0000元,481042460,48104246,0,0,合併,每年,股東會,"中國信託商業銀行代理部","02-66365566","台北市中正區重慶南路一段83號5樓","資誠聯合會計師事務所","徐明釧","支秉鈞","CINCON","14F, No. 306, Sec. 4, Hsin Yi Rd.Taipei  Taiwan,R.O.C","27059083","invest@cincon.com.tw","http://www.cincon.com.tw","周美娟","財務處協理","0227086210","invest@cincon.com.tw","http://www2.cincon.com/chinese_4_01.html","http://www2.cincon.com/chinese_4_07.html"
"3339","泰谷光電科技股份有限公司","泰谷","光電業","－","南投縣南投市自強三路18號","	70774610","蔡兆全","黃國師","黃書群","處長","李甯潔","049-2261626","2000/05/31","2006/06/27",新台幣                 10.0000元,665683000,66568300,0,0,合併,每年,股東會,"福邦證券股份有限公司","(02)2371-1658","台北市中正區忠孝西路一段6號6樓","安侯建業聯合會計師事務所","張淑瑩","區耀軍","TEKCORE","NO.18, TZU-CHUNG 3RD. ROAD, NAN-KUNG INDUSTRIAL ZONENANTOU, TAIWAN, R.O.C.","049-2261634","stock@tekcore.com.tw","www.tekcore.com.tw","黃書群","財會主管","049-2261626#4618","michael@tekcore.com.tw","http://www.tekcore.com.tw/index.php?option=com_content&task=section&id=15&Itemid=185","http://www.tekcore.com.tw/index.php?option=com_content&task=category&sectionid=16&id=29&Itemid=186"
"3349","寶德科技股份有限公司","寶德","電腦及週邊設備業","－","新北市新店區寶高路30之1號3樓、30之2號3樓","	97483122","盧賀隆","盧賀隆","盧賀隆","董事長兼總經理","劉月雲","02-82271093","1997/04/23","2022/03/23",新台幣                 10.0000元,460716480,46071648,0,0,合併,每年,董事會,"富邦綜合證券(股)公司股務代理部","02-23611300","台北市中正區許昌街17號11樓","資誠聯合會計師事務所","林柏全","吳仁杰","DEXIN","3F., No. 30-1, Baogao Rd.,Xindian Dist., New Taipei City , Taiwan","02-82271058","spokesman@mail.dexin.com.tw <spokesman@mail.dexin.com.tw","www.dexin.com.tw","盧賀隆","董事長兼總經理","02-82271093","spokesman@mail.dexin.com.tw <spokesman@mail.dexin.com.tw","http://www.dexin.com.tw/web/investors/investors.jsp","－"
"3354","律勝科技股份有限公司","律勝","電子零組件業","－","台南市善化區南科九路8號","	97330127","黃堂傑","黃堂傑","莊朝欽","執行副總經理","陳慧汝","(06)5050662","1996/12/05","2005/12/08",新台幣                 10.0000元,701124260,70112426,0,0,合併,每年,董事會,"台新證券股務代理部","02-25048125","台北市建國北路一段96號地下一樓","資誠聯合會計師事務所","田中玉","葉芳婷","MICROCOSM","No.8, Nanke 9rd  Rd., ShanHwa Dist.Tainan City, Taiwan R.O.C","(06)5050672","roger@microcosm.com.tw","www.microcosm.com.tw","莊朝欽","執行副總經理","(06)5050662","roger@microcosm.com.tw","www.microcosm.com.tw","－"
"3357","西北臺慶科技股份有限公司","臺慶科","電子零組件業","－","326桃園市楊梅區幼四路1號","	86978512","謝明諺","謝明良","曾志銘","協理","李勇賜","(03)464-1148","1992/11/02","2021/04/27",新台幣                 10.0000元,1090348810,109034881,7000000,0,合併,每年,董事會,"兆豐證券股份有限公司","(02)2327-8988","100台北市中正區忠孝東路二段95號1樓","資誠聯合會計師事務所","吳偉豪","鄭雅慧","TAI-TECH","No.1 You 4th Rd.,Youth Industrial District.Yang Mei,Tao Yuan-Hsien, Taiwan .R.O.C.","(03)496-4556","adminis@tai-tech.com.tw","http://www.tai-tech.com.tw","曾志銘","協理","03-4641148","invest@tai-tech.com.tw","https://www.tai-tech.com.tw/finance","https://www.tai-tech.com.tw/finance"
"3360","尚立股份有限公司","尚立","電子通路業","－","台北市內湖區洲子街76號6樓","	09473845","簡剛民","簡剛民","倪志珍","財務長","謝仲秋","(02)87973566","1985/04/06","2006/06/06",新台幣                 10.0000元,764022440,76402244,0,0,合併,每年,股東會,"群益金鼎證券股份有限公司","(02)27023999","台北市敦化南路二段97號B2","勤業眾信聯合會計師事務所","張至誼","施錦川","SUNNIC","6F., No.76, Jhouzih St., Neihu District,Taipei City 114, Taiwan (R.O.C.)","(02)87976678","investor@sunnic.com","www.sunnic.com","倪志珍","財務長","(02)87973566","investor@sunnic.com","http://www.sunnic.com/chinese/04_about/01_about.php?AID=19","https://www.sunnic.com/tw/SUNNIC/invest-governance/6/"
"3362","先進光電科技股份有限公司","先進光","光電業","－","台中市西屯區科園一路14號","	22301825","高維亞","高維亞","紀國隆","處長","黃妤婷","04-25659888","1986/11/19","2005/09/06",新台幣                 10.0000元,1424454750,142445475,0,0,合併,每年,股東會,"元富證券股份有限公司","02-2768-6668","台北市松山區光復北路11巷35號地下一樓","資誠聯合會計師事務所","吳松源","劉美蘭","ABILITY","No. 14, Keyuan 1st RdXitun  District,Taichung City ,Taiwan .","04-25658008","vincent.chi@aoet.com.tw","www.aoet.com.tw","紀國隆","處長","04-25659888#8705","vincent.chi@aoet.com.tw","www.aoet.com.tw","－"
"3363","上詮光纖通信股份有限公司","上詮","通信網路業","－","新竹市科學工業園區展業二路十八號","	84149462","林松福","胡頂達","游雅芳","處長","王詩捷","03-5770099","1995/06/14","2011/02/25",新台幣                 10.0000元,1136405670,113640567,5000000,0,合併,每年,董事會,"台新證券股務代理部","02-25048125","台北市建國北路一段96號地下一樓","資誠聯合會計師事務所","白淑蒨","李典易","FOCI","No.18, Properity Rd. II, Science-Based Industrial ParkHsinchu, Taiwan, R.O.C.","03-5644732","ir@foci-cpo.com","www.foci.com.tw","游雅芳","處長","03-5770099 #116","ir@foci-cpo.com","www.foci.com.tw","https://www.foci.com.tw/zh-tw/index.php?route=investor/boarddirector"
"3372","台灣典範半導體股份有限公司","典範","半導體業","－","高雄市前鎮區南二路一號","	22101544","束崇萬","曾忠鶴","曾忠鶴","總經理","郭景玫","07-8158800","1998/07/14","2005/12/16",新台幣                 10.0000元,1753240000,175324000,0,0,個別,每年,董事會,"元大證券股份有限公司股務代理部","02-25865859","臺北市大安區敦化南路2段67號地下一樓","資誠聯合會計師事務所","陳晉昌","廖阿甚","TICP","No. 1, S. 2nd Rd., Qianzhen Dist.,Kaohsiung Taiwan ,ROC","07-8159411","rosekuo@ticp.com.tw","http://www.ticp.com.tw","郭景玫","會計主管","07-8158800#8081","rosekuo@ticp.com.tw","http://www.ticp.com.tw/zh-tw/%E5%85%AC%E5%8F%B8%E6%B2%BB%E7%90%86%E6%B8%85%E5%96%AE","http://www.ticp.com.tw/zh-tw/%E5%85%AC%E5%8F%B8%E6%B2%BB%E7%90%86%E6%B8%85%E5%96%AE"
"3373","熱映光電股份有限公司","熱映","其他電子業","－","新竹科學園區新竹縣工業東九路三號一樓","	70590078","周至元","黃幼謙","謝儀孝","公司治理主管","王元文","03-6111666","2000/06/28","2007/12/13",新台幣                 10.0000元,476187820,47618782,0,0,合併,每年,董事會,"兆豐證券股份有限公司股務代理部","02-33930898","台北市忠孝東路二段95號1樓","勤業眾信聯合會計師事務所","劉建良","張麗君","Radiant","1F,NO.3,Industrial E. 9th Rd., Science-Based Industrial ParkHsinChu,Taiwan ,R.O.C.","03-5644170","roberthsieh@radiantek.com.tw","Http://www.radiantek.com.tw","謝儀孝","公司治理主管","03-6111666","roberthsieh@radiantek.com.tw","http://www.radiantek.com.tw/investment/investment_c.asp","－"
"3374","精材科技股份有限公司","精材","半導體業","－","(32062)桃園市中壢區吉林路23號9樓","	16741846","陳家湘","陳家湘","林恕敏","副總經理","馬中文","(03)433-1818","1998/09/11","2015/03/30",新台幣                 10.0000元,2713643160,271364316,0,0,個別,每年,股東會,"台新證券股務代理部","02-2504-8125","(104)台北市建國北路一段96號B1","勤業眾信聯合會計師事務所","陳彥君","林心彤","Xintec","9FL., No.23, Jilin Road, Zhongli DistrictTaoyuan City, Taiwan, R.O.C.","(03)461-5624","invest@xintec.com.tw","www.xintec.com.tw","陳佳昕","部經理","(03)4331818#1588","Jo_Chen@xintec.com.tw","https://www.xintec.com.tw/chi/IT/AX_Contact-Us.html","https://www.xintec.com.tw/chi/FIN/CG_Corporate_Governance.html"
"3379","彬台科技股份有限公司","彬台","電機機械","－","台北市內湖區瑞光路208號5樓","	05087498","洪振攀","暫由董事洪健峰先生代理總經理職務","許錦碧","副總經理","吳福濱","(02)8751-1222","1981/04/07","2011/10/20",新台幣                 10.0000元,380417480,38041748,0,0,合併,每年,董事會,"中國信託商業銀行代理部","(02)6636-5566","台北市重慶南路一段83號5樓","資誠聯合會計師事務所","王銘義","廖福銘","TBC","5F., No.208, Ruiguang Rd., Neihu Dist.,TAIPEI 11491, TAIWAN, ROC","(02)8751-2098","tacct@taibeco.com.tw","www.taibeco.com","許錦碧","副總經理","(02)8751-1222","tacct@taibeco.com.tw","www.taibeco.com.tw/tw/corp/stakeholder","www.taibeco.com.tw/tw/corp/management"
"3388","崇越電通股份有限公司","崇越電","電子零組件業","－","台北市大安區市民大道4段102號14樓","	84752200","潘振成","執行長張勝和","吳坤明","財務長","王中彥","02-27517878","1994/02/05","2006/02/22",新台幣                 10.0000元,740623580,74062358,0,0,合併,每年,董事會,"台新證券股務代理部","02-25048125","台北市建國北路一段96號B1","安侯建業會計師事務所","郭冠纓","辛郁婷","TTC","14F.,N0.102,SEC.4,CIVIC BLVD.,DA-AN DISTRICT,TAIPEI CITY 106,TAIWAN,R.O.C.","02-27513939","larry.wu@topcocorp.com","HTTP://WWW.TOPCOCORP.COM","吳坤明","財務長","02-27517878","larry.wu@topcocorp.com","HTTP://WWW.TOPCOCORP.COM","－"
"3390","旭軟電子科技股份有限公司","旭軟","電子零組件業","－","桃園市龜山區南上路522號","	16674213","林永寶","蘇政仁","官原霆","財務主管","李春貴","03-2220998","1998/10/12","2006/02/22",新台幣                 10.0000元,789582590,78958259,0,0,合併,每年,股東會,"凱基證券(股)公司","02-23892999","台北市重慶南路一段二號五樓","致遠聯合會計師事務所","呂瑞文","厲斌王玉","SUNFLEX","NO.522,NAN-SHANG RDKUEISHAN HSIANG,  TAOYUAN,  TAIWAN","03-2220997","tim.kuan@mail.sunflex.com.tw","http://www.sunflex.com.tw","官原霆","財務主管","03-2220998","tim.kuan@mail.sunflex.com.tw","http://www.sunflex.com.tw/IR_4_3.php","－"
"3402","漢科系統科技股份有限公司","漢科","其他電子業","－","新竹市東華路14號8樓之1","	23830295","溫永宏","謝清泉","蕭燕啁","總管理處副總經理","謝清泉","03-5228823","1990/08/08","2007/01/09",新台幣                 10.0000元,730476920,73047692,0,0,合併,每年,董事會,"群益金鼎證券股份有限公司","02-2702-3999","台北市大安區(106)敦化南路二段97號B2","勤業眾信聯合會計師事務所","張雅芸","蔡美貞","WHOLETECH","8F~1 ,No. 14 , Donghua RD.,HSIN-CHU CITY ,TAIWAN R. O. C.","03-5210028","novia.hsiao@wholetech.com.tw","www.wholetech.com.tw","蕭燕啁","總管理處副總經理","03-5228823ext1615","novia.hsiao@wholetech.com.tw","http://www.wholetech.com.tw/wholetech/views/s_c_r/Stakeholder.php","－"
"3426","台興電子企業股份有限公司","台興","電機機械","－","桃園市平鎮區平鎮工業區工業六路4號","	12499995","林萬興","楊萬隆","林傳家","協理","林禮蘭","(03)469-9777","1984/06/16","2016/12/21",新台幣                 10.0000元,264000000,26400000,0,0,合併,每年,股東會,"元大證券股份有限公司","(02)2586-5859","臺北市大安區敦化南路2段67號地下一樓","勤業眾信聯合會計師事務所","彭以驊","鄭淂蓁","TSE","NO.4, Kung Yeh 6th Rd.,Ping Cheng Industrial District,Tao Yuan County Taiwan, R.O.C.","(03)469-9555","tse@tai-shing.com.tw","www.tai-shing.com.tw","林禮蘭","財務部主管/會計部主管","(03)469-9777#214","jennifer@tai-shing.com.tw","www.tai-shing.com.tw","－"
"3430","奇鈦科技股份有限公司","奇鈦科","化學工業","－","台北市信義區基隆路二段51號16樓","	16297788","龍筱芬","龍筱芬","林婷婷","財會協理","楊秀芳","27006678","1998/01/13","2022/09/08",新台幣                 10.0000元,337160850,33716085,0,0,合併,每年,董事會,"凱基證券股份有限公司股務代理部","23892999","臺北市重慶南路一段2號5樓","勤業眾信聯合會計師事務所","劉紋伶","戴信維","CHITEC","16F, No. 51, Sec. 2, Keelung Rd., Xinyi Dist.,Taipei City, Taiwan, R.O.C.","27006608","ir@chitec.com","www.chitec.com","林婷婷","財會協理","02-2700-6678#210","ir@chitec.com","www.chitec.com","www.chitec.com"
"3434","哲固資訊科技股份有限公司","哲固","光電業","－","桃園市蘆竹區大興路20巷21弄11號","	84354060","簡豊輝","簡豊輝","簡盛崧","副總經理","陳韻如","03-3135577","1993/05/05","2008/01/28",新台幣                 10.0000元,357547400,35754740,0,0,合併,每年,股東會,"華南永昌綜合證券股份有限公司","02-2718-6425","台北市松山區民生東路四段54號4樓","資誠聯合會計師事務所","吳偉豪","鄭雅慧","ACULA","No.11,Alley 21,Lane 20,Dashing Rd.,Luchu Dist,Taoyuan City 338,Taiwan,R.O.C.Taoyuan City,Taiwan","03-3233355","acula@acula.com.tw","http://www.acula.com","鍾絮淋","經理","03-3135577#112","sunnychung@acula.com.tw","http://www.acula.com.tw","http://www.acula.com.tw"
"3438","台灣類比科技股份有限公司","類比科","半導體業","－","新竹縣竹北市台元科技園區台元二街1號7樓之1","	16795912","吳錦川","林登財","林登財","總經理","卓慧淨","03-6209588","1999/03/25","2006/07/19",新台幣                 10.0000元,471658150,47165815,0,0,個別,每年,股東會,"國票綜合證券股份有限公司","(02) 25288988","(105411) 台北市南京東路5段188號15樓","資誠聯合會計師事務所","江采燕","謝智政","AAT","7F-1, No 1, Taiyuan 2nd St., Tai Yuen Hi-Tech Industrial Park, Zhubei City,Hsinchu County 30288, Taiwan, R.O.C.","03-6209598","ir@aatech.com.tw","http://www.aat-ic.com","卓慧淨","資深經理","03-6209588","ir@aatech.com.tw","http://www.aat-ic.com/zh-tw/investor.php?category=179","http://www.aat-ic.com/zh-tw/investor.php?category=10"
"3441","聯一光電股份有限公司","聯一光電","光電業","－","南投縣草屯鎮稻香路6-4號","	52888437","陳忠政","陳忠禮","陳忠政","董事長","職缺待補","049-2323825","1984/03/27","2010/10/04",新台幣                 10.0000元,400399200,40039920,0,0,合併,每年,股東會,"福邦證券股份有限公司","(02)2371-1658","台北市中正區忠孝西路一段6號6樓","勤業眾信會計師事務所","劉力維","王翔民","UNIQUE","NO.6-4, DAW-SHIANG  ROAD, TSAO-TON TOWN,NAN-TOU  HSEN, TAIWAN R.O.C.","049-2367987","annie@t-unique.com","www.t-unique.com","洪巧芸","副總經理","049-2323825","annie@t-unique.com","http://www.t-unique.com/","http://www.t-unique.com/INVESTOR_13.htm"
"3444","利機企業股份有限公司","利機","電子通路業","－","台中市西屯區台灣大道四段767號5樓之5","	84355650","張濬暉","黃道景","盧修滿","營運支援處協理","邱智芳","(04)23588966","1993/05/07","2008/09/26",新台幣                 10.0000元,449968770,44996877,0,0,合併,每年,董事會,"永豐金證券股份有限公司","(02)23816288","台北市博愛路17號3樓","勤業眾信聯合會計師事務所","許瑞隆","蘇定堅","NICHING","Room 5E, No.767, Sec 4, Taiwan Blvd.,Taichung,Taiwan","(04)23588968","anita@niching.com.tw","www.niching.com.tw","陳玲芝","課長","(04)23588966#61167","cherry@niching.com.tw","https://www.niching.com.tw/esg-detail/organization/","https://www.niching.com.tw/esg-detail/organization/"
"3455","由田新技股份有限公司","由田","光電業","－","新北市中和區連城路268號10樓之1","	86710418","鄒嘉駿","張文杰","張文杰","總經理","林慧盆","02-8226-2088","1992/05/23","2007/12/27",新台幣                 10.0000元,598507500,59850750,0,0,合併,每年,董事會,"元富證券股份有限公司股務代理部","02-2768-6668","台北市松山區光復北路11巷35號地下一樓","安侯建業聯合會計師事務所","楊樹芝","洪士剛","UTECHZONE","10F-1, No. 268, Liancheng Rd.,Junghe District, New Taipei City,Taiwan","02-8226-9822","fin.acct@utechzone.com.tw","http://www.utechzone.com.tw","葉欣","市場策略與IR課 課長","02-82262088#307","wendyyeh@utechzone.com.tw","https://www.utechzone.com.tw/tw/html/page/page.php?cid=16&cid2=77&pid=83","https://www.utechzone.com.tw/tw/html/page/page.php?cid=16&muid=112"
"3465","進泰電子科技股份有限公司","進泰電子","其他電子業","－","高雄市新興區民權一路251號19樓之1","	84232790","邢家蓁","邢家蓁","李智賢","財務長","黃宸庭","07-229-1788","1993/04/09","2008/01/28",新台幣                 10.0000元,353298620,35329862,0,0,合併,每季,董事會,"兆豐證券股務代理部","(02)3393-0898","台北市忠孝東路二段95號1樓","資誠聯合會計師事務所","廖阿甚","王駿凱","NAE","Rm1,19F, No. 251 Minquan First Road, Xinxing District, Kaohsiung City 800,TWKaohsiung City 800, Taiwan (R.O.C.)","07-227-5988","official@naeaudio.com","https://www.naeaudio.com","李智賢","財務長","07-229-1788","official@naeaudio.com","https://naeaudio.com/?page_id=957","https://naeaudio.com/%e9%87%8d%e8%a6%81%e5%85%ac%e5%8f%b8%e5%85%a7%e8%a6%8f/"
"3466","德晉科技股份有限公司","德晉","通信網路業","－","新北市三重區興德路123-1號8樓","	12375925","湯棋同","劉佳峰","劉佳峰","代理總經理","黃俊雄","02-85123068","1982/03/23","2006/05/17",新台幣                 10.0000元,778920730,77892073,0,0,合併,每年,股東會,"兆豐證券股份有限公司","02-33930898","台北市中正區忠孝東路二段95號1樓","安侯建業聯合會計師事務所","張淑瑩","潘俊名","SKARDIN","8F, No. 123-1 Hsing De RD. Sanchung District,New Taipei City. Taiwan ROC","02-85123086","spoker@skardin.com.tw","https://www.skardin.com/zh/%e9%a6%96%e9%a0%81/","陳家儒","董事長特助","02-85123068","jiaru_chen@skardin.com.tw","https://www.skardin.com/zh/%e4%b8%bb%e8%a6%81%e8%82%a1%e6%9d%b1/","－"
"3467","台灣精材股份有限公司","台灣精材","半導體業","－","新竹縣湖口鄉長安村長春路56號","	16218308","賀士郡","王元星","王元星","總經理","陳永忠","03-5696800","1997/09/11","2025/03/25",新台幣                 10.0000元,311065690,31106569,0,0,個別,每年,股東會,"元大證券股份有限公司股務代理部","02-25865859","台北市大安區敦化南路2段67號地下一樓","勤業眾信聯合會計師事務所","趙永祥","劉明賢","Forcera","No. 56, Chang'an Rd.Hsinchu County 303, Taiwan","03-5696801","ir@forcera.com.tw","https://www.forcera.com.tw","李惠如","公司治理主管","03-5696800","ir@forcera.com.tw","https://www.forcera.com.tw","https://www.forcera.com.tw"
"3479","安勤科技股份有限公司","安勤","電腦及週邊設備業","－","新北市中和區連城路228號7樓","	70604376","劉琍綺","張嘉哲","徐崇恒","財務長","陳宛寧","(02)82262345","2000/07/19","2010/06/08",新台幣                 10.0000元,726301640,72630164,0,0,合併,每年,董事會,"台新綜合證券(股)公司股務代理部","(02)25048125","台北市建國北路一段96號地下一樓","安侯建業聯合會計師事務所","王怡文","辛郁婷","Avalue","7F, 228, Lian-cheng Road,Chung Ho City, Taipei 235, Taiwan","(02)66218551","spokesman@avalue.com","www.avalue.com","徐崇恒","財務長","(02)82262345","spokesman@avalue.com","www.avalue.com/en/investor","https://www.avalue.com/en/investor/Corporate-Governance"
"3483","力致科技股份有限公司","力致","電腦及週邊設備業","－","新竹縣竹北市新泰路31號2樓","	16266820","饒振奇","王維鵬","林秀勤","協理","王維鵬","03-5512035","1997/11/13","2006/12/18",新台幣                 10.0000元,990492570,99049257,0,0,合併,每年,董事會,"中國信託商業銀行代理部","02-66365566","台北市中正區重慶南路一段83號5樓","勤業眾信聯合會計師事務所","&#28201;智源","林心彤","FCN","2F, NO.31, Hsin Tai Road, Chu-Bei City ,Hsinchu,TaiwanR.O.C.","03-5512039","kellylin@forcecon.com","http://www.forcecon.com","蔡尚達","副理","03-5512035","mannytsai@forcecon.com","https://www.forcecon.com/zh-hant/investor/stakeholder/","https://www.forcecon.com/zh-hant/investor/major-internal-policies/"
"3484","崧騰企業股份有限公司","崧騰","電子零組件業","－","桃園市桃園區經國路888號7F之2之3","	86834614","曾文政","張茂強","邱素卿","管理總處資深副總經理","李香蓉","03-3162168","1992/08/22","2007/11/09",新台幣                 10.0000元,788281890,78828189,0,0,合併,每年,股東會,"中國信託商業銀行代理部","02-66365566","台北市重慶南路一段83號5樓","勤業眾信聯合會計師事務所","黃惠敏","翁雅玲","SOLTEAM","Unit 2, 7th floor, No. 888 Jingguo RoadTaoyuan, Taiwan, R.O.C","03-3162166","sol_stock@solteam.com.tw","www.solteam.com.tw","李香蓉","財務經理","03-3162168","sol_stock@solteam.com.tw","https://www.solteam.com.tw/index.php?route=esg/esg&esg_id=38","https://www.solteam.com.tw/index.php?route=esg/esg&esg_id=21"
"3489","森寶開發股份有限公司","森寶","建材營造","－","桃園市蘆竹區南崁里民權路50號","	86140894","簡元城","簡文潔","莊義芳","協理","陳淅滄","(03)326-7897","1991/06/08","2007/09/29",新台幣                 10.0000元,904521550,90452155,0,0,合併,每年,股東會,"群益金鼎證券(股)公司股務代理部","02-2702-3999","台北市敦化南路二段97號地下二樓","資誠聯合會計師事務所","陳啟東","林佳鴻","Sun Brothers","NO.50, MINQUAN RD.,LUZHU DISTRICT, TAOYUAN, TAIWAN,R.O.C.","(03)316-4277","public@sunbrothers.com.tw","http://www.sunbrothers.com.tw","莊義芳","協理","(03)326-7897","public@sunbrothers.com.tw","https://www.sunbrothers.com.tw/Page/CONTACT","https://www.sunbrothers.com.tw/Page/CorporateGovernance"
"3490","單井工業股份有限公司","單井","光電業","－","新北市土城區中山路77號","	23393652","王祥亨","游孟哲","游孟哲","總經理","林佳穎","02-22686191","1989/07/20","2007/10/15",新台幣                 10.0000元,550064350,55006435,0,0,合併,每年,董事會,"永豐金證券股份有限公司","(02)2381-6288","台北市中正區博愛路17號3樓","德昌聯合會計師事務所","陳秀莉","陳裕勳","singlewell","No.77, Zhongshan Rd.Tucheng Dist., New Taipei City 236, ROC","02-22686351","IR@singlewell.com.tw","www.singlewell.com.tw","林佳穎","經理","02-22686191","IR@singlewell.com.tw","http://www.singlewell.com.tw/investor/stakes","http://www.singlewell.com.tw/responsibility/governance"
"3491","昇達科技股份有限公司","昇達科","通信網路業","－","基隆市七堵區工建路1號(六堵科技園區)","	16999508","陳淑敏","吳東義","郭俊良","執行副總經理","陳重光","(02)2452-5533","1999/09/07","2008/01/03",新台幣                 10.0000元,674984540,67498454,0,0,合併,每年,董事會,"群益金鼎證券股份有限公司","(02)2702-3999","台北市敦化南路2段97號B2","勤業眾信聯合會計師事務所","莊碧玉 會計師","蔡侑玲 會計師","UMT","#1 Gongjian Road, Cidu DistrictKeelung City,Taiwan, R.O.C 206","(02)2452-7722","simon@umt-tw.com","www.umt-tw.com","郭俊良","執行副總經理","(02)2452-5533","invest@umt-tw.com","www.umt-tw.com","www.umt-tw.com/tw/governance.php"
"3492","長盛科技股份有限公司","長盛","電子零組件業","－","251新北市淡水區中正東路二段69號10樓","	84846066","尚元良","葉文麒","楊素芬","稽核主管","吳淑惠","(02)88091060","1994/04/26","2015/05/18",新台幣                 10.0000元,355316000,35531600,0,0,合併,每年,股東會,"亞東證券股份有限公司","(02)77531699","新北市板橋區新站路16號13樓","安侯建業聯合會計師事務所","許淑敏","江曉苓","ACT","10F, NO. 69, SEC.2, CHUNG CHENG E. RD.TAMSUI, TAIPEI HSIEH, TAIWAN, R.O.C.","(02)28097786","philice.yang@actt.co","http://www.actt.co","楊素芬","稽核主管","02-88091060","philice.yang@actt.co","https://www.actt.co/GovernParty.html","https://www.actt.co/Govern.html"
"3498","陽程科技股份有限公司","陽程","其他電子業","－","桃園市大園區溪海里8鄰聖德北路68號","	36049822","黃秋逢","黃秋逢","葉振祥","資深經理","黃秋逢","03-3852628","1981/04/07","2007/09/11",新台幣                 10.0000元,612730080,61273008,9800000,0,合併,每年,董事會,"福邦證券股份有限公司","02-2371-1658","台北市中正區忠孝西路一段6號6樓","勤業眾信聯合會計師事務所","蔡侑玲","莊碧玉","USUN","NO.68,SHENG DER N. RD., 8 LIN, SHI HAI VILLAGEDAYUAN TAOYUAN, 337, TAIWAN","03-3851407","stockspeaker@usuntek.com","www.usuntek.com","葉振祥","資深經理","03-3852628","stockspeaker@usuntek.com","www.usuntek.com/§Q?`???Y?H±M°?/","www.usuntek.com/corporate-governance/"
"3499","環天世通科技股份有限公司","環天科","通信網路業","－","新北市中和區建一路186號16樓","	70498381","鄭世揚","陳文賢","吳秋明","業務及行銷副總經理","江正義","(02)82263799","2000/05/01","2006/10/19",新台幣                 10.0000元,549705960,54970596,0,0,合併,每年,董事會,"元大證券股務代理部","25865859","106臺北市大安區敦化南路2段67號地下一樓","勤業眾信聯合會計師事務所","陳彥君","鄭欽宗","GLOBALSAT","16F.,No.186,Jian Yi RoadZhonghe Dist., New Taipei City ,Taiwan","(02)8226-3899","public@globalsat.com.tw","www.globalsat.com.tw","江正義","財務長","(02)82263799","charles.chiang@globalsat.com.tw","http://www.globalsat.com.tw/tw/about.php?menu=1&cnt_id=1","－"
"3508","位速科技股份有限公司","位速","其他電子業","－","桃園市楊梅區高山里5鄰高青路26號","	12894840","廖世文","廖世文","廖世文","總經理","郭仕儀","03-4965000","2001/09/04","2007/10/17",新台幣                 10.0000元,1043117370,104311737,7170000,0,合併,每年,股東會,"元大證券股份有限公司","02-25865859","臺北市大安區敦化南路2段67號地下一樓","安侯建業聯合會計師事務所","郭冠纓","黃更佳","Ways","No. 26  Gaoqing Rd.Yangmei, Taoyuan County, Taiwan, R.O.C.","03-4641621","waysholder@ways.com.tw","www.waystech.net","郭仕儀","財務部財務長","(03)4965000","waysholder@ways.com.tw","http://www.waystech.net/zh-tw/investors/index/investors_sample_02","https://www.waystech.net/zh-tw/investors/index/investors_sample_01"
"3511","矽瑪科技股份有限公司","矽瑪","電子零組件業","－","桃園市桃園區中正路1351號14樓","	80611545","黃漢州","胡若堯","姜林嘉容","財務長","簡婉怡","(03)301-0008","2003/12/15","2009/02/16",新台幣                 10.0000元,799729450,79972945,30000000,0,合併,每年,董事會,"福邦證券股份有限公司股務代理部","(02)23711658","台北市中正區忠孝西路1段6號6樓","安永聯合會計師事務所","陳國帥","林政緯","SIMULA TECH INC","14F., No.1351, Zhong-Zheng Rd., Taoyuan Dist., Taoyuan City 33071,TaiwanTaiwan,R.O.C.","(03)301-0100","jasminejianglin@simulatechnology.com","www.simulatechnology.com","姜林嘉容","財務長","03-3010008#1201","jasminejianglin@simulatechnology.com","www.simulatechnology.com","www.simulatechnology.com"
"3512","皇龍開發股份有限公司","皇龍","建材營造","－","台北市信義區松德路171號16樓之2","	86746561","陳文宏","魏文珍","溫財炳","財務長","王愛蓮","(02)2727-0100","1992/06/08","2007/07/25",新台幣                 10.0000元,1130723720,113072372,0,0,合併,每年,董事會,"台新證券股務代理部","(02)2504-8125","台北市建國北路一段96號B1","安侯建業聯合會計師事務所","黃欣婷","張淑瑩","Huang Long","16F-2. No.171, Songde Rd., Xinyi Dist., Taipei City 110, TaiwanTAIPEI CITY , TAIWAN (R.O.C.)","(02)2727-1120","vincent@hldc.com.tw","www.hldc.com.tw","溫財炳","財務長","(02)2727-0100ext:100","vincent@hldc.com.tw","https://www.hldc.com.tw/investors/article/78/","－"
"3516","亞帝歐光電股份有限公司","亞帝歐","光電業","－","桃園市八德區白鷺里廣福路858號","	86410720","廖書尉","曾國瑞","黃正心","董事長室協理","黃棋榮","033768380","1991/11/29","2007/11/29",新台幣                 10.0000元,595608740,59560874,0,0,合併,每年,股東會,"中國信託商業銀行代理部","0266365566","台北市重慶南路一段83號5樓","安永聯合會計師事務所","林政緯","羅筱靖","ADO","NO.858,GUANGFU RDBADE  CITY , TAOYUAN COUNTY, TAIWAN","033768382","ado@adotek.com.tw","www.adotek.com.tw","黃正心","董事長室協理","03-3768380分機6151","sylvia_huang@adotek.com.tw","https://www.adotek.com.tw/tw/about/85","https://www.adotek.com.tw/tw/about/53"
"3520","華盈電子股份有限公司","華盈","電子零組件業","－","新北市三重區重新路五段609巷18號6樓","	22071540","魏良全","柳夜沙","柳夜沙","總經理","郭舜儀","02-29996166","1986/02/21","2007/10/12",新台幣                 10.0000元,688467780,68846778,6698626,0,合併,每年,董事會,"國票綜合證券(股)公司股務代理部","02-2528-8988","105411台北市松山區南京東路五段188號15樓","安侯建業聯合會計師事務所","紀孟君","楊樹芝","JVE","6F., No.18, Ln.609, Sec. 5 Chongxin Rd., Sanchong Dist.,New Taipei City 241, Taiwan (R.O.C.)","02-29996177","ir@jve-tech.com","www.jve-tech.com","柳夜沙","總經理","02-29996166","ir@jve-tech.com","www.jve-tech.com","－"
"3521","台鋼建設事業股份有限公司","台鋼建設","建材營造","－","高雄市三民區九如一路502號25樓之3","	22023793","林郁昌","魏銘賢","林郁昌","董事長","魏銘賢","02-82272556","1986/03/07","2007/08/07",新台幣                 10.0000元,1457655520,145765552,100000000,0,合併,每年,股東會,"群益金鼎證券股務代理部","02-27023999","臺北市大安區敦化南路二段97號地下二樓)","安侯建業聯合會計師事務所","高鈺倫","張淑瑩","TSG Development","Rm. 3, 25 F., No. 502, Jiuru 1st Rd.,Sanmin Dist., Kaohsiung City 807 Taiwan","02-82272330","spokesman@datavan.com.tw","http://www.datavan.com.tw/","魏銘賢","總經理","02-82272556","spokesman@datavan.com.tw","https://datavan.com.tw/investors/21","http://www.datavan.com.tw/"
"3522","御嵿國際股份有限公司","御嵿","觀光餐旅","－","新北市新莊區中華路三段216號13樓","	12947467","孫正強","鄭人瑋","孫正強","董事長","鄭人瑋","2226-6277","2001/09/26","2007/10/15",新台幣                 10.0000元,839712090,83971209,35371635,0,合併,每年,股東會,"兆豐證券股份有限公司","02-33930898","台北市忠孝東路二段95號1樓","安侯建業聯合會計師事務所","張淑瑩","潘俊名","TOPLUS","13F., No. 216, Sec. 3, Zhonghua Rd., Xinzhuang Dist.,New Taipei City 242, Taiwan (R.O.C.)","2226-5029","top-investors@toplusglobal.com","www.toplusglobal.com","劉紘任","財務主管","02-22266277#123","top-investors@toplusglobal.com","https://toplusglobal.com/stakeholder/","https://toplusglobal.com/organization/"
"3523","迎輝科技股份有限公司","迎輝","光電業","－","台南市安南區本田路二段391號","	16366341","唐以&#38563;","溫哲毅","溫哲毅","總經理","徐彧劭","(06)3841313","1998/01/15","2007/11/16",新台幣                 10.0000元,642578680,64257868,35428000,0,合併,每年,股東會,"台新證券股務代理部","(02)25048125","台北市建國北路一段96號地下一樓","安永聯合會計師事務所","姚世傑","洪國森","EFUN","No.391,Sec.2,Bentian Rd.,Annan DistrictTainan City 70955,Taiwan R.O.C","(06)3841515","tw2andy@efun.com.tw","https://www.efun.com.tw/","溫哲毅","總經理","06-3841313#105","tw2andy@efun.com.tw","https://www.efun.com.tw/","https://www.efun.com.tw/invest_serv/company"
"3526","凡甲科技股份有限公司","凡甲","電子零組件業","－","新北市中和區中山路三段102號3樓","	16691156","游萬益","張一偉","陳忠毅","投資人關係管理處經理","陳巧慧","02  22251688","1998/11/06","2007/11/02",新台幣                 10.0000元,653038650,65303865,0,0,合併,每年,董事會,"元大證券(股)公司股務代理部","02-25865859","臺北市大安區敦化南路二段67號地下一樓","勤業眾信會計師事務所","劉力維","張耿禧","ALLTOP","3F., No. 102, Sec. 3, Zhongshan Rd., Zhonghe Dist.New Taipei City 235, Taiwan (R.O.C.)","02  22250882","gladys@otop.com.tw","https://www.alltopconnector.com","陳巧慧","資深專員","22251688#3211","gladys@otop.com.tw","https://www.alltopconnector.com/zh-tw/investor_conference.php","https://www.alltopconnector.com/zh-tw/governance_organize.php"
"3527","聚積科技股份有限公司","聚積","半導體業","－","新竹市埔頂路18號3樓之5之6","	16948543","楊立昌","林益勝","楊立昌","董事長","林益勝","03-5790068","1999/06/25","2007/10/29",新台幣                 10.0000元,444451250,44445125,0,0,合併,每年,董事會,"元大證券股份有限公司","02-2586-5859","臺北市大安區敦化南路2段67號地下一樓","勤業眾信聯合會計師事務所","林政治","林心彤","MBI","Floor 6-4, No. 18, Pu-Ting Rd.,Hsinchu , Taiwan, R.O.C.","03-6100086","mbi.ir@mblock.com.tw","https://www.mblock.com.tw/zh-tw","蔡曜宇","資深經理","03-5790068#8888","mbi.ir@mblock.com.tw","https://www.mblock.com.tw/zh-tw/investordetail/3/4","https://www.mblock.com.tw/zh-tw/investor"
"3529","力旺電子股份有限公司","力旺","半導體業","－","新竹縣竹北市台元一街5號8樓(通訊地址)","	70784292","徐清祥","何明洲","盧俊宏","資深副總經理","夏喬威","03-5601168","2000/09/02","2011/01/24",新台幣                 10.0000元,746864920,74686492,0,0,合併,每年,股東會,"凱基證券股份有限公司股務代理部","02-23892999","台北市重慶南路1段2號5樓","勤業眾信聯合會計師事務所","林政治","張雅芸","eMemory","8F, No. 5, Tai-Yuan 1st St., Jhubei City, Hsinchu County 302082, Taiwan,R.O.C.Hsinchu, Taiwan, R.O.C.　　","03-5601169","ir@ememory.com.tw","https://www.ememory.com.tw","黃亦柔","IR專案經理","03-5601168分機1110","ir@ememory.com.tw","https://www.ememory.com.tw/zh-TW/About/Stakeholder","https://www.ememory.com.tw/zh-TW/Investor/Board_Directors"
"3531","先益電子工業股份有限公司","先益","光電業","－","台中市南屯區工業24路22號","	52543363","王惠民","黃功龍","方建仁","車燈部經理","陳瑞穗","04-23590111","1979/10/11","2008/04/08",新台幣                 10.0000元,611750110,61175011,0,0,合併,每年,董事會,"永豐金證券股份有限公司","02-23816288","台北市100博愛路17號3樓","安侯建業聯合會計師事務所","陳燕慧","陳政學","Shian Yih","NO.22, Gongyequ 24th Rd., Nantun Dist.TAICHUNG TAIWAN R.O.C","04-23599692","yaching@shianyih.com.tw","www.shianyih.com.tw","方建仁","車燈部經理","04-23590111","andrew@shianyih.com.tw","http://www.shianyih.com.tw/financial-report.html","https://www.shianyih.com.tw/organization/"
"3537","堡達實業股份有限公司","堡達","電子零組件業","－","台北市中山區中山北路2段129號10樓","	22625795","陳家裕","李茂洋","白榮生","協理","蕭昌國","02-25219090","1987/08/14","2010/01/25",新台幣                 10.0000元,562429790,56242979,0,0,合併,每年,董事會,"華南永昌綜合證券股務代理部","02-27186425","台北市民生東路四段54號4樓","安侯建業會計師事務所","吳政諺","陳俊光","PODAK","10F,No.129,Sec.2,Chung Shan N, RoadTaipei ,Taiwan , ROC","02-25236363","pai@podak.com.tw","www.podak.com.tw","白榮生","協理","02-25219090#231","pai@podak.com.tw","www.podak.com.tw/interested_parties/interested_parties.aspx","https://www.podak.com.tw/shareholder_governance/shareholder_governance.html"
"3540","曜越科技股份有限公司","曜越","電腦及週邊設備業","－","台北市內湖區堤頂大道二段185號5樓","	70669172","林培熙","林培熙","劉建邦","財務處副總經理","沈昌德","02-8797-5788","1999/11/30","2007/12/12",新台幣                 10.0000元,724585480,72458548,0,0,合併,每年,董事會,"永豐金證券股份有限公司","02-2381-6288","100005台北市博愛路17號3樓","眾智聯合會計師事務所","楊永成","林征聖","Thermaltake","5F., No.185, Sec. 2, Tiding Blvd., Neihu Dist.,Taipei City, Taiwan","02-8797-8055","service_3540@thermaltake.com.tw","www.thermaltake.com","劉建邦","財務處副總經理","02-8797-5788","ben@thermaltake.com.tw","http://www.thermaltakecorp.com/tw/investor.aspx","－"
"3541","西柏科技股份有限公司","西柏","其他電子業","－","新北市中和區建康路130號6樓之5","	23975263","蔡正義","方均正","李彩蓮","財務處協理暨會計主管","黃郁茹","02-22269586","1991/01/23","2009/12/22",新台幣                 10.0000元,563491420,56349142,0,0,合併,每年,董事會,"富邦綜合證券股份有限公司","(02)2361-1300","台北市中正區許昌街17號11樓","富鋒聯合會計師事務所","吳金地","鄭忠昊","CYP","6F-5, No. 130,Jian,Kang Rd.,Chung Ho City, Taipei Hsien 23585, Taiwan, R.O.CTaipei Hsien 23585, Taiwan, R.O.C","02-22269587","maggie.lee@cypress.com.tw","http://www.cypress.com.tw","李彩蓮","財務處協理暨會計主管","2226-9586#219","maggie.lee@cypress.com.tw","https://www.cypress.com.tw/tw/Investor","https://www.cypress.com.tw/tw/Investor"
"3546","宇峻奧汀科技股份有限公司","宇峻","文化創意業","－","新北市中和區建八路2號17樓之8","	89521257","劉信","劉信","葉文燦","管理處協理","方麗惠","02-82269989","1995/05/19","2008/04/18",新台幣                 10.0000元,584273230,58427323,0,0,合併,每年,股東會,"群益金鼎證券股份有限公司","(02)27035000","(106大安區)台北巿敦化南路2段97號B2","勤業眾信會計師事務所","張至誼","彭詩玄","USERJOY","17F.-8, No.2, Jian 8th Rd.,Jhonghe District, New Taipei City,Taiwan","02-82269918","paulyeh@uj.com.tw","https://www.uj.com.tw/","葉文燦","管理處協理","02-82269989","ir@uj.com.tw","http://www.userjoy.com.tw/index.aspx#stakeholder/h/e01","https://www.userjoy.com.tw/governance/corporate_structure.aspx"
"3548","兆利科技工業股份有限公司","兆利","電子零組件業","－","新北市新莊區五工五路十三號","	27393491","張台沅","張台沅","陳穎萱","財務長","廖奕竣","02-22982666","2004/07/07","2008/03/27",新台幣                 10.0000元,677441750,67744175,0,0,合併,每年,董事會,"永豐金證券(股)公司股務代理部","02-23816288","台北市博愛路17號3樓","安侯建業聯合會計師事務所","洪士剛","陳蓓琪","JARLLY","No.13 , Wu gone 5th Rd.Hsin Chung Dist, New Taipei City, Taiwan","02-22901260","investor@jarlly.com","https://www.jarlly.com","陳穎萱","協理","02-22982666#115","investor@jarlly.com","https://www.jarlly.com/esg/stakeholder","https://www.jarlly.com/esg/corporate-governance"
"3551","世禾科技股份有限公司","世禾","綠能環保","－","新竹縣湖口鄉仁政路18號","	16044341","陳學聖","陳學哲","陳學哲","總經理","古卉妤","035981100","1997/06/23","2008/04/15",新台幣                 10.0000元,622748900,62274890,0,0,合併,每年,股東會,"台新證券股務代理部","02-25048125","台北市建國北路一段96號地下一樓","安侯建業聯合會計師事務所","鄭安志","黃泳華","SHT","No.18,Renzheng RdHukou Township, Hsinchu County , Taiwan","035986415","martin@sht.com.tw","www.sht.com.tw","古卉妤","代理發言人","035981100#250","juliaku@sht.com.tw","www.sht.com.tw","https://www.sht.com.tw/webc/html/investors/index.aspx?kind=14"
"3552","同致電子企業股份有限公司","同致","其他電子業","－","桃園市蘆竹區南青路1156巷9號","	55900791","陳信忠","陳信忠","陳聖儒","營運長","陳紹鈞","(03)322-2901","1979/12/07","2009/01/07",新台幣                 10.0000元,979183340,97918334,0,0,合併,每年,董事會,"中國信託商業銀行股份有限公司","(02)66365566","台北市中正區重慶南路一段83號5樓","資誠聯合會計師事務所","陳憲正","林佳鴻","TUNG THIH","No.9, Ln. 1156, Nanqing Rd., Luzhu Dist.,Taoyuan City, Taiwan (R.O.C.)","(03)322-6281","Investors@tungthih.com.tw","www.tungthih.com.tw","陳聖儒","營運長","(03)322-2902分機803","Investors@tungthih.com.tw","www.tungthih.com.tw/investor01.php?show=2","https://www.tungthih.com.tw/investor04.php"
"3555","博士旺創新股份有限公司","博士旺","半導體業","－","臺北市內湖區潭美街539號9樓","	80551862","周康記","黃啟誠","洪儷尤","財務長","陳怡靜","02-8227-2928","2003/09/25","2011/11/08",新台幣                 10.0000元,399987970,39998797,14930659,0,合併,每半會計年度,董事會,"康和綜合證券股份有限公司","02-8787-1888","11072台北市信義區基隆路一段176號B1","資誠聯合會計師事務所","于智帆","王方瑜","BaaS","9F., No.539, Tanmei St., Neihu Dist.,Taipei City 114044, Taiwan (R.O.C.)","02-8227-2067","ir@i-baas.com","https:// i-baas.com","洪儷尤","財務長","02-82272928#16039","ir@i-baas.com","https:// i-baas.com","https://zh.i-baas.com/???q?v?z/"
"3556","禾瑞亞科技股份有限公司","禾瑞亞","半導體業","－","台北市內湖區瑞光路302號11樓","	80342958","唐錦榮","唐錦榮","張志彬","業務處處長","廖慶齡","(02)8751-5191","2002/09/12","2008/04/15",新台幣                 10.0000元,637028440,63702844,0,0,合併,每年,董事會,"中國信託商業銀行代理部","(02)6636-5566","台北市重慶南路一段83號5樓","安侯建業聯合會計師事務所","傅泓文","陳蓓琪","EETI","11F., No.302, Rueiguang Rd., Neihu District,Taipei City, Taiwan (R.O.C.)","(02)2797-8808","public@eeti.com","https://www.eeti.com","廖慶齡","內部稽核主管","(02)8751-5191#236","public@eeti.com","https://www.eeti.com/IPO/??·~????/§Q?`???Y?H.html","https://www.eeti.com/IPO/??·~????/???q?v?z/???q?v?z.html"
"3558","神準科技股份有限公司","神準","通信網路業","－","桃園市龜山區復興三路500號","	28496495","蔡文河","林伯彰","喻鳳筱","經營管理部副總經理","&#40846;士慧","03-3289289","2006/10/12","2013/12/30",新台幣                 10.0000元,590608810,59060881,0,0,合併,每年,股東會,"富邦綜合證券股份有限公司","02-23611300","台北市許昌街17號11樓","資誠聯合會計師事務所","黃珮娟","林永智","Senao Networks","No.500 Fusing 3rd.,Hwa-Ya Technology ParkKuei-Shan Hsiang,Taoyuan County ,Taiwan","03-3962222","invest@senao.com","https://www.senaonetworks.com/","李普儀","高級專員","(03)3289289轉5807","invest@senao.com","https://www.senaonetworks.com/csr/management-of-csr/","https://www.senaonetworks.com/investor-service/corporate-governance/"
"3564","其陽科技股份有限公司","其陽","通信網路業","－","(221416)新北市汐止區新台五路一段 97 號 32 樓","	12658515","曾文興","林章安","林章安","總經理","李怡玫","(02)26976866","2000/10/24","2013/12/03",新台幣                 10.0000元,591231000,59123100,0,0,合併,每年,董事會,"凱基證券股份有限公司","(02)23892999","台北市中正區重慶南路一段2號5樓","安侯建業聯合會計師事務所","許詩淳","施威銘","AEWIN","32F., No. 97,Sec. 1, Xintai 5th Rd.,Xizhi Dist.,New Taipei City,Taiwan (R.O.C.)","(02)26976966","investor@aewin.com","www.aewin.com","李怡玫","財務長","(02)26976866","investor@aewin.com","www.aewin.com/zh-hant/stakeholder-service/","https://www.aewin.com/zh-hant/corporategovernance/"
"3567","逸昌科技股份有限公司","逸昌","半導體業","－","新竹縣竹北市新泰路35號4樓之1","	12613567","郭嘯華","吳建忠","林榮勳","處長","彭惠絹","03-5544308","2000/09/07","2010/11/22",新台幣                 10.0000元,339540000,33954000,0,0,個別,每年,股東會,"富邦綜合證券股務代理部","(02)2361-1300","台北市100中正區許昌街17號11樓","勤業眾信聯合會計師事務所","葉東煇","林心彤","ETREND","4F-1 No.35, Hsin-Tai Road,Chu-Pei City, Hsin-Chu, Taiwan","03-6565732","rock@etrendtech.tw","www.etrendtech.tw","林榮勳","處長","03-5544308","rock@etrendtech.tw","http://www.etrendtech.tw/","https://www.etrendtech.tw/investor/corporate_governance.html"
"3570","大塚資訊科技股份有限公司","大塚","資訊服務業","－","新北市板橋區縣民大道二段68號6樓","	16088678","鶴見裕信","郭一龍","徐慧如","副總經理","朱正益","(02)8964-6668","1997/08/04","2008/10/23",新台幣                 10.0000元,170970000,17097000,0,0,合併,每年,董事會,"永豐金證券股份有限公司","02-23816288","台北市博愛路17號3樓","安侯建業聯合會計師事務所","洪士剛","莊鈞維","OITC","6F, No. 68, Sec.2, Xianmin Blvd.Banqiao Dist., New Taipei City , Taiwan","(02)8964-6667","investor@oitc.com.tw","www.oitc.com.tw","朱正益","資深經理","(02)89646668","investor@oitc.com.tw","https://www.oitc.com.tw/interestedparty","https://www.oitc.com.tw/investors/%E5%85%AC%E5%8F%B8%E6%B2%BB%E7%90%86/12"
"3577","泓格科技股份有限公司","泓格","電腦及週邊設備業","－","新竹縣湖口鄉光復北路111號(新竹工業區)","	84517297","葉&#24316;&#24312;","鄭樹發","鄭碧玉","協理","彭瓊儀","03-5973366","1993/08/06","2009/01/06",新台幣                 10.0000元,639656530,63965653,0,0,合併,每年,股東會,"台新綜合證券(股)公司股務代理部","02-25048125","台北市建國北路一段96號地下一樓","資誠聯合會計師事務所","李燕娜","鄭雅慧","ICP DAS","No. 111, Guangfu N. Rd., Hukou TownshipHsinchu County 30351, Taiwan , R. O. C.","03-5973733","ir@icpdas.com","https://www.icpdas.com/index_tw.php","鄭碧玉","發言人","03-5973366#7756","ir@icpdas.com","https://www.icpdas.com/tw/investor_relations/stakeholder.php","https://www.icpdas.com/tw/investor_relations/financial_regulations.php"
"3580","友威科技股份有限公司","友威科","其他電子業","－","桃園市蘆竹區長興里厚生路51號6樓","	80072814","李原吉","劉品均","陳繼萱","協理","劉忠炯","(03)2126201","2002/11/04","2010/07/09",新台幣                 10.0000元,394706570,39470657,0,0,合併,每年,股東會,"中國信託商業銀行代理部","(02)66365566","台北市重慶南路一段83號5樓","勤業眾信聯合會計師事務所","辛宥呈","黃惠敏","UVAT","6F., No.51, Housheng Rd., Luzhu Dist.Taoyuan City 338, Taiwan (R.O.C.)","(03)2126202","theresachen@uvat.com","www.uvat.com","陳繼萱","協理","(04)25653755","theresachen@uvat.com","https://www.uvat.com/stakeholder.html","https://www.uvat.com/socialresponsibility.html"
"3581","博磊科技股份有限公司","博磊","半導體業","－","(304)新竹縣新豐鄉精工路53號","	16889100","李篤誠","陳啟華","林素真","處長","蘇建全","03-5599999","1999/04/09","2015/01/20",新台幣                 10.0000元,510060000,51006000,0,0,合併,每年,股東會,"富邦綜合證券股份有限公司","02-23611300","台北市中正區許昌街17號2樓","日正聯合會計師事務所","巫貴珍","陳依玲","ZVC","No. 53, Jinggong Rd., Hsin Fong TownshipHsinChu County, Taiwan , R.O.C.","03-5577766","sophie@zenvoce.com","www.zenvoce.com","林素真","處長","035599999","sophie@zenvoce.com","www.zenvoce.com","www.zenvoce.com"
"3587","閎康科技股份有限公司","閎康","其他電子業","－","新竹縣竹北市台元街26-2號1F","	79959286","謝詠芬","施韋","楊儒霖","處長","李語心","03-6116678","2002/05/14","2009/08/18",新台幣                 10.0000元,670382340,67038234,0,0,合併,每年,董事會,"富邦綜合證券股份有限公司","02-23611300","台北市許昌街17號11F","勤業眾信聯合會計師事務所","鍾鳴遠","葉東煇","MA-tek","1F.No.26-2,Tai-Yuen St.,Jubei City,Hsinchu County,Taiwan,R.O.C.","03-5630777","stock@ma-tek.com","http://www.ma-tek.com","李語心","副理","03-6116678","stock@ma-tek.com","http://www.ma-tek.com/zh-tw/investors/index/ir_stakeholder_engagement","https://www.matek.com/zh-TW/Board_of_Directors/index"
"3594","磐儀科技股份有限公司","磐儀","電腦及週邊設備業","－","新北市中和區中正路700號10樓","	84469443","李明","連啟瑞","郭鳳玲","財務協理","連啟瑞","02-82269396","1993/10/19","2013/05/07",新台幣                 10.0000元,959483580,95948358,22683693,0,合併,每年,董事會,"福邦證券股份有限公司股務代理部","(02)2371-1658","台北市中正區忠孝西路一段6號6樓","勤業眾信聯合會計師事務所","邱盟捷","王浚宇","ARBOR","10F.,No.700,Zhong Zheng Rd.,Zhong He Dist.,New Taipei City,Taiwan","02-82269398","investor@arbor.com.tw","www.arbor-technology.com","郭鳳玲","財務協理","02-8226-9396","investor@arbor.com.tw","www.arbor-technology.com","https://www.arbor-technology.com/zh-tw/investor-area/investor-2"
"3597","映興電子股份有限公司","映興","電子零組件業","－","台中市南屯區工業區19路10號","	22306125","賴柄源","賴柄源","林宜嫻","董事長特助","關慧貞","04-23581581","1986/11/29","2020/03/09",新台幣                 10.0000元,392364400,39236440,0,0,合併,每年,股東會,"華南永昌綜合證券股份有限公司","02-27186425","台北市民生東路4段54號4樓","資誠聯合會計師事務所","吳松源","徐建業","AVI","No.10,19th Road Industrial,Nuntun Dist.Taichung,Taiwan","04-23581828","lin501214@avertronics.com","http://www.avertronics.com","林宜嫻","董事長特助","04-23581581","lin501214@avertronics.com","http://www.avertronics.com","－"
"3609","三一東林科技股份有限公司","三一東林","電子零組件業","－","台中市南屯區永春東七路517號三樓","	13073151","陳睿謙","林華軍","陳長佚","公司治理主管","林華軍","04-23863609","2002/04/22","2011/01/11",新台幣                 10.0000元,384193870,38419387,7740000,0,合併,每年,股東會,"元大證券股份有限公司","(02)25865859","106045臺北市大安區敦化南路2段67號B1","安侯建業聯合會計師事務所","張淑瑩","莊鈞維","HEP","3 F., No. 517, Yongchun E. 7th Rd., Nantun Dist.,Taichung, Taiwan, R.O.C.","04-23860631","Fin@31hep.com","www.hepgroup.net","暫缺","暫缺","04-23863609","Fin@31hep.com","www.hepgroup.net","https://www.hepgroup.net/ir/%E5%85%AC%E5%8F%B8%E6%B2%BB%E7%90%86%E5%B0%88%E5%8D%80"
"3611","鼎翰科技股份有限公司","鼎翰","電腦及週邊設備業","－","新北市新店區民權路95號9樓","	28624652","王興磊","陳明義","陳彥翰","財務部資深經理","張啟煌","02-22186789","2007/03/19","2008/11/26",新台幣                 10.0000元,475546340,47554634,0,0,合併,每年,股東會,"中國信託商業銀行代理部","02-66365566","台北市重慶南路一段83號5樓","安侯建業聯合會計師事務所","郭仰倫","蕭佩如","TSC AUTO ID","9F.,No. 95,Minquan Rd.,Xindian Dist.New Taipei City 231, Taiwan (R.O.C.)","02-22185678","ir@tscprinters.com","http://www.tscprinters.com","陳彥翰","財務部資深經理","02-22186789-3611","ir@tscprinters.com","https://apac.tscprinters.com/zh-TW/%E5%88%A9%E5%AE%B3%E9%97%9C%E4%BF%82%E4%BA%BA%E5%B0%88%E5%8D%80","https://apac.tscprinters.com/zh-TW/%E5%85%AC%E5%8F%B8%E6%B2%BB%E7%90%86"
"3615","安可光電股份有限公司","安可","光電業","－","新竹縣湖口鄉光復北路10號","	28812887","葉垂景","姜明君","姜明君","總經理","羅美蓮","03-5986336","2007/09/28","2009/04/15",新台幣                 10.0000元,684669760,68466976,0,0,合併,每年,董事會,"台新綜合證券股份有限公司","02-25048125","台北市建國北路一段96號地下一樓","安永聯合會計師事務所","謝勝安","邱琬茹","AimCore","No 10 Kuangfu N.Road Hsin Chu Industrial Park ,TaiwanHsin Chu Industrial Park ,Taiwan","03-5978070","service@aimcore.com.tw","www.aimcore.com.tw","羅美蓮","經理","03-598-6336","service@aimcore.com.tw","http://www.aimcore.com.tw/p3-4.htm","https://www.aimcore.com.tw/investor02.php#subMenu_2"
"3623","富晶通科技股份有限公司","富晶通","光電業","－","桃園巿龜山區華亞三路50號6樓之1","	70791435","翁明顯","蔡輔原","巫金國","協理","鄭昭生","03-397-8800","2000/11/27","2010/04/28",新台幣                 10.0000元,291859460,29185946,0,0,個別,每年,股東會,"凱基證券股份有限公司","02-2389-2999","台北市重慶南路一段2號5樓","資誠聯合會計師事務所","楊蕙慈","王菘澤","TTI","6F.-1 No. 50, Hua-ya 3 RD.,Gueishan Dist., Taoyuan County,Taiwan","03-397-8855","service@transtouch.com.tw","https://www.transtouch.com.tw/","巫金國","協理","03-3978800#140","johnson@transtouch.com.tw","https://www.transtouch.com.tw/#stkSection","https://www.transtouch.com.tw/#invSection"
"3624","光頡科技股份有限公司","光頡","電子零組件業","－","新竹縣湖口鄉光復北路70號","	16130084","蔡高明","胡傳斌","黎順和","副總經理","鄭嘉蓮","035972931","1997/10/01","2011/03/16",新台幣                 10.0000元,1173408420,117340842,0,0,合併,每年,股東會,"宏遠證券股份有限公司","0277198899","台北市信義路四段236號3樓","資誠聯合會計師事務所","白淑蒨","劉倩瑜","VIKING","No.70,Kuanfu N. Road, Hukou HsiangHsin Chu Hsien303 Tawiwan, R. O. C.","035972935","anitalo@viking.com.tw","http://www.viking.com.tw","黎順和","副總經理","035972931","s3624@viking.com.tw","http://www.viking.com.tw","－"
"3625","西勝國際股份有限公司","西勝","電腦及週邊設備業","－","新北市新莊區中正路665號5樓","	96969724","黃宗偉","黃宗偉","李宗嶽(代理發言人)","處長","李宗嶽","(02)29016600","1996/05/23","2009/10/28",新台幣                 10.0000元,1142467650,114246765,3800000,0,合併,每年,董事會,"兆豐證券股份有限公司股務代理部","(02)33930898","台北市忠孝東路2段95號1樓","勤業眾信聯合會計師事務所","蔡宗遠","李麗凰","C-TECH","5F, No.665, Zhongzheng Rd.,Xinzhuang District,NewTaipeiCity,Taiwan","(02)29047699","ir@c-techone.com","www.c-techone.com","李宗嶽","處長","(02)29016600#223","joe.lee@c-techone.com","www.c-techone.com","www.c-techone.com"
"3628","盈正豫順電子股份有限公司","盈正","其他電子業","－","新北市新店區寶高路7巷3號1樓","	16444732","許文","黃敏洲","林志峰","財務部經理","趙順德","02-29176857","1998/04/27","2010/09/09",新台幣                 10.0000元,450000000,45000000,0,0,合併,每年,董事會,"富邦綜合證券股務代理部","02-23611300","台北市許昌街17號2樓","資誠聯合會計師事務所","林瑟凱","林冠宏","ABLEREX","1F, NO. 3, LANE 7, BAOGAO RD., XINDIAN DIST.,NEW TAIPEI CITY, TAIWAN R.O.C.","02-29148126","ablerex@ablerex.com.tw","www.ablerex.com.tw","林志峰","財務部經理","02-29176857","IR@ablerex.com.tw","http://www.ablerex.com.tw/ch/about_8-4-4.php","https://www.ablerex.com.tw/ch/csr.php"
"3629","地心引力股份有限公司","地心引力","文化創意業","－","臺北市信義區信義路五段150巷2號8樓之3","	12898395","馬震偉","陳斐娟","陳斐娟","總經理","楊志堅","02-27470958","2001/09/11","2010/05/27",新台幣                 10.0000元,329547820,32954782,24768248,0,合併,每季,董事會,"永豐金證券股份有限公司","(02)2381-6288","台北市博愛路17號3樓","安永聯合會計師事務所","王慕凡","張巧穎","Gravitytai","8F.-3, No. 2, Ln. 150, Sec. 5, Xinyi Rd., Xinyi Dist.,Taipei City110416, Taiwan (R.O.C.)","02-25361658","chrisfeng@gravitytw.com","www.gravitytw.com","陳斐娟","總經理","02-27601859","chenfeichuan@gravitytw.com","https://gravitytw.com/%E6%8A%95%E8%B3%87%E4%BA%BA%E9%97%9C%E4%BF%82","https://gravitytw.com/%E6%8A%95%E8%B3%87%E4%BA%BA%E9%97%9C%E4%BF%82"
"3630","新鉅科技股份有限公司","新鉅科","光電業","－","台中市外埔區水頭一路100巷77號","	70748276","鄭勝全","黃子青","王證彰","副總","殷長生","04-23696889","1999/08/30","2010/04/26",新台幣                 10.0000元,2041918480,204191848,20000000,0,合併,每年,股東會,"中國信託商業銀行代理部","02-6636-5566","台北市100003中正區重慶南路一段八十三號五樓","安侯建業聯合會計師事務所","張字信","陳政學","NEWMAX","No. 77, Ln. 100, Shuitou 1st Rd., Waipu Dist.Tai-Chung City, Taiwan R.O.C","04-23696869","public@newmax.com.tw","http://www.newmax.com.tw","王證彰","副總","04-23696889","public@newmax.com.tw","http://www.newmax.com.tw/?page_id=2102","https://www.newmax.com.tw/investment.html"
"3631","晟楠科技股份有限公司","晟楠","電子零組件業","－","桃園市龜山區鄉萬壽路一段161號18樓之1","	15979384","魏素珠","魏素珠","魏素珠","董事長","張春華","(02)8209-2883","1984/04/10","2010/12/20",新台幣                 10.0000元,818209090,81820909,0,0,合併,每年,股東會,"永豐金證券(股)公司股務代理部","(02)23823364","台北市博愛路17號3樓","國富浩華聯合會計師事務所","邱繼盛","林岱樺","CHERNAN","18F.-1, No.161, Sec. 1, Wanshou Rd., Gueishan Dist.,Taoyuan City 333, Taiwan (R.O.C.)","(02)8200-3193","taiwan@chernan.com","http://www.chernan.com","張春華","財務副理","(02)8209-2883","cntw.fdm@chernan.com","http://www.chernan.com/home.asp?Pager=Web1/a_5.htm","http://www.chernan.com/home.asp?Pager=Web1/a_5.htm"
"3632","研勤科技股份有限公司","研勤","通信網路業","－","臺北市內湖區港墘路200號4樓","	12894047","簡良益","陳俊福","陳柏任","財務長","陳俊福","02-87510123","2001/09/10","2011/01/11",新台幣                 10.0000元,408897380,40889738,0,0,合併,每年,股東會,"台新證券股務代理部","02-25048125","台北市建國北路一段96 號B1","廣信益群聯合會計師事務所","黃健豪","彭糸秀娟","PAPAGO","4F., No.200, Gangcian Rd., Neihu DistrictTaipei City 114, Taiwan (R.O.C.)","02-87511323","service@papagoinc.com","http://www.papagoinc.com","陳柏任","財務長","0287510123","stockholder@papagoinc.com","http://www.papagoinc.com","－"
"3646","艾恩特精密工業股份有限公司","艾恩特","電子零組件業","－","台北市內湖區堤頂大道二段301號5樓","	16870474","陳明仁","陳揚","林佑慈","總辦室秘書","陳靜如","(02)87510777","1999/03/11","2012/03/27",新台幣                 10.0000元,392973710,39297371,0,0,合併,每年,股東會,"永豐金證券股份有限公司","(02)2381-6288","台北市博愛路17號3樓","勤業眾信聯合會計師事務所","吳美慧","李穗青","ANT","5F., No.301, Sec. 2, Tiding Blvd.,Neihu Dist., Taipei City ,Taiwan (R.O.C)","26589166","MiffyLin@ant-precision.com.tw","http://www.ant-precision.com.tw","林佑慈","總辦室秘書","(02)8751-0777","MiffyLin@ant-precision.com.tw","https://www.ant-precision.com.tw/corporate-governance","https://www.ant-precision.com.tw/corporate-governance"
"3663","鑫科材料科技股份有限公司","鑫科","其他電子業","－","高雄市路竹區路科八路1號 ( 通訊地址 )","	16827203","李建輝","馮復安","馮復安","總經理","許銘璁","07-6955125","2000/03/29","2012/11/20",新台幣                 10.0000元,1084940740,108494074,14541096,0,合併,每年,股東會,"凱基證券股份有限公司股務代理部","02-23892999","台北市重慶南路一段2號5樓","勤業眾信聯合會計師事務所","郭麗園","王兆群","TTMC","NO.1, LUKE 8TH RD., KAOHSIUNG SCIENCE PARK, LUJHU DISTKAOHSIUNG CITY 821, TAIWAN(R.O.C.)","07-6955205","ttmc@e-ttmc.com.tw","www.e-ttmc.com.tw","吳詠琳","資深管理師","07-6955125#1202","wylin@e-ttmc.com.tw","http://goo.gl/dvnP3o","－"
"3664","安瑞科技股份有限公司","安瑞-KY","通信網路業","KY","North Sound Rd., George Town, Grand Cayman, KY1-9006","	28984305","黃建喬","吳育愷","黃建喬","董事長","無","1-4082408797","2008/12/19","2010/06/24",新台幣                 10.0000元,652753770,65275377,15025000,0,合併,每年,股東會,"中國信託商業銀行代理部","02-6636-5566","台北市重慶南路一段83號5樓","安永聯合會計師事務所","王瑄瑄","林秀青","Array","North Sound Rd., George Town,Grand Cayman, KY1-9006, Cayman Islands","1-4082408754","joehwang@arraynetworks.com","www.arraynetworks.net","方群翔","副總經理","02-27846000","seanfang@arraynetworks.com","www.arrayinc.com.tw","－"
"3666","光耀科技股份有限公司","光耀","光電業","－","(30078)新竹科學園區新竹市力行六路一號三樓","	27397031","黃宗元","何秉海","何秉海","總經理","蕭興泉","03-5776686","2004/07/13","2014/12/04",新台幣                 10.0000元,1389498500,138949850,80004000,0,合併,每年,董事會,"福邦證券股份有限公司","02-23711658","台北市中正區忠孝西路一段6號6樓","勤業眾信聯合會計師事務所","李穗青","龔則立","OTI","3F, No. 1, Li Hsin Rd. VI, Science-Based Industrial ParkHsinchu 30078, Taiwan","03-5776680","sales@optivtech.com","www.optivtech.com","何秉海","總經理","03-5776686","ir@optivtech.com","www.optivtech.com","－"
"3672","康聯訊科技股份有限公司","康聯訊","通信網路業","－","新北市汐止區新台五路一段79號18F-6","	16744506","陳友信","陳友信","簡慧瑩","財務長","林沛瑩","02-26989661","1998/10/06","2015/04/20",新台幣                 10.0000元,407903750,40790375,0,0,合併,每年,股東會,"群益金鼎證券股份有限公司","02-2703-5000","台北市大安區敦化南路二段97號B2","勤業眾信聯合會計師事務所","方涵妮","龔則立","CTS","18F-6,No.79,Sec.1,Hsin Tai Wu Rd.,Hsichih,Taipei Hsien,Taiwan,R.O.C","02-26989662","finance@ctsystem.com","https://www.ctsystem.com/en/","簡慧瑩","財務長","02-26989661","Ella_Chien@ctsystem.com","https://www.ctsystem.com/en/investors/stakeholders/","https://www.ctsystem.com/en/investors/corporate-governance/"
"3675","德微科技股份有限公司","德微","半導體業","－","新北市深坑區北深路三段155巷17號6樓","	89672698","張恩傑","黃文義","邱桂堂","永續辦公室資深經理","李金蓮","(02)2662-0011","1995/08/16","2012/06/29",新台幣                 10.0000元,530579230,53057923,0,0,合併,每年,股東會,"凱基證券股份有限公司","(02)23892999","台北市重慶南路一段2號5樓","勤業眾信聯合會計師事務所","劉怡青","吳世宗","Eris Tech","6F., No.17, Ln. 155, Sec. 3, Beishen Rd.Shenkeng Dist., New Taipei City","(02)2662-0033","Eris.public@eris.com.tw","www.eris.com.tw","邱桂堂","永續辦公室資深經理","0226620011","Eris.public@eris.com.tw","http://www.eris.com.tw/tw/menu-tw-stakeholder","－"
"3680","家登精密工業股份有限公司","家登","半導體業","－","新北市土城區中央路4段2號9樓之5","	16406379","邱銘乾","林添瑞","朱佳琳","專案經理","賴柏安","02-2268-9141","1998/03/20","2011/08/31",新台幣                 10.0000元,960414810,96041481,0,0,合併,每半會計年度,董事會,"凱基證券股份有限公司","0223892999","台北市重慶南路一段2號5樓","勤業眾信會計師事務所","曾建銘","王攀發","Gudeng","9F-5., No. 2, Sec. 4, Jhongyang Rd., Tucheng Dist, New Taipei County 236Taiwan,R.O.C","02-2269-1943","stock@gudeng.com","http://www.gudeng.com","朱佳琳","專案經理","02-2268-9141","stock@gudeng.com","http://www.gudeng.com/index.php/tw/investor-5/2013-09-05-10-01-29/2015-12-31","https://www.gudeng.com/Page?itemid=166&mid=350"
"3684","榮昌科技股份有限公司","榮昌","通信網路業","－","23145新北市新店區寶橋路233-2號8F","	89549184","陳家榮","洪健文","郭尚仁","執行副總","許建宸","(02)2917-7353","1995/06/12","2014/03/28",新台幣                 10.0000元,300016740,30001674,0,0,合併,每年,股東會,"台新綜合證券(股)公司股務代理部","(02)2504-8125","（10489）台北市建國北路一段96號B1","資誠聯合會計師事務所","吳偉豪","鄭雅慧","Grand-Tek","8F, No233-2, Bao-Ciao Road, Sin-Dian Dist,New Taipei CityTaipei County 23145, Taiwan, R.O.C","(02)2910-6546","wireless@grand-tek.com","http://www.grand-tek.com","郭尚仁","執行副總","02-29177353","Shawn-Kuo@grand-tek.com","http://www.grand-tek.com","https://www.grand-tek.com/invest-Governance.aspx"
"3685","元創精密車業股份有限公司","元創精密","電機機械","－","台中市西屯區朝富路213號4樓之7","	52811070","江凱量","張明弘","張明弘","總經理","王正文","04-22585821","1983/09/27","2010/12/08",新台幣                 10.0000元,795740000,79574000,0,0,合併,每年,股東會,"宏遠證券股份有限公司","02-77198899","台北市信義路四段236號3樓","安永聯合會計師事務所","賴書晨","黃宇廷","TAC","4F.-7, No.213, Chaofu Rd., Xitun Dist.,Taichung City 407, Taiwan.","04-22593685","fa@tradetools.com.tw","Http://www.tradetools.com.tw","張明弘","總經理","04-22585821","fa@tradetools.com.tw","https://www.tradetools.com.tw/stakeholder.html","https://www.tradetools.com.tw/company-organization.html"
"3687","茂為歐買尬數位科技股份有限公司","歐買尬","數位雲端","－","台北市南港區成功路一段50號3樓","	70444999","羅士博","羅士博","羅士博","總經理","楊碧茵","02-26550051","1999/10/18","2011/01/11",新台幣                 10.0000元,300595720,30059572,0,0,合併,每年,董事會,"台新證券股務代理部","02-25048125","台北市建國北路一段96號地下一樓","廣信益群聯合會計師事務所","黃健豪","彭&#32137;娟","OMG","3F., No. 50, Sec. 1, Chenggong Rd.,Nangang District, Taipei City 115,Taiwan","02-26550051","financial_material@mail.omg.com.tw","http://www.macrowell.com.tw/","羅士博","總經理","02-26550051","financial_material@mail.omg.com.tw","http://www.macrowell.com.tw/","https://www.macrowell.com.tw/financial/financial_b_dire1.aspx"
"3689","湧德電子股份有限公司","湧德","電子零組件業","－","桃園市蘆竹區內溪路68巷13號2樓","	27642463","陳伯榕","陳旻徹","李永銘","財務長","吳昌璞","03-3242000","2005/03/18","2012/10/18",新台幣                 10.0000元,874115850,87411585,0,0,合併,每年,董事會,"台新證券股務代理部","02-25048125","10489台北市建國北路一段96號地下一樓","勤業眾信聯合會計師事務所","尤盟貴","陳薔旬","UDE","2F., No.13, Ln. 68, Neixi Rd., Luzhu Dist.,Taoyuan City 338, Taiwan","03-3246611","service@ude-corp.com","https://www.ude-corp.com","李永銘","財務長","03-324-2000#520","IR@ude-corp.com","https://www.ude-corp.com/tw/csr","https://www.ude-corp.com/tw/investors/corporate"
"3691","碩禾電子材料股份有限公司","碩禾","光電業","－","303新竹縣湖口鄉中華路122-18號","	80433079","陳繼明","黃文瑞","陳繼明","董事長","黃文瑞","03-5981886","2003/07/11","2010/11/18",新台幣                 10.0000元,918834200,91883420,12686000,0,合併,每年,股東會,"兆豐證券股份有限公司股務代理部","02-3393-0898","100台北市忠孝東路二段95號1樓","勤業眾信聯合會計師事務所","林心彤","林政治","GIGASOLAR","122-18, Zhonghua Rd., Hsinchu Industrial Park,Hsinchu 303, Taiwan, R.O.C","03-5978258","IR@gigasolar.com.tw","www.gigasolar.com.tw","吳小姐","副理","03-5981886","IR@gigasolar.com.tw","http://www.gigasolar.com.tw/","－"
"3693","營邦企業股份有限公司","營邦","電腦及週邊設備業","－","(338)桃園市蘆竹區大興路20巷19弄9號","	96994977","梁順營","梁順營","錢靜怡","財務部經理","黃志雄","(03)313-8386","1996/05/03","2013/11/27",新台幣                 10.0000元,429906940,42990694,0,0,合併,每年,股東會,"元大證券股份有限公司","(02)2586-5859","臺北市大安區敦化南路2段67號地下一樓","勤業眾信會計師事務所","李東峰","周仕杰","AIC","No.9, Alley 19, Lane 20, Ta Hsing Rd. Luchu ShiangTaoyuan, Taiwan, R.O.C.","(03)313-8377","ir@aicipc.com.tw","www.aicipc.com","錢靜怡","財務部經理","(03)313-8386","ir@aicipc.com.tw","www.aicipc.com","https://www.aicipc.com/tw/page/265-217"
"3707","漢磊科技股份有限公司","漢磊","半導體業","－","新竹科學園區新竹縣寶山鄉創新一路18號1樓","	54389725","徐建華","劉燦文","范桂榮","副總經理","鍾嘉祺","035779245","2014/10/01","2014/10/01",新台幣                 10.0000元,3832226530,383222653,50000000,0,合併,每年,董事會,"凱基證券股份有限公司","0223892999","北市重慶南路一段2號5樓","資誠聯合會計師事務所","李典易","謝智政","EPISIL","No.18,Innovation Rode 1, Science Park, Hsin-Chu,Taiwan,R.O.C.","035776289","episil_mail@episil.com","https://www.episil.com","范桂榮","副總經理","035779245-1200","episil_mail@episil.com","https://www.episil.com","https://www.episil.com/zh-tw/financial/corp_governance_structure"
"3709","鑫聯大投資控股股份有限公司","鑫聯大投控","電腦及週邊設備業","－","台北市南港區經貿二路189號22樓","	51512503","黃偉祥","張文忠","曹鈞傑","財會管理處處長","陳碧靜","02-2316-2888","2017/09/01","2017/09/01",新台幣                 10.0000元,1255694500,125569450,0,0,合併,每年,股東會,"群益金鼎證券股份有限公司","02-2703-5000","106台北市大安區敦化南路二段97號B2","資誠聯合會計師事務所","王銘義","林一帆","Trigold","22F., No. 189, Jingmao 2nd Rd., Nangang Dist.Taipei City 115, Taiwan (R.O.C.)","02-2653-3598","Tri-IR@trigoldholdings.com","www.TrigoldHoldings.com","曹鈞傑","財會管理處處長","02-2316-2888#85068","Tri-IR@trigoldholdings.com","www.TrigoldHoldings.com","www.TrigoldHoldings.com"
"3710","連展投資控股股份有限公司","連展投控","電子零組件業","－","新北市新店區寶興路45巷9弄2號3樓","	51608205","林肇聰","陳鴻儀","陳志斌","副總經理","邱瑞華","(02)2917-5598","2017/12/29","2017/12/29",新台幣                 10.0000元,2872507340,287250734,0,0,合併,每年,股東會,"統一綜合證券股份有限公司","(02)2746-3797","台北巿松山區東興路8號B1樓","資誠聯合會計師事務所","吳仁杰","林永智","ACON Holding","231,3ST FL.,NO2.ALLEY9,LANE45 PAO-HSIN RD.,　HSIN-TIEN TAIPEI TAIWAN,R.O.C　","02-29156703","info@acon-holding.com","www.acon-holding.com","陳志斌","副總經理","(02)2917-5598","info@acon-holding.com","www.acon-holding.com","http://www.acon-holding.com/?action=index"
"3713","新晶投資控股股份有限公司","新晶投控","綠能環保","－","新竹縣竹北市復興二路193號3樓之一","	83423700","資三德","資三德","劉財能","財務主管","陳受慶","03-6581956","2020/02/27","2020/02/27",新台幣                 10.0000元,880900000,88090000,5500000,0,合併,每年,股東會,"富邦綜合證券股份有限公司","02-23611300","台北市10047許昌街17號11樓","安侯建業聯合會計師事務所","楊樹芝","陳蓓琪","HsinjingHolding","3F.-1, No. 193, Fuxing 2nd Rd., Zhubei CityHsinchu County 302, Taiwan (R.O.C)","03-6580981","services@hsinjing-holding.com.tw","www.hsinjing-holding.com.tw","劉財能","財務主管","03-6581956","bruceliu@hsinjing-holding.com.tw","www.hsinjing-holding.com.tw","www.hsinjing-holding.com.tw"
"4102","永日化學工業股份有限公司","永日","生技醫療業","－","台中市大甲區日南里幼獅路59、61號","	56620559","林青煌","李育儒","李育儒","總經理","吳彥道","04-26818866","1978/06/08","2001/03/20",新台幣                 10.0000元,423734430,42373443,0,0,合併,每年,股東會,"元大證券股份有限公司","02-25865859","106臺北市大安區敦化南路二段67號地下一樓","資誠聯合會計師事務所","賴志維","洪淑華","YUNGZIP　","59,61, You Shih Road, Youth Industrial District, Dajia,Taichung, Taiwan 437, R.O.C.","04-26821007","yspgyzc@yungshingroup.com","http://www.yungzip.com","李育儒","總經理","04-26818866#101","yspgyzc@yungshingroup.com","http://www.yungzip.com/tw/investors/13","http://www.yungzip.com/tw/investors/12"
"4105","台灣東洋藥品工業股份有限公司","東洋","生技醫療業","－","台北市南港區園區街3-1號3樓","	11821341","林全","侯靜蘭","張國江","財務長","殷為瑩","26525999","1960/07/22","2001/09/27",新台幣                 10.0000元,2486499590,248649959,0,0,合併,每年,董事會,"群益金鼎證券股份有限公司","(02)2702-3999","台北市敦化南路二段97號地下二樓","安侯建業聯合會計師事務所","韓沂璉","張淑瑩","TTY　","3F., No.3-1, Park St., Nangang Dist.,Taipei,Taiwan,R.O.C.","2652-5982","ir@tty.com.tw","www.tty.com.tw","張國江","財務長","26525999-2339","ir@tty.com.tw","http://ch.tty.com.tw/ec99/rwd1181/category.asp?Xcategory_id=1&category_id=12","https://ch.tty.com.tw/ec99/rwd1181/Category.asp?category_id=77"
"4107","邦特生物科技股份有限公司","邦特","生技醫療業","－","台北市104中山區長安東路一段23號5樓之6","	86306206","李明忠","林進隆","黃繹中","財務長","李宜勳","(02)25710269","1991/11/13","2002/03/04",新台幣                 10.0000元,692983360,69298336,0,0,合併,每年,董事會,"統一綜合證券股份有限公司","(02)27478266","臺北市東興街8號B1樓","安侯建業聯合會計師事務所","鄭博仁","黃明宏","BIOTEQUE","5F-6,No.23 Sec.1.Chang-An E. Rd .,Taipei 104, Taiwan , R.O.C.　　　","(02)25710213","finance@bioteq.com.tw","https://www.bioteq.com.tw/zh-tw","黃繹中","財務長","02-2571-0269","alexhuang@bioteq.com.tw","https://www.bioteq.com.tw/zh-tw/page-categories/Stakeholders","https://www.bioteq.com.tw/zh-tw/page-categories/corporate-governance"
"4109","加捷生醫股份有限公司","加捷生醫","生技醫療業","－","高雄市三民區九如一路61號3樓","	89415241","翁重鈞","曾茗絹","林慶弘","財務部副總經理","施美秀","07-9761598","1995/05/06","2002/08/08",新台幣                 10.0000元,1187366810,118736681,9800000,0,合併,每年,董事會,"群益金鼎證券股份有限公司","02-2702-3999","台北市大安區敦化南路二段97號B2","資誠聯合會計師事務所","林秀珊","吳建志","Jia Jie Bio","3F., NO.61, Jiuru 1st Rd., Sanmin Dist.,KAOHSIUNG, TAIWAN, R.O.C","07-3952823","angelin@jiajiebio.com","https://www.jiajiebio.com","林慶弘","財務部副總經理","07-9761598","angelin@jiajiebio.com","https://www.jiajiebio.com/tw/index.asp?au_id=242&sub_id=308#","－"
"4111","濟生醫藥生技股份有限公司","濟生","生技醫療業","－","新竹縣湖口鄉實踐路3號","	47154259","蘇東茂","蘇東茂","黃惠珍","財務協理","魏麗珠","(03)5983811","1962/10/06","1999/03/06",新台幣                 10.0000元,598321350,59832135,0,0,個別,每年,股東會,"元大證券股份有限公司","02-25865859","106臺北市大安區敦化南路2段67號地下一樓","安永聯合會計師事務所","胡慎緁","楊雨霓","CHI  SHENG 　","No.3, Shijian Rd., Hukou Township, Hsinchu County 30352, Taiwan (R.O.C.)Hsinchu County , Taiwan (R.O.C.)","(03)5982855","stock@cscp.com.tw","www.cscp.com.tw/index.php","黃惠珍","財務協理","(03)5983811#218","jane@cscp.com.tw","www.cscp.com.tw","－"
"4113","聯上實業股份有限公司","聯上","建材營造","－","高雄市左營區富國路185號17樓之2","	16126477","蘇永義","蘇永義","呂信杰","開發部副總經理","陳羿均","07-5575242","1998/02/11","2003/07/22",新台幣                 10.0000元,2311381370,231138137,0,0,個別,每年,股東會,"元大證券股份有限公司","02-25865859","臺北市大安區敦化南路2段67號B1","廣信益群聯合會計師事務所","梁宏瑋","翁子霖","WE&WIN","17F.-2, No.185, Fuguo Rd., Zuoying DistrictKaohsiung City 813, Taiwan (R.O.C)","07-5575133","hsinchieh@vvvvv.com.tw","http://kh.vvvvv.com.tw","呂信杰","開發部副總經理","07-5575242#302","hsinchieh@vvvvv.com.tw","http://kh.vvvvv.com.tw/kh/p4-1-10.asp","http://kh.vvvvv.com.tw/kh/p4-1-1.asp"
"4114","健喬信元醫藥生技股份有限公司","健喬","生技醫療業","－","台北市內湖區內湖路1段396號11樓","	43199950","林智暉","林智暉","黃立宇","財務長","楊千瑤","(02)8797-7100","1970/08/25","2003/05/12",新台幣                 10.0000元,5101756360,510175636,0,0,合併,每年,董事會,"元大證券股份有限公司","(02)2586-5859","臺北市大安區敦化南路2段67號地下一樓","勤業眾信聯合會計師事務所","洪偉倫","陳招美","SYNMOSA","11TH FL., NO.396, SEC. 1, NEIHU ROAD,TAIPEI, TAIWAN, R.O.C.","(02)8797-2746","syn.acc@synmosa.com.tw","http://www.synmosa.com.tw","楊千瑤","董事長特助","(02)8797-7100","syn.acc@synmosa.com.tw","https://www.synmosa.com.tw/tw/home/Default.asp","－"
"4116","明基三豐醫療器材股份有限公司","明基醫","生技醫療業","－","台北市內湖區洲子街46號7樓","	23285106","陳其宏","祝爾安","吳淑晴","協理","祝爾安","(02)87975533","1989/03/21","2015/12/16",新台幣                 10.0000元,445660000,44566000,0,0,合併,每年,董事會,"中國信託商業銀行股份有限公司","(02)66365566","台北市重慶南路一段83號5樓","安侯建業聯合會計師事務所","許詩淳","施威銘","BMTC　　","7th Floor, No.46, Zhou-z Street, Nei-HuTaipei, Taiwan.R.O.C.　　","02-87975189","Stella.Wu@BenQMedicalTech.com","www.BenQMedicalTech.com","吳淑晴","協理","02-87975533(5893)","CSR@BenQMedicalTech.com","www.BenQMedicalTech.com","www.benqmedicaltech.com/msg/message-????·|-86.html"
"4120","友華生技醫藥股份有限公司","友華","生技醫療業","－","台北市北投區承德路六段 128 號 13 樓","	12397982","蔡正弘","蔡孟霖","陳遠甫","總經理特助","李宇玲","27554881","1982/06/16","2003/11/05",新台幣                 10.0000元,867471190,86747119,0,0,合併,每年,股東會,"康和綜合證券股份有限公司","02-87871888","110台北市信義區基隆路一段176號B1","勤業眾信聯合會計師事務所","吳怡君","陳昭宇","OEP","13F., No. 128, Sec. 6, Chengde Rd., Beitou Dist., Taipei City ,112052 TaiwanTaipei, Taiwan, R.O.C.","27024324","pr@mail.oep.com.tw","www.oep.com.tw","陳遠甫","總經理特助","02-27554881-2703","Frank.Chen@oepgroup.com","http://www.oep.com.tw/zh-tw/ams/ir_1","－"
"4121","優盛醫學科技股份有限公司","優盛","生技醫療業","－","北市內湖區港墘路189號12樓","	23123644","劉志平","總經理","張淑娟","總經理","王明華","(02)26597888","1988/11/02","2003/07/25",新台幣                 10.0000元,827480450,82748045,0,0,合併,每年,股東會,"元大證券股份有限公司股務代理部","02-25865859","臺北市大安區敦化南路2段67號地下一樓","安侯建業聯合會計師事務所","鄒依芸","毛聖崴","ROSSMAX","12F,NO. 189, Kang Chien Rd.Taipei, 114, Taiwan","(02)26597666","public@rossmax.com","www.rossmax.com","張淑娟","總經理","(02)26597888","public@rossmax.com","www.rossmax.com","http://60.251.41.252/inv/tw/Investor%20Relations.htm"
"4123","晟德大藥廠股份有限公司","晟德","生技醫療業","－","台北市南港區園區街3之2號7樓","	18606304","王素琦","許瑞寶","林秀月","董事長室協理","唐清玉","26558680","1959/11/04","2003/10/07",新台幣                 10.0000元,7612256740,761225674,44292033,0,合併,每年,股東會,"群益金鼎證券股務代理部","2702-3999","台北市敦化南路二段97號地下二樓","富鋒聯合會計師事務所","鄭忠昊","紀嘉祐","Center Lab.","7F.,NO.3-2 PARK ST., NANGANG DIST.,TAIPEI CITY 115, TAIWAN (R.O.C.)","26558380","yvonne@centerlab.com.tw","www.centerlab.com.tw","林秀月","董事長室協理","2655-8680分機301","catherine@centerlab.com.tw","https://www.centerlab.com.tw/investor/stakeholder_contact","https://www.centerlab.com.tw/corporate/member?id=17"
"4126","太平洋醫材股份有限公司","太醫","生技醫療業","－","新竹科學園區苗栗縣銅鑼鄉九湖村銅科二路8號","	20765714","鍾安婷","江孟洸","王昱婷","總經理室特別助理","王湘瑜","02-28955050","1977/08/06","2004/02/09",新台幣                 10.0000元,726000000,72600000,0,0,個別,每年,股東會,"福邦證券股份有限公司","02-23711658","台北市中正區忠孝西路一段6號6樓","勤業眾信聯合會計師事務所","姚勝雄","薛峻泯","PAHSCO　　","No. 8, Tongke 2nd Rd., Hsinchu Science Park, Jiuhu Vil.,Tongluo Township, Miaoli County, Taiwan","02-28978282","pahsco@pahsco.com.tw","http://www.pahsco.com.tw","王昱婷","總經理室特別助理","02-28955050*6309","ir@pahsco.com.tw","https://www.pahsco.com.tw/tw/esg/article-detail/59/","https://www.pahsco.com.tw/tw/esg/link/governance/"
"4127","天良生物科技企業股份有限公司","天良","生技醫療業","－","新北市汐止區大同路一段147號9樓","	85086859","詹漢山","沈錫聰","郭俊雄","財務處經理","蕭秋華","02-26483099","1971/04/22","2005/07/29",新台幣                 10.0000元,457600000,45760000,0,0,合併,每年,股東會,"華南永昌綜合證券股務代理部","(02)2718-6425","台北市松山區民生東路四段54號4樓","正風聯合會計師事務所","賴家裕","賴永吉","TLB","9F, NO. 147, Sec. 1, Datong Rd.,Xizhi Dist, New Taipei City Taiwan","02-26475179","cfo.tlb@tlb.com.tw","www.tlb.com.tw","郭俊雄","財務處經理","02-26483099","cfo.tlb@tlb.com.tw","https://www.tlb.com.tw/stakeholder-engagement/","https://www.tlb.com.tw/corporate-governance/"
"4128","中天生物科技股份有限公司","中天","生技醫療業","－","台北市南港區園區街3號18樓之1","	70555349","陳振文","陳振文","陳菀均","研發中心副總經理","王瀛君","02-26558558","2000/05/03","2006/06/09",新台幣                 10.0000元,5881705970,588170597,0,0,合併,每年,董事會,"兆豐證券股份有限公司","02-3393-0898","台北市忠孝東路2段95號1樓","勤業眾信聯合會計師事務所","鄭欽宗","邱盟捷","MICROBIO　　","18F-1,No.3,Yuan Qu St,Taipei 115,Taiwan,R.O.C.Taipei, Taiwan","02-26558559","micro@microbio.com.tw","http://twmicrobio.com/","王瀛君","協理","02-26558558","micro@microbio.com.tw","https://www.twmicrobio.com/??·~?????d??/?????g??/#important_subject","https://www.twmicrobio.com/??·~?????d??/???q?v?z/"
"4129","聯合骨科器材股份有限公司","聯合","生技醫療業","－","新竹市科學工業園區園區二路57號","	22099982","林延生","林德堅","彭友杏","副總經理","林德堅","(03)577-3351","1993/03/05","2004/09/29",新台幣                 10.0000元,964367040,96436704,0,0,合併,每年,董事會,"富邦綜合證券股份有限公司","(02)2361-1300","台北市中正區許昌街17號11樓","安永聯合會計師事務所","林世寰","徐榮煌","UOC　　","57 Park Ave 2 Science Park Hsinchu Taiwan,R.O.C.　　Hsinchu Taiwan,R.O.C.　　　　","(03)577-7156","ivy.pan@unitedorthopedic.com","https://tw.unitedorthopedic.com/","鄧元昌","財務主管","(02)2929-4567#1161","mike.teng@unitedorthopedic.com","https://tw.unitedorthopedic.com/","https://tw.unitedorthopedic.com/esg/"
"4130","健亞生物科技股份有限公司","健亞","生技醫療業","－","新竹縣湖口鄉工業一路一號","	84149006","陳正","朱佳真","蔣維民","行政處 資深處長","林惠玲","03-5982221","1993/03/24","2012/01/12",新台幣                 10.0000元,1378875300,137887530,0,0,合併,每年,董事會,"群益金鼎證券股份有限公司","02-27023999","台北市敦化南路二段97號東帝士摩天大樓地下2樓","資誠聯合會計師事務所","劉倩瑜","鄭雅慧","GBL","No. 1, First Industrial Road, Hukou Township,HsinChu County 303036, Taiwan, R.O.C.","03-5982804","finance@genovate-bio.com","www.genovate-bio.com","蔣維民","行政處 資深處長","03-5982221 ext.118","williechiang@genovate-bio.com","www.genovate-bio.com/chinese/Newup_f.htm","www.genovate-bio.com/?page_id=44"
"4131","浩泰精準股份有限公司","浩泰","生技醫療業","－","台南市東區龍山里林森路一段395號9樓之8","	16680539","周鼎茂","紀文勝","紀文勝","總經理","楊艷雀","037-585585","1998/10/22","2004/04/09",新台幣                 10.0000元,395000000,39500000,27990004,0,合併,每年,股東會,"中國信託商業銀行代理部","02-66365566","臺北市中正區重慶南路一段八十三號五樓","勤業眾信聯合會計師事務所","楊朝欽","李季珍","NeoCore","9F.-8, No. 395, Sec. 1, Linsen Rd., East Dist.Tainan City 701 , Taiwan (R.O.C.)","037-585586","stephen.chen@neocore.com.tw","www.neocore.com.tw","陳佑庭","財務副理","037-585585#113","stephen.chen@neocore.com.tw","www.neocore.com.tw","www.neocore.com.tw/manage/"
"4138","曜亞國際股份有限公司","曜亞","生技醫療業","－","新北市中和區中正路880號14樓","	80527809","傅輝東","陳柏源","江志浩","副總經理","陳冠良","(02)2221-7733","2003/10/09","2010/12/29",新台幣                 10.0000元,399300000,39930000,0,0,合併,每年,董事會,"統一綜合證券(股)公司","(02)27463797","台北市東興路8號B1樓","安侯建業聯合會計師事務所","郭柔蘭","江曉苓","DMT","14F, No. 880, Jhongjheng Rd., Jhonghe CityTaipei County 235, Taiwan. R.O.C.","(02)2221-6394","stock@dmttw.com","http://www.dmttw.com.tw/","江志浩","副總經理","(02)22217733","stock@dmttw.com","https://www.dmttw.com.tw/2015/01/01/§Q?`???Y?H?p?????f/","https://www.dmttw.com.tw/§????H±M°?/???q?v?z"
"4139","馬光保健控股股份有限公司","馬光-KY","生技醫療業","KY","P.O. Box 61, Harbour Centre, George Town, Grand Cayman","	28993894","福苓興業有限公司代表人:巫雲光","于倩","于倩","總經理","陳怡君","(07)555-0864","2009/07/14","2011/04/29",新台幣                 10.0000元,450099110,45009911,2460000,0,合併,每年,股東會,"富邦綜合證券(股)公司","(02)2361-1300","台北市中正區許昌街十七號十一樓","安永聯合會計師事務所","陳政初","姚世傑","KY M.K.","4F., No.693, Mingcheng 3Rd., Gushan DistKaohsiung City 804 Taiwan (R.O.C)","(07)555-4035","kymk041@gmail.com","https://mk-healthcare.com/","陳怡君","財務主管","(07)555-0864","kymk025@gmail.com","https://mk-healthcare.com/stakeholder","https://mk-healthcare.com/governance"
"4147","中裕新藥股份有限公司","中裕","生技醫療業","－","台北市內湖區瑞光路607號3樓","	28707338","陳明村","張金明","張金明","執行長","林鴻傑","(02)26580058","2007/09/05","2015/11/23",新台幣                 10.0000元,2732024250,273202425,0,0,合併,每年,股東會,"元富證券股份有限公司","(02)27686668","105台北市松山區光復北路11巷35號地下一樓","勤業眾信聯合會計師事務所","王浚宇","陳彥君","TMB","3F., No.607, Ruiguang Rd., Neihu DistTaipei City, 11492 Taiwan. R.O.C.","(02)26586058","iven@taimedbio.com","https://www.taimedbiologics.com","林鴻傑","財務處暨投資人關係 處長","(02)26580058","ir@taimedbio.com","http://www.taimedbiologics.com/cht/contact/contact_us","－"
"4153","鈺緯科技開發股份有限公司","鈺緯","生技醫療業","－","新北市中和區中山路2段351號9樓","	89376900","黃漢州","劉淑琪","麥聖御","副總經理","江佳芬","(02)22268631","1995/04/11","2013/05/23",新台幣                 10.0000元,586681970,58668197,0,0,合併,每年,董事會,"富邦綜合證券股份有限公司","(02)23611300","台北市中正區許昌街17號11樓","勤業眾信聯合會計師事務所","邵志明","黃國寧","DIVA Labs.","9F, No.351, Sec. 2, Zhongshan RdZhonghe Dist., New Taipei City, Taiwan","(02)22262423","spokesman1@diva.com.tw","http://www.diva.com.tw/","麥聖御","副總經理","(02)22268631#161","michael_mai@diva.com.tw","http://www.diva.com.tw/zh-tw/investor/index/5","http://www.diva.com.tw/zh-tw/investor/index/2"
"4154","樂威科股份有限公司","樂威科-KY","其他","KY","P.O. Box 31119 Grand Pavilion,Hibiscus Way,802 West Bay Road","	26330076","傅俊超","王政隆","張文蒨","財務長","王政隆","02-23252295","2010/08/09","2011/12/28",新台幣                 10.0000元,350000000,35000000,21518958,0,合併,每年,股東會,"國票綜合證券(股)公司股務代理部","02-2528-8988","台北市松山區南京東路五段188號15樓","建昇財稅聯合會計師事務所","林泰宇","陳姿勻","Raku-KY","3F., No. 43, Dongxing Rd., Xinyi Dist., Taipei City 110403 , Taiwan (R.O.C.)Taiwan Taipei 110403","02-23253359","enquiry@raku-tec.com.tw","https://www.raku-tec.com.tw/","張文蒨","財務長","02-2325-2295","joanne.chang@raku-tec.com.tw","https://www.raku-tec.com.tw/","－"
"4157","太景醫藥研發控股股份有限公司","太景*-KY","生技醫療業","KY","中華民國台灣台北市內湖區新明路138號7樓","	31982484","黃國龍","張俐雯","黃國龍","董事長","呂理堅","0281777020","2005/09/15","2014/01/17",美元                  0.0010元,20766551,711833575,0,0,合併,每年,股東會,"永豐金證券股份有限公司","0223816288","中華民國台灣台北市中正區博愛路17號3樓","勤業眾信聯合會計師事務所","李協昌","黃惠敏","TAIGEN","Box 309, Ugland HouseGrand Cayman, KY1-1104, Cayman Islands","0227963606","ir@taigenbiotech.com","http://www.taigenbiotech.com/","王暄茹","經理","0281777020#1724","ir@taigenbiotech.com","http://www.taigenbiotech.com.tw/Product/4-2","－"
"4160","訊聯基因數位股份有限公司","訊聯基因","生技醫療業","－","台北市內湖區新湖一路36巷28號6樓","	24268870","張漢東","康清原","康清原","總經理","陳冠文","(02)2795-1777","2008/11/21","2012/09/17",新台幣                 10.0000元,266903340,26690334,0,0,合併,每年,股東會,"中國信託商業銀行(股)公司代理部","(02)6636-5566","台北市重慶南路一段83號5樓","資誠聯合會計師事務所","黃珮娟","鄧聖偉","GGA Corp.","6F, No28, Ln.36, Xinhu 1st Rd., Neihu Dist.,Taipei City 11494, Taiwan","(02)2793-8009","GGA@GGA.Asia","www.GGA.Asia","黃芳春","經理","(02)27951777分機1668","Lulu@GGA.Asia","www.gga.asia/tc/Overview/Investors/about_news_detail/23","www.gga.asia/tc/Overview/Investors/about_news_detail/28"
"4161","聿新生物科技股份有限公司","聿新科","生技醫療業","－","350苗栗縣竹南鎮公館里中華南路188號","	16930971","楊金昌","涂耀仁","涂耀仁","竹科分公司執行長","楊翊鈴","037-626699","1999/06/01","2013/06/26",新台幣                 10.0000元,598082040,59808204,0,0,合併,每年,董事會,"群益金鼎證券股份有限公司","02-27023999","台北市敦化南路二段97號B2","資誠聯合會計師事務所","劉倩瑜","江采燕","BIOPTIK","No.188, Zhonghua S. Rd., Zhunan TownshipMiaoli County 35057, Taiwan(R.O.C.)","037-620997","chiao@bioptik.com.tw","http://www.bioptik.com.tw","涂耀仁","竹科分公司執行長","03-5782999","Richard@bioptik.com.tw","http://www.bioptik.com.tw","http://www.bioptik.com.tw"
"4162","智擎生技製藥股份有限公司","智擎","生技醫療業","－","台北市民生東路3段10號11樓","	80264691","許璋瑤","王宏仁","張麒星","副總經理","曹妤&#20120;","02-25158228","2002/08/12","2012/09/18",新台幣                 10.0000元,1456776400,145677640,0,0,個別,每年,股東會,"元大證券股份有限公司","02-2586-5859","台北市大安區敦化南路二段67號地下一樓","資誠聯合會計師事務所","游淑芬","梁華玲","PEI","11F, 10 Minsheng E. Road, Sec. 3, Taipei 104 TaiwanTaipei, Taiwan","02-25157558","info@pharmaengine.com","https://www.pharmaengine.com","張麒星","副總經理","02-25158228","chihsing.chang@pharmaengine.com","https://www.pharmaengine.com/sustainability/sustainability_2/33","https://www.pharmaengine.com/governance/index/21"
"4163","鐿鈦科技股份有限公司","鐿鈦","生技醫療業","－","台中市南屯區文山里精科路9號","	27473348","鍾兆塤","林俊男","陳雅玲","財務部協理","張雅琪/陳清豐","04-23595336","2004/10/21","2012/11/15",新台幣                 10.0000元,506458930,50645893,0,0,合併,每年,董事會,"台新證券股務代理部","02-25048125","台北市中山區建國北路一段96號B1","勤業眾信聯合會計師事務所","吳少君","蘇定堅","INTAI","NO.9,JINGKE RD.,NANTUN DIST.,TAICHUNG CITY 40852,TAIWAN(R.O.C.)","04-23503906","sp@mail.intai.com.tw","www.intai.com.tw","陳雅玲","財務部協理","04-23595336","sp@mail.intai.com.tw","http://ir.intai.com.tw/?act=interested","http://ir.intai.com.tw/?act=organization&cmd=list"
"4166","友霖生技醫藥股份有限公司","友霖","生技醫療業","－","中部科學園區雲林縣虎尾鎮科虎一路8號","	28924399","蔡正弘","黃春桐","黃春桐","總經理","羅冠權","(02)2325-7621","2008/02/01","2025/08/21",新台幣                 10.0000元,2430350890,243035089,0,0,合併,每年,股東會,"康和綜合證券股份有限公司","(02)8787-1888","台北市信義區基隆路一段176號B1","勤業眾信聯合會計師事務所","吳鈞麟","陳昭宇","OP","12F., No. 128, Sec. 6, Chengde Rd., Beitou Dist.,Taipei City ,112052 Taiwan (ROC)","(02)2755-0656","op@oppharma.com","https://academy.oppharma.com/","羅冠權","行銷經理","(02)2325-7621","op@oppharma.com","https://academy.oppharma.com/","https://academy.oppharma.com/"
"4167","松瑞製藥股份有限公司","松瑞藥","生技醫療業","－","744094南部科學園區台南市新市區南科六路1號","	80642673","漢友財務管理顧問股份有限公司代表人李香雲","陳志芳","林國瑋","協理","林彥嵐","06-5051200","2004/01/30","2015/09/08",新台幣                 10.0000元,3104441070,310444107,0,0,合併,每年,董事會,"宏遠證券股份有限公司股務代理部","02-2326-8818","10680臺北市大安區信義路四段236號3樓","勤業眾信聯合會計師事務所","鄭旭然","謝東儒","SLC","No.1,Nanke 6th Road,Xinshi Dist,Southern Taiwan Science Park,Tainan City,Taiwan 744094,R.O.C.","06-5052600","stock@saviorlifetec.com.tw","http://www.saviorlifetec.com.tw/zh/","林國瑋","協理","06-5051200#1001","stock@saviorlifetec.com.tw","http://www.saviorlifetec.com.tw/zh/investors-7","https://www.saviorlifetec.com.tw/zh/careers-131"
"4168","台灣醣聯生技醫藥股份有限公司","醣聯","生技醫療業","－","新北市汐止區新台五路一段97號8樓","	12683520","張東玄","楊玫君","呂耀華","副總經理","吳蒂芬","(02)2697-4168","2001/02/01","2012/12/18",新台幣                 10.0000元,1125213180,112521318,3036000,0,合併,每年,董事會,"福邦證券股份有限公司股務代理部","(02)2371-1658","台北市中正區忠孝西路一段6號6樓","資誠聯合會計師事務所","鄧聖偉","顏裕芳","GlycoNex Inc.","8F., No.97, Sec. 1, Xintai 5th Rd., Xizhi Dist.,New Taipei City 22175,Taiwan","(02)2697-1168","mail@glyconex.com.tw","http://www.glyconex.com.tw/","呂耀華","副總經理","(02)2697-4168","rogerlu@glyconex.com.tw","https://www.glyconex.com.tw/index.php/zh/investors-tw/share-transfer-agency-and-spokesman","https://www.glyconex.com.tw/index.php/zh/investors-tw/corporate-governance"
"4171","瑞基海洋生物科技股份有限公司","瑞基","農業科技","－","407台中市西屯區中部科學園區科園二路19號","	27489806","劉正忠","鍾德豫","傅俞燕","董事長特別助理","劉正忠","04-24639869","2004/11/12","2014/08/14",新台幣                 10.0000元,584574690,58457469,0,0,合併,每年,董事會,"中國信託商業銀行代理部","(02)6636-5566","台北市重慶南路一段83號5樓","安侯建業聯合會計師事務所","江家齊","吳佳翰","GeneReach","No.19,Keyuan 2nd Road,Central Taiwan Science Park,Taichung City,Taiwan R.O.C","04-24638255","genereach@gmail.com","www.genereach.com","傅俞燕","董事長特別助理","04-24639869","genereach@gmail.com","www.genereach.com","－"
"4173","久裕企業股份有限公司","久裕","生技醫療業","－","新北市中和區中正路880號14樓之5","	05071926","張明正","洪文銓","林怡&#24419;","財務長","詹雅媛","(02)8227-7999","1980/06/02","2013/10/31",新台幣                 10.0000元,745743550,74574355,0,0,合併,每年,董事會,"統一綜合證券(股)公司","(02)2746-3797","台北市東興路8號B1","安侯建業聯合會計師事務所","郭柔蘭","江曉苓","ARICH","14F-5, No. 880, Zhongzheng Rd., Zhonghe Dist.New Taipei City 23586, Taiwan, R.O.C.","(02)2222-6171","stock@arich.com.tw","http://www.arich.com.tw","林怡&#24419;","財務長","(02)8227-7999","stock@arich.com.tw","https://www.arich.com.tw/contact.php","https://www.arich.com.tw/company.php"
"4174","台灣浩鼎生技股份有限公司","浩鼎","生技醫療業","－","(115011)台北市南港區忠孝東路7段508號6樓","	13110677","梁賡義","王慧君","王慧君","執行長","高國霖","(02)2655-8799","2002/04/29","2015/03/23",新台幣                 10.0000元,1315796870,131579687,0,0,合併,每年,股東會,"元富證券股份有限公司","(02)2768-6668","台北市松山區光復北路11巷35號地下一樓","資誠聯合會計師事務所","鄧聖偉","梁華玲","OBI","6F., No. 508, Sec. 7, Zhongxiao E. Rd., Nangang Dist.Taipei City 115011, Taiwan R.O.C","(02)2655-8798","info@obipharma.com","https://www.obipharma.com","陳寧","投資人關係處資深經理","(02)2655-8799 #312","InvestorRelations@obipharma.com","https://www.obipharma.com","https://www.obipharma.com"
"4175","杏一醫療用品股份有限公司","杏一","生技醫療業","－","(33375)桃園市龜山區復興一路361號5樓","	86649006","陳麗如","蔡德忠","王定睿","副總經理","吳震紝","(03)3970761","1992/05/07","2014/04/23",新台幣                 10.0000元,423233070,42323307,0,0,合併,每年,股東會,"富邦綜合證券股份有限公司","(02)2361-1300","台北市中正區許昌街17號11樓","勤業眾信聯合會計師事務所","池瑞全","蔡宗遠","MedFirst","5F., No. 361, Fuxing 1st Rd., Guishan Dist.,Taoyuan City 333, Taiwan (R.O.C.)","(03)3285892","ir@medfirst.com.tw","http://www.medfirst.com.tw/","王定睿","副總經理","(03)3970761","ir@medfirst.com.tw","https://www.medfirst.com.tw/page/StakeholderEngagement-4","https://www.medfirst.com.tw/page/corporategovernance-1"
"4183","福永生物科技股份有限公司","福永生技","生技醫療業","－","(30076)新竹科學園區新竹縣寶山鄉研發三路8號","	80064027","郭鳳琳","卓振輝","卓振輝","總經理","林智香","03-6686868","2002/10/22","2017/03/09",新台幣                 10.0000元,238000000,23800000,0,0,個別,每年,董事會,"台新證券股務代理部","02-25048125","台北市中山區建國北路一段96號B1","勤業眾信聯合會計師事務所","梁盛泰","尤盟貴","EPS Bio","NO.8, R&D RD Ⅲ, Hsinchu Science ParkHsinchu, Taiwan, R.O.C.","03-6686866","ir@epsbio.com.tw","https://www.epsbio.com.tw/","林智香","處長","03-6686868","ir@epsbio.com.tw","https://www.epsbio.com.tw/stakeholder","https://www.epsbio.com.tw/structure"
"4188","安克生醫股份有限公司","安克","生技醫療業","－","台北市復興北路167號5樓","	24316471","李伊俐","李伊俐","李伊俐","董事長暨總經理","甯洪元","02-27136227","2008/12/26","2015/03/24",新台幣                 10.0000元,633329000,63332900,0,0,合併,每年,股東會,"福邦證券股份有限公司","02-2371-1658","台北市中正區忠孝西路一段６號６樓","安永聯合會計師事務所","王彥鈞","余倩如","AmCad","5F, No.167, Fuxing N. Rd., Songshan Dist.TAIPEI,TAIWAN.R.O.C.","02-27152181","danica.tai@amcad.com.tw","https://www.amcad.com.tw/","戴佑如","會計主管","02-27136227","danica.tai@amcad.com.tw","https://www.amcad.com.tw/tw/investor/interested_parties","https://www.amcad.com.tw/tw/investor/company_governance"
"4192","杏國新藥股份有限公司","杏國","生技醫療業","－","宜蘭縣冬山鄉中山村中山路84號","	29118865","李志文","王惠弘","王惠弘","總經理","王昭日","(02)2764-0826","2008/06/26","2014/10/28",新台幣                 10.0000元,351645000,35164500,12078511,0,合併,每年,股東會,"永豐金證券股務代理部","(02)2381-6288","台北市博愛路17號3樓","國富浩華聯合會計師事務所","林金鳳","張亞荃","SynCore","84 CHUNG SHAN RD.,CHUNG SHAN VILLAGETUNG-SHAN SHINE , I-LAN 269 , TAIWAN.","(02)2763-3307","finance@syncorebio.com","http://www.syncorebio.com","陳蒨慧","財會管理處襄理","02-27640826","Info@syncorebio.com","http://www.syncorebio.com/?page=Invest&item=Stakeholder","－"
"4198","欣大健康投資控股股份有限公司","欣大健康","生技醫療業","－","台北市內湖區新湖一路85號7樓","	54154754","李沛霖","林國棟","林國棟","總經理","黃鈺翔","(02)8792-2699","2013/01/07","2014/12/23",新台幣                 10.0000元,241080000,24108000,15600000,0,合併,每年,股東會,"中國信託商業銀行代理部","(02)6636-5566","台北市重慶南路一段83號5樓","資誠聯合會計師事務所","鄧聖偉","蔡亦臺","S&S","7F, No.85, Xinhu 1st Rd.Taipei City 114, Taiwan(R.O.C.)","(02)8792-1898","ir@swissray.com","www.swissray.com","黃鈺翔","財會主管","(02)8792-2699","ir@swissray.com","www.swissray.com","www.swissray.com"
"4205","中華食品實業股份有限公司","中華食","食品工業","－","高雄市大樹區龍目路110-6號","	76316325","陳冠呈","柯碧蘭","柯碧蘭","總經理","陳冠豪","07-6515511","1980/05/08","1999/01/31",新台幣                 10.0000元,976492280,97649228,0,0,個別,每年,股東會,"統一綜合證券股份有限公司","02-27478266","台北市東興路8號地下一樓","資誠聯合會計師事務所","廖阿甚","王國華","CHUNG HWA 　","No.110-6, Longmu Rd., Dashu Dist., Kaohsiung City 840, Taiwan (R.O.C.)KAOHSIUNG CITY, TAIWAN","07-6518667","herngb@ms29.hinet.net","http://www.herngyih.com.tw/","陳佩瑜","襄理","(07)651-5511","herngb@ms29.hinet.net","https://www.herngyih.com.tw/company/all/1.htm","https://www.herngyih.com.tw/company/all/1.htm"
"4207","環泰企業股份有限公司","環泰","食品工業","－","桃園市蘆竹區南崁路265號5樓","	12529007","康永明","康智量","梁培菁","財務主管","洪秋碧","03-2125889","1984/07/25","2000/01/21",新台幣                 10.0000元,1985380080,198538008,0,0,合併,每年,董事會,"亞東證券股份有限公司","02-7753-1699","新北市板橋區新站路16號13樓","勤業眾信聯合會計師事務所","翁博仁","蔡宗遠","TFC","5F., No. 265, Nankan Rd.,Luzhu Dist., Taoyuan City, Taiwan","03-3222493","tfc@fructose.com.tw","www.fructose.com.tw","王連廣","管理部主管","03-2125889#118","service@fructose.com.tw","www.fructose.com.tw","www.fructose.com.tw"
"4303","信立化學工業股份有限公司","信立","塑膠工業","－","台南市學甲區興業路99號","	72104709","張祐銘","李山龍","李山龍","總經理","陳建宏","06-7835100","1973/06/22","1999/03/10",新台幣                 10.0000元,946053170,94605317,0,0,合併,每年,董事會,"中國信託商業銀行代理部","(02)6636-5566","台北市重慶南路1段83號5樓","安侯建業聯合會計師事務所","許振隆","高鈺倫","HSINLI","No. 99, Xingye Rd., Xuejia DistTAINAN TAIWAN R.O.C","06-7821514","jeter@hsinli.com.tw","http://www.hsinli.com.tw","李山龍","總經理","06-7835100","lee@hsinli.com.tw","https://www.hsinli.com.tw/complaint","https://www.hsinli.com.tw/gov_structure"
"4304","勝昱科技股份有限公司","勝昱","塑膠工業","－","台北市松山區健康路152號3樓","	12413104","侯信立","蕭建仁","朱國廷","董事長室特別助理","懸缺待補","26571371","1982/12/03","2000/01/27",新台幣                 10.0000元,610380650,61038065,47301445,0,合併,每年,股東會,"元大證券股份有限公司","25865859","臺北市大安區敦化南路2段67號地下一樓","冠恆聯合會計師事務所","張進德","朱淑梅","SUNVIC","3F., No. 152, Jiankang Rd.Songshan Dist., Taipei City 10586,Taiwan","26571375","Internal_sale@sunvic.com.tw","www.sunvic.com.tw","朱國廷","董事長室特別助理","02-26571371","Internal_sale@sunvic.com.tw","https://lurl.cc/TfhjKX","https://reurl.cc/XApo1M"
"4305","世坤塑膠股份有限公司","世坤","塑膠工業","－","台南市麻豆區麻口里麻工三路125號、127號","	22281617","林璋賦","陳俊成","陳俊成","總經理","林湘芸","(06)5701211","1986/10/07","2000/09/28",新台幣                 10.0000元,550140000,55014000,0,0,個別,每年,股東會,"群益金鼎證券股份有限公司","(02)2702-3999","台北市大安區敦化南路2段97號B2","資誠聯合會計師事務所","田中玉","葉芳婷","SKP","　No. 125,127, Magong 3rd Road., Makou Li, Madou Dist.,　　TAINAN CITY,TAIWAN R.O.C","06-5701213","Kelly_Lin@skp.com.tw","https://www.shihkuen.com/zh-TW","林湘芸","財務部經理","06-5701211#721","Kelly_Lin@skp.com.tw","http://www.shihkuen.com.tw/data/link-8/Stakeholder.pdf","https://www.shihkuen.com/zh-TW/page/corporate-governance-area.html"
"4401","東隆興業股份有限公司","東隆興","紡織纖維","－","新北市板橋區三民路二段31號19樓","	18770509","游志成","游榮利","彭武譽","稽核室協理","陳泰成","(02)2961-2112","1961/08/14","1996/05/09",新台幣                 10.0000元,1226920120,122692012,0,0,合併,每年,股東會,"中國信託商業銀行代理部","(02)6636-5566","台北市重慶南路一段83號5樓","大師聯合會計師事務所","謝婉麗","張蔚誠","TLTM","19FL, NO.31, SEC2 SAN MING RD, PANCHIAO DIST., NEWTAIPEI CITY , TAIWAN　　　　","2954-1028","mickey@tloong.com.tw","http://www.tloong.com.tw","彭武譽","稽核室協理","(02)2961-2112","stock@tloong.com.tw","http://www.tloong.com.tw","https://www.toungloong.com/tw/%E5%85%AC%E5%8F%B8%E6%B2%BB%E7%90%86/"
"4402","郡都開發股份有限公司","郡都開發","紡織纖維","－","高雄市前金區中正四路151號9樓之1","	56349214","唐承","唐銘","唐承","董事長","曾麒峰","07-2167569","1970/04/03","1997/07/23",新台幣                 10.0000元,679918300,67991830,22000000,0,合併,每年,董事會,"永豐金證券股份有限公司","02-2381-6288","台北市中正區博愛路17號3樓","國富浩華聯合會計師事務所","&#63969;青霖","蔡淑滿","J.D Development","9F.-1, No. 151, Zhongzheng 4th Rd., Qianjin Dist., Kaohsiung City 8016 , TaiwaKAOHSIUNG CITY, TAIWANG (R.O.C.)","07-3641957","jd.cs@j-d.com.tw","http://j-d.com.tw/home","曾麒峰","副總","07-2167569","jd.cs@j-d.com.tw","http://j-d.com.tw/home","－"
"4406","新昕纖維股份有限公司","新昕纖","紡織纖維","－","台北市長安西路289號10樓之4","	07652202","莊育霖","莊晉嘉","莊晉嘉","總經理","莊婷媜","2552-5757","1980/04/29","1999/01/14",新台幣                 10.0000元,519120000,51912000,0,0,個別,每年,股東會,"群益金鼎證券股份有限公司","(02)2702-3999","台北市大安區敦化南路二段97號B2","安侯建業聯合會計師事務所","郭仰倫","謝秋華","HSIN-SIN","ROOM 4. 10TH FL . NO.289CHANG-AN W. RD., TAIPEI TAIWAN　　","2550-4492","jchuang@hsinsin.com.tw","www.hsinsin.com.tw","莊婷媜","管理部協理","02-25525757","alice.chuang@hsinsin.com.tw","www.hsinsin.com.tw","http://www.hsinsin.com.tw/tw/manage.html"
"4413","飛寶企業股份有限公司","飛寶企業","紡織纖維","－","新北市三重市新北大道二段252號8樓","	22676914","蔡煌瑯","韓佳芳(暫代)","蔡煌瑯","董事長","韓佳芳","(02)25637238","1987/10/30","1999/07/29",新台幣                 10.0000元,313146890,31314689,20950000,0,合併,每年,股東會,"台新證券股務代理部","02-25048125","台北市建國北路一段96號地下一樓","廣信益群聯合會計師事務所","梁宏瑋","彭&#32137;娟","EST","8F., No.252, Sec. 2, New Taipei Blvd.,Sanchong Dist.,New Taipe Cityi, Taiwan, R.O.C.","(02)29990526","g901228@estga.com","www.estga.com","韓佳芳","暫代總經理","0225637238","rachel.han@estga.team","www.estga.com","www.estga.com"
"4416","三圓建設股份有限公司","三圓","建材營造","－","(104)台北市南京東路二段96號8樓","	07648290","王雅麟","白昌明","王朝平","財務部副總","呂喬珊","(02)2563-9136","1979/12/30","2000/05/06",新台幣                 10.0000元,735862130,73586213,0,0,合併,每年,股東會,"福邦證券股份有限公司","(02)2371-1658","台北市中正區忠孝西路一段6號6樓","集智聯合會計師事務所","林書銘","張俊德","Sumwon　","8F., NO.96 , SECTION 2, NANKINGE RD..　TAIPEI, TAIWAN, R.O.C　　","(02)2561-3994","sy4416@shanyuan.com.tw","https://www.sumwon.com.tw","王朝平","財務部副總","(02)2563-9136","ping@shanyuan.com.tw","https://www.sumwon.com.tw/investor-detail71.htm","https://www.sumwon.com.tw/investor-list10-18.htm"
"4417","金洲海洋科技股份有限公司","金洲","紡織纖維","－","屏東縣新園鄉港西村興安路12號","	91871595","陳加仁","陳加仁","羅國榮","協理","陳雪音","(07)535-2939","1973/12/24","2000/11/07",新台幣                 10.0000元,839713990,83971399,0,0,合併,每年,股東會,"凱基證券股份有限公司","(02)2389-2999","台北市重慶南路一段2號4樓","勤業眾信聯合會計師事務所","張慈媛","吳秋燕","KING CHOU","23-2F No. 2, Chungshan 2nd Road,Kaohsiung, Taiwan R.O.C 80603","(07)535-2936","kingnet@mail.king-net.com.tw","https://www.king-net.com.tw","羅國榮","協理","(07)535-2939","finance@mail.king-net.com.tw","https://www.king-net.com.tw/tw/csr-operation-tw/stakeholder-area-tw/stakeholder-area-tw.html","https://www.king-net.com.tw"
"4419","皇家國際美食股份有限公司","皇家美食","觀光餐旅","－","臺南市安平區永華路2段248號15樓之6","	86124493","吳美慧","吳美慧(暫代)","吳美慧","董事長","顏淑真","06-2539588","1991/09/07","2001/06/26",新台幣                 10.0000元,1691631330,169163133,157380000,0,合併,每年,股東會,"群益金鼎證券股務代理部","(02)2702-3999","台北市大安區敦化南路二段97號B2","安侯建業聯合會計師事務所","高鈺倫","張淑瑩","KH","15F.-2, No. 248, Sec. 2, Yonghua Rd., Anping Dist.Tainan City 708 , Taiwan (R.O.C.)","06-2990025","kinghouse.ir@tsgkh.com.tw","www.tsgkh.com.tw/","顏淑真","財務主管","06-2539588","kinghouse.ir@tsgkh.com.tw","https://www.tsgkh.com.tw/interested-parties/","https://www.tsgkh.com.tw/corporate-governance-officer/"
"4420","光明絲織廠股份有限公司","光明","紡織纖維","－","台北市內湖區瑞光路607號7樓","	29576307","詹正田","李業振","李業振","總經理","劉筱君","(02)2657-5859","1966/06/22","2002/04/18",新台幣                 10.0000元,404550000,40455000,0,0,個別,每半會計年度,董事會,"福邦證券股份有限公司","(02)2371-1658","100405台北市中正區忠孝西路一段6號6樓","安侯建業聯合會計師事務所","潘俊名","張淑瑩","Kwang Ming","7F., No.607, Ruiguang Rd., Neihu Dist.,Taipei City 114698, Taiwan (R.O.C.)","(02)8797-8898","kwmgco@ms35.hinet.net","www.kwangming.com","李業振","發言人","(02)2657-5859","294568@kwangming.com","http://www.kwangming.com/email/email01.htm","http://www.kwangming.com/company/company07.htm"
"4430","耀億工業股份有限公司","耀億","其他","－","彰化縣和美鎮彰美路六段334號","	59021804","王昭仁","王贊景","陳伯瑄","副總經理","黃莉萍","04-7556111","1973/11/23","2011/06/09",新台幣                 10.0000元,562736090,56273609,0,0,合併,每年,股東會,"凱基證券股份有限公司","02-23892999","(100)台北市重慶南路一段2號5樓","資誠會計師事務所","吳松源","王玉娟","YAO I","No. 334, Sec . 6 , Chang Mei Rd.,Homei, Chang Hua ,Taiwan 508 R.O.C.","04-7556903","ir@yaoi.com.tw","http://www.yaoi.com.tw/","陳伯瑄","副總經理","04-7556111","ir@yaoi.com.tw","https://www.yaoi.com.tw/investor-monthly-revenue.php","https://www.yaoi.com.tw/investor-corporate-governance.php"
"4432","銘旺實業股份有限公司","銘旺實","紡織纖維","－","新北市五股區中興路一段6號9樓之5","	22069170","陳盈璇","呂清裕","陳炳欽","財會經理","從缺","(02)8976-9056","1986/02/15","2012/11/26",新台幣                 10.0000元,505890000,50589000,0,0,合併,每年,股東會,"永豐金證券股務代理部","(02)2381-6288","(100)台北市博愛路17號3樓","資誠聯合會計師事務所","黃金連","李秀玲","Haksport","9F-5, No. 6, Sec.1, Jung-shing RD., Wugu DistrictNew Taipei City 248, Taiwan","(02)8976-9431","IR@haksport.com","http://www.haksport.com/","陳炳欽","財會經理","(02)8976-9056","IR@haksport.com","http://www.haksport.com/","https://www.haksport.com/index.php?route=investor/directors&lg=tw"
"4433","興采實業股份有限公司","興采","紡織纖維","－","新北市新莊區五權二路10號1樓","	23282425","陳國欽","黃松筠","王淑芬","副總經理","鄭忠龍","02-85127888","1989/03/14","2014/11/03",新台幣                 10.0000元,612997740,61299774,0,0,合併,每年,董事會,"凱基證券股份有限公司","02-2389-2999","台北市重慶南路一段2號5樓","資誠聯合會計師事務所","葉翠苗","黃世鈞","Singtex","No.10, Wuquan 2nd Rd.,Xinzhuang Dist., New Taipei City 24892,","02-22989888","spokesman@singtex.com","www.singtex.com","王淑芬","副總經理","02-85127888","alice@singtex.com","https://www.singtex.com/zh/stakeholder/","https://www.singtex.com/zh/corp-gov-zh/"
"4442","開曼群島商竣邦國際股份有限公司","竣邦-KY","紡織纖維","KY","新北市中和區建一路186號14樓之4/H棟","	92791352","高振芳","蕭志偉","張兆民","營運副總經理","黃筠","02-8227-2008","2021/07/27","2023/11/29",新台幣                 10.0000元,317146530,31714653,0,0,合併,每年,董事會,"兆豐證券股份有限公司股務代理部","02-3393-0898","台北市中正區忠孝東路二段 95 號 1 樓","勤業眾信聯合會計師事務所","虞成全","陳重成","J&B-KY","14F.-4, No. 186, Jian 1st Rd., Zhonghe Dist.,New Taipei City, Taiwan","02-8227-2009","ir@jb-group.com.tw","https://www.jb-group.com.tw","張兆民","營運副總經理","02-8227-2008 ext.209","ir@jb-group.com.tw","https://www.jb-group.com.tw/§????H???Y","https://www.jb-group.com.tw/???q?v?z"
"4502","健信科技工業股份有限公司","健信","電機機械","－","彰化縣線西鄉彰濱東一路3號","	55878947","吳明燦","吳明燦","吳明燦","總經理","賴玉鳳","04-7582899","1978/06/20","1995/12/12",新台幣                 10.0000元,574696860,57469686,7361000,0,合併,每年,股東會,"凱基證券股份有限公司股務代理部","02-23892999","台北市重慶南路一段2號5樓","資誠聯合會計師事務所","王玉娟","吳松源","RT","NO.3  CHANG  PIN  E.1ST  RD., HSIEN-HSI  HSIANG.　　CHANGHUA  HSIEN,  TAIWAN,  R.O.C.　","04-7588511","enco@rostawheels.com.tw","www.rostawheels.com.tw","賴玉鳳","財務長","04-7582899#346","bella.lai@rostawheels.com.tw","www.rostawheels.com.tw","www.rostawheels.com.tw"
"4503","金雨企業股份有限公司","金雨","電機機械","－","彰化市延和里埔內街411巷101號","	59260902","卓政懋","卓政輿","卓政懋","董事長","施義昭","04-7115298","1980/06/21","1996/12/19",新台幣                 10.0000元,783133260,78313326,27050000,0,合併,每年,股東會,"第一金證券(股)公司","02-25635711","台北市大安區安和路一段27號6樓","安永聯合會計師事務所","黃靖雅","黃子評","GOLD RAIN　","No 101 LANE 411 PU-NEI STREET YEN-HO LICHANGHUA  , TAIWAN , R.O.C","04-7112837","alona@alona.com.tw","www.alona.com.tw","卓政懋","董事長","04-7115298","alona@alona.com.tw","www.alona.com.tw","－"
"4506","崇友實業(股)公司","崇友","電機機械","－","北市南京東路二段88號13樓","	04416894","唐伯龍","游本立","郭啟文","經理","呂英槙","02-2551-1166","1974/05/30","1997/12/06",新台幣                 10.0000元,1770120000,177012000,0,0,合併,每年,股東會,"元大證券股份有限公司","02-2586-3117","臺北市大安區敦化南路2段67號地下一樓","安永聯合會計師事務所","徐榮煌","劉榮進","GFC　　","13F., No.88, Nanking E. Rd., Sec.2,　　Taipei, Taiwan, R.O.C.　","02-2563-9767","acc@gfc.com.tw","http://www.gfc.com.tw","郭啟文","經理","2551-1166#535","david.kuo@gfc.com.tw","https://www.gfc.com.tw/developments/12","https://www.gfc.com.tw/investorSections/1"
"4510","高鋒工業股份有限公司","高鋒","電機機械","－","台中市大雅區科雅路16號","	55857746","林炎輝","陳振中","陳振中","總經理","陳泰霖","04-25662116","1979/02/03","1998/02/24",新台幣                 10.0000元,1089632650,108963265,0,0,合併,每年,股東會,"元富證券股份有限公司股務代理處","02-27686668","105台北市松山區光復北路11巷35號地下一樓","國富浩華聯合會計師事務所","張福郎","王戊昌","KAFO　　","NO.16, KEYA ROAD,　　TA-YA, TAICHUNG, 428 TAIWAN, R.O.C.　","04-25671001","fin@kafo.com.tw","www.kafo.com.tw","陳泰霖","管理部協理","04-25662116","terry-chen@kafo.com.tw","http://www.kafo.com.tw/_chinese/02_about/01_detail.php?pid=5","－"
"4513","福裕事業股份有限公司","福裕","電機機械","－","彰化縣伸港鄉興工路34號","	55848584","林聰麟","董上裕","張順福","財務協理","林怡貞","(04)799-1126","1978/04/13","1998/03/25",新台幣                 10.0000元,1143619210,114361921,32100000,0,合併,每年,股東會,"群益金鼎證券(股)公司股務代理部","(02)2702-3999","106420台北市大安區敦化南路二段97號B2","安永聯合會計師事務所","陳政初","洪國森","FALCON　","No. 34, Xinggong Rd., Shengang Township,Changhua County 509 , Taiwan (R.O.C.)","(04)797-7214","overseas1@chevalier.com.tw","www.chevaliertw.com","陳世恩","副總經理","(04)799-1126","csz1020@chevalier.com.tw","https://www.chevaliertw.com/zh-tw/investor-area/investor-2","https://www.chevaliertw.com/zh-tw/investor-area/investor-2"
"4523","永彰科技股份有限公司","永彰","電機機械","－","桃園市中壢區青埔路二段111號11樓","	22522361","顏明宏","林柏青","莊太緯","營運長兼經管處副總","謝淑蘭","03-498-2821","1987/05/04","1999/11/22",新台幣                 10.0000元,649490000,64949000,0,0,合併,每年,董事會,"群益金鼎證券股份有限公司","02-2702-3999","台北市大安區敦化南路二段 97 號 B2","安永聯合會計師事務所","王慕凡","黃建澤","Everbrite　","11F., No. 111, Sec. 2, Qingpu Rd., Zhongli Dist., Taoyuan City, TaiwanTaoyuan City, Taiwan","03-498-1986","ir@everbrite.com.tw","www.everbrite.com.tw","莊太緯","營運長兼經管處副總","03-498-2821","ir@everbrite.com.tw","www.everbrite.com.tw/investors/article-detail/stakeholders/","www.everbrite.com.tw/investors"
"4527","(方方土)霖冷凍機械股份有限公司","方方土霖","電機機械","－","高雄市梓官區赤崁北路300號","	22551554","曾仲國","曾仲國","蘇麗玲","財務部協理","李俐瑩","07-6192345","1988/04/05","2000/09/28",新台幣                 10.0000元,761523700,76152370,0,0,合併,每年,董事會,"元大證券股份有限公司","02-2586-5859","台北市大安區敦化南路二段67號地下一樓","資誠聯合會計師事務所","吳建志","王駿凱","KL　","NO. 300, CHIKAN N. RD., ZIGUAN DISTKAOHSIUNG CITY,TAIWAN.(R.O.C)","07-6170422","klmain@kuenling.com.tw","www.kuenling.com.tw","蘇麗玲","財務部協理","07-6192345-215","su@kuenling.com.tw","www.kuenling.com.tw","http://www.kuenling.com.tw/enterprise/governance_structure/"
"4528","江興鍛壓工業股份有限公司","江興鍛","電機機械","－","台中市西屯區協和里協和南巷3-1號","	52604255","江木山","莊懷煙","郭永義","副總經理","莊懷煙","04-23592000","1980/09/05","2001/02/12",新台幣                 10.0000元,841656950,84165695,0,0,合併,每年,董事會,"統一綜合證券股份有限公司","02-27478266","台北市松山區東興路8號B1F","安永聯合會計師事務所","黃宇廷","陳明宏","　CHF　","No.3-1, Siehe S. Lane, Situn District 407Taichung City, Taiwan, R.O.C.","04-23594475","chf@ch-forging.com.tw","http://www.ch-forging.com.tw","郭永義","副總經理","04-23592000#261","guy.guo@ch-forging.com.tw","https://www.ch-forging.com.tw/tw/stakeholder","https://www.ch-forging.com.tw/tw/esg/%E5%85%AC%E5%8F%B8%E6%B2%BB%E7%90%86.12.html"
"4529","淳紳股份有限公司","淳紳","其他","－","台北市大安區光復南路630號4樓","	22662904","沈瑋","藍靜嫻(代理)","彭長鳳","經理","秦禮明","02-27037300","1987/11/03","2001/05/04",新台幣                 10.0000元,845490960,84549096,32926082,0,合併,每年,董事會,"凱基證券股份有限公司","02-23892999","100台北市重慶南路一段2號5樓","信永中和聯合會計師事務所","吳佳鴻","姚毓琳","EPTECH","4F., No.630, Guangfu S. Rd., Da'an Dist.,Taipei City,10695,Taiwan, (R.O.C.)","02-27081455","info@eptech.tw","www.eptech.tw","陳明煒","協理","02-27037300#296","Albert.Chen@eptech.tw","www.eptech.tw","－"
"4530","宏易創新國際股份有限公司","宏易","觀光餐旅","－","臺北市中山區長安東路二段112號12樓之4","	36243760","陳冠瑋","李靜綺","李修瀚","行政管理處協理","蔡育倫","02-26068111","1984/09/12","2001/04/30",新台幣                 10.0000元,357949590,35794959,23065752,0,合併,每年,股東會,"兆豐證券股份有限公司","(02)3393-0898","台北市中正區忠孝東路二段95號1樓","安侯建業聯合會計師事務所","張淑瑩","潘俊名","Honyi","12 F.-4, No. 112, Sec. 2, Chang'an E. Rd., Zhongshan Dist., Taipei CityZhongshan Dist., Taipei City 104, Taiwan","02-26068222","ja.lee@honyigroup.com","www.honyigroup.com","李修瀚","行政管理處協理","02-26068111","ja.lee@honyigroup.com","www.honyigroup.com","－"
"4533","協易機械工業股份有限公司","協易機","電機機械","－","桃園市龜山區南上路446號","	36096704","郭雅慧","李丞偉","李丞偉","總經理","吳翠華","(03)3525466","1982/03/02","2002/04/26",新台幣                 10.0000元,1584341100,158434110,0,0,合併,每年,董事會,"福邦證券股份有限公司","(02)2371-1658","台北市中正區忠孝西路一段6號6樓","勤業眾信聯合會計師事務所","梁盛泰","謝建新","SEYI","No.446, Nanshang Rd., Guishan Dist.,Taoyuan City , Taiwan (R.O.C.)　","(03)3525488","spokesman@seyi.com","https://www.seyi.com","李丞偉","總經理","03-3525466","spokesman@seyi.com","https://esg.seyi.com/stakeholder-communication","https://esg.seyi.com/corporate-governance"
"4534","慶騰精密科技股份有限公司","慶騰","電機機械","－","苗栗縣頭份市中華路487巷20號","	84189908","王瑞甫","王興威","王興威","總經理","魏雅玲","(037)626123","1993/02/23","2003/03/31",新台幣                 10.0000元,867889480,86788948,0,0,合併,每年,董事會,"元富(綜合)證券股份有限公司","02-27686668","台北市松山區光復北路11巷35號地下一樓","安永聯合會計師事務所","陳國帥","鄭清標","trinity","NO.20, LANE 487 CHUNG HUA RD.,TOU FEN CITY , MIAO-LI  COUNTRY, TAIWAN","(037)622572","trinity@trinity-ptc.com","www.trinity-ptc.com","魏雅玲","財務長","037-626123分機2000","amy@trinity-ptc.com","https://www.trinity-ptc.com/c-investment-31.html","－"
"4535","至興精機股份有限公司","至興","電機機械","－","彰化縣伸港鄉全興產業園區工八路3號","	22794503","吳崇儀","吳宗明","劉美娘","經理","林俊杰","04-7990118","1988/03/17","2003/04/16",新台幣                 10.0000元,756617400,75661740,0,0,合併,每年,股東會,"元大證券股份有限公司","02-25865859","臺北市大安區敦化南路2段67號地下一樓","富鋒聯合會計師事務所","吳金地","紀嘉祐","FBT","NO.3, KON EIGHTH RD. CHUANG HINE INDUSTRIAL PARK, HSEN-KANG,CHANGHUA, TAIWAN","04-7990706","adm20@fineblanking.com.tw","www.fineblanking.com.tw","劉美娘","經理","04-7990118#120","adm20@fineblanking.com.tw","www.fineblanking.com.tw","－"
"4538","大詠城機械股份有限公司","大詠城","電機機械","－","(50544)彰化縣鹿港鎮鹿工南六路23號","	60256758","謝順民","謝宜軒","簡安琪","副理","賴小柔","04-7813033","1980/01/10","2019/01/15",新台幣                 10.0000元,594696040,59469604,0,0,個別,每年,股東會,"富邦綜合證券股務代理部","(02)2361-1300","台北市中正區許昌街17號11樓","資誠會計師事務所","賴志維","吳松源","WINSON","No. 23, Lugong S. 6th Rd., Lugang Town,Changhua County , Taiwan, ROC","04-7812131","4538@wsmc.com.tw","www.wsmc.com.tw","簡安琪","副理","04-7813032","4538@wsmc.com.tw","https://www.wsmc.com.tw/investors/Corporate-Governance/Stakeholders/","https://www.wsmc.com.tw/investors/Corporate-Governance/Board-of-Directors/"
"4541","晟田科技工業股份有限公司","晟田","其他","－","高雄市路竹區北嶺二路11號","	86263092","謝永昌","黃寶文","黃(方方土)宇","協理","李志毅","07-6955331","1991/08/15","2014/07/22",新台幣                 10.0000元,676470680,67647068,0,0,個別,每年,董事會,"凱基證券股份有限公司","(02)2389-2999","台北市重慶南路一段2號5樓","資誠聯合會計師事務所","吳建志","王國華","Magnate","No.11 ,Beiling 2Rd. Beiling Ville., Lujhu DistKaohsiung City , Taiwan (R.O.C)","07-6955332","magnate@maicl.com","www.maicl.com","黃(方方土)宇","發言人","07-6955331","ir.jim@maicl.com","www.maicl.com","https://www.maicl.com/index.php?inter=investor&id=2"
"4542","科嶠工業股份有限公司","科嶠","電子零組件業","－","桃園市龜山區明興街308號","	70730016","吳明致","林豐正","吳明致","董事長","陳煥為","(03)359-1777","2000/03/27","2014/08/25",新台幣                 10.0000元,323234170,32323417,0,0,合併,每年,股東會,"富邦綜合證券股份有限公司","(02)2361-1300","台北市10047許昌街17號11樓(壽德大樓)","資誠聯合會計師事務所","黃世鈞","林佳鴻","ANT","No. 308, Mingxing St., Guishan Dist., Taoyuan City 333, TaiwanTaoyuan County, Taiwan","(03)359-1776","ant-ir@asianeotech.com","http://www.asianeotech.com","吳明致","董事長","(03)359-1777","ant-ir@asianeotech.com","http://www.asianeotech.com","https://www.asianeotech.com/zh-tw/a4-286-13983/%E8%91%A3%E4%BA%8B%E6%9C%83.html"
"4543","萬在工業股份有限公司","萬在","電機機械","－","台南市關廟區中山路二段260號","	22212598","萬正乾","萬正乾","郭慈媛","財務會計處處長","陳吉誠","06-5952614","1984/05/07","2016/03/15",新台幣                 10.0000元,597723000,59772300,0,0,合併,每年,董事會,"台新證券股務代理部","02-25048125","台北市中山區建國北路一段96號B1樓","安永聯合會計師事務所","姚世傑","洪國森","MAN ZAI","NO.260, SEC. 2, CHUNG SAN RD.KUAN MIAO. TAINAN,  TAIWAN. R.O.C.","06-5956403","finance@manzai.com.tw","http://www.manzai.com.tw","郭慈媛","財務會計處處長","06-5950771","finance@manzai.com.tw","http://www.manzai.com.tw","http://www.manzai.com.tw"
"4549","桓達科技股份有限公司","桓達","電機機械","－","新北市土城工業區自強街16號","	80132123","吳定國","吳定國","許碧雲","特別助理","林豐章","(02)22696789","2003/01/30","2014/11/27",新台幣                 10.0000元,570024450,57002445,0,0,合併,每年,股東會,"元大證券股份有限公司股代部","(02)2586-5859","106臺北市大安區敦化南路2段67號地下一樓","勤業眾信聯合會計師事務所","陳重成","梁盛泰","FineTek","No.16,Tzuchiang St.,Tucheng Industrial Park,New Taipei City 23678,Taiwan","(02)22671266","ir@fine-tek.com","http://www.fine-tek.com","許碧雲","特別助理","(02)22696789","ir@fine-tek.com","https://www.fine-tek.com/investors/p/stakeholder","https://www.fine-tek.com/investors/p/corporate_governance"
"4550","長佳機電工程股份有限公司","長佳","電機機械","－","台北市內湖區基湖路10巷1號8樓","	84271478","王才翔","吳陽明","吳陽明","總經理","朱菁華","02-66066789","1993/05/17","2015/03/18",新台幣                 10.0000元,378387830,37838783,0,0,合併,每年,股東會,"華南永昌證券股份有限公司","02-27186425","台北市民生東路四段54號4樓","勤業眾信聯合會計師事務所","陳彥君","王浚宇","CJME","8F., No.1, Ln. 10, Jihu Rd.,Neihu Dist., Taipei 114, Taiwan, R.O.C","02-66066788","sunnychu@changjia.com.tw","http://www.changjia.com.tw","朱菁華","會計主管","02-66066789","sunnychu@changjia.com.tw","http://www.changjia.com.tw/zh_TW/about/id/11/","https://www.changjia.com.tw/zh_TW/governance/"
"4554","橙的電子股份有限公司","橙的","其他電子業","－","台中市中部科學工業園區科雅路29號5樓","	27601913","許欽堯","許欽堯","陳奕儒","財務及會計主管","郭彥君","04-2560-2766","2005/01/20","2016/08/05",新台幣                 10.0000元,263274640,26327464,0,0,合併,每年,股東會,"宏遠證券(股)公司股務代理部","(02)2326-8818","台北市信義路4段236號3樓","安永聯合會計師事務所","賴書晨","柯雅婷","Orange","5F, NO.29 Keya Rd. Central Taiwan Science ParkTaichung  Taiwan","04-2560-2865","financial@orange-electronic.com","www.orange-electronic.com","陳奕儒","財務及會計主管","04-2560-2766","financial@orange-electronic.com","https://www.orange-electronic.com/tw/stakeholder.html#top","－"
"4556","旭然國際股份有限公司","旭然","其他","－","雲林縣斗六市科加六路15號","	01517102","何兆全","何宜瑾","何宜瑾","總經理","胡維釗","(05)551-2322","1985/11/05","2015/12/22",新台幣                 10.0000元,423028400,42302840,0,0,合併,每年,股東會,"群益金鼎證券股份有限公司","(02)2703-5000","台北市10601大安區敦化南路二段97號B2","資誠聯合會計師事務所","林永智","蔡蓓華","BSI","No. 15, Kejia 6th Rd.,Douliu City, Yunlin County ,Taiwan(R.O.C","(05)551-2891","ir@filtrafine.com.tw","https://www.filtrafine.com.tw","胡維釗","副總經理","(02)26984989","ir@filtrafine.com.tw","http://www.filtrafine.com.tw/go/investors.html","－"
"4558","寶緯工業股份有限公司","寶緯","電機機械","－","彰化縣北斗鎮財神路30號","	23209895","詹&#21234;霖","詹&#21234;國","詹俊毅","副總經理","蘇鈺雅","04-8886999","1989/03/09","2022/03/17",新台幣                 10.0000元,500000000,50000000,0,0,個別,每年,董事會,"富邦綜合證券(股)公司股務代理部","(02)2361-1300","100415台北市中正區許昌街17號11樓","勤業眾信聯合會計師事務所","蘇定堅","蔣淑菁","Alformer","No.30, Caishen Rd., Beidou TownshipChanghua County 521, Taiwan","048871872","pw888@ms57.hinet.net","http://www.alformer.com.tw","詹俊毅","副總經理","04-8886999","pw888@ms57.hinet.net","https://www.alformer.com.tw/list/cate-322623.htm","https://www.alformer.com.tw/show/show-686717.htm"
"4561","健椿工業股份有限公司","健椿","電機機械","－","彰化縣線西鄉彰濱工業區彰濱東七路16號","	59362767","世大茂投資股份有限公司","葉冠妗","葉珊綿","副總經理","柯霈宸","04-7910271","1983/12/14","2018/06/11",新台幣                 10.0000元,585216190,58521619,0,0,個別,每年,股東會,"第一金證券(股)公司股務代理部","02-25635711","台北市大安區安和路一段27號六樓","安侯建業聯合會計師事務所","陳政學","陳燕慧","Kenturn","No. 16, East 7 Rd., Chang Bin Industrial Park, Shain Shi,Chang Hua, Taiwan, R.O.C.","04-7910272","cnc-spindle@kenturn.com.tw","www.kenturn.com.tw","葉珊綿","副總經理","04-7910271","KIP4561@kenturn.com.tw","www.kenturn.com.tw","－"
"4563","百德機械股份有限公司","百德","電機機械","－","台中市大甲區幼獅工業區工六路3號","	86195222","謝瑞木","謝天昕","謝天昕","總經理","詹惠雁","04-26821277","1991/05/23","2018/07/12",新台幣                 10.0000元,549500000,54950000,0,0,合併,每年,董事會,"富邦綜合證券股份有限公司","02-23611300","台北市中正區許昌街17號11樓","安侯建業聯合會計師事務所","吳俊源","張字信","QUASER","No.3, Gong 6th Rd., Youshih Industrial Park, Dajia DistTaichung, Taiwan","04-26821266","quaser@qmt.com.tw","www.quaser.com","林昱馨","財務主管","04-26821277","quaser@qmt.com.tw","www.quaser.com","－"
"4568","科際精密股份有限公司","科際精密","電機機械","－","新北市中和區建康路6號5樓","	54705928","張智","張智","陳英毅","財務副總經理","張博涵","02-2226-6860","2014/03/19","2018/10/03",新台幣                 10.0000元,317691250,31769125,0,0,合併,每年,董事會,"永豐金證券(股)公司股務代理部","02-2381-6288","台北市中正區博愛路17號3樓","安侯建業聯合會計師事務所","吳政諺","蔡佩汝","KOGE","5F., No.6, Jiankang Rd., Jhonghe Dist.,New Taipei City 23586, Taiwan (R.O.C.)","02-2226-6864","PRM1@koge.com","https://www.koge.com/?nclang=T","陳英毅","財務副總經理","02-2226-6860","PRM3@koge.com","https://www.koge.com/invest.php?id=7","https://www.koge.com/invest.php?id=1"
"4577","達航科技股份有限公司","達航科技","其他電子業","－","台中市大甲區日南里工一路21號","	86078580","金谷保彥","孫逸敏","劉智鴻","協理","孫逸敏","04-26810607","1991/02/25","2022/06/14",新台幣                 10.0000元,491379980,49137998,0,0,合併,每年,股東會,"康和綜合證券股份有限公司","(02)8787-1888","110台北市信義區基隆路一段176號B1","勤業眾信聯合會計師事務所","周仕杰","方涵妮","Ofuna Tech","NO.21,KOUN 1ST RDTACHIA,TAICHUNG CITY, TAIWAN, 437101","04-26822587","4577@ofunatech.com","www.ofunatech.com","劉智鴻","協理","04-26810607","4577@ofunatech.com","www.ofunatech.com","http://www.ofunatech.com/chinese/ir/annual.php"
"4580","捷流閥業股份有限公司","捷流閥業","電機機械","－","新北市土城區中山路九號","	15877936","楊大中","錢佩玲","李文彬","財務經理","王無為","02-22698000","1980/06/27","2020/01/06",新台幣                 10.0000元,468031090,46803109,0,0,合併,每年,股東會,"元大證券(股)公司股務代理部","02-25865859","台北市大安區敦化南路二段67號地下一樓","勤業眾信聯合會計師事務所","莊文源","陳致源","Value Valves","No.9, Chung Shan Rd. Tu-Cheng Industrial District,New Taipei City, ROC","02-22686111","ir@valuevalves.com.tw","www.valuevalves.com","李文彬","財務經理","0919-164-580","ir@valuevalves.com.tw","www.valuevalves.com","www.valuevalves.com"
"4584","君帆工業股份有限公司","君帆","電機機械","－","台南市永康區永科環路118號","	69777435","胡進財","胡正杰","楊宜蓁","財務主管","林君玫","06-2334879","1983/04/27","2022/10/05",新台幣                 10.0000元,300024000,30002400,0,0,合併,每年,股東會,"凱基證券股份有限公司","02-23148800","台北市中正區重慶南路一段2號5樓","資誠聯合會計師事務所","葉芳婷","田中玉","JUFAN","No.118, Yongkehuan Rd., Yongkang Dist.,Tainan City 71041, Taiwan (R.O.C.)","06-2310993","ir@jfc.co.com","https://jfc.co.com/zh-hant","楊宜蓁","財務主管","06-2334879","ir@jfc.co.com","https://jfc.co.com/zh-hant","https://jfc.co.com/zh-hant"
"4609","唐鋒實業股份有限公司","唐鋒","居家生活","－","桃園市中壢區南園路2-20號","	34097236","李振吉","周文洪","簡麗貞","經理","溫達祥","03-4529888","1976/07/12","2000/05/19",新台幣                 10.0000元,479468200,47946820,0,0,合併,每年,股東會,"亞東證券股份有限公司","(02)7753-1699","(220)新北市板橋區新站路16號13樓","安侯建業聯合會計師事務所","許淑敏","吳趙仁","AIRLUX","2-20 Nanyuan Rd,Chungli, Taoyuan Hsien, Taiwan, R.O.C.　","03-4511761","michael@airlux.com.tw","www.airlux.com.tw","簡麗貞","經理","03-4529888-870","ROSE@AIRLUX.COM.TW","www.airlux.com.tw/index.php/zh-tw/social-responsibility/aera-stakeholders","http://www.airlux.com.tw/index.php/zh-tw/corporate-governance"
"4702","中美聯合實業股份有限公司","中美實","居家生活","－","台北市大安區敦化南路二段七十六號十二樓","	11121403","王宣懿","廖椿沄","王志國","課長","侯嘉珊","27038496","1964/01/09","1995/04/21",新台幣                 10.0000元,723332000,72333200,0,0,合併,每年,股東會,"群益金鼎證券股份有限公司","27023999","台北市大安區敦化南路二段97號B2","資誠聯合會計師事務所","阮呂曼玉","馮敏娟","ALLIED 　　","12TH FL., NO.76 SEC.2 TUN-HWA SOUTH ROAD.TAIPEI.10661 TAIWAN, R.O.C.","27030205","audit@aicgroup.com.tw","http://www.aicgroup.com.tw","侯嘉珊","財會主管","02-27038496#158","jennyhou@aicgroup.com.tw","http://www.aicgroup.com.tw","http://www.aicgroup.com.tw/report/"
"4706","大恭化學工業股份有限公司","大恭","化學工業","－","台北市南港區八德路四段778號7樓","	11051504","鄧加惠","張榮華","張榮華","總經理","吳貽靜","(02)-27859081","1966/04/20","1998/04/17",新台幣                 10.0000元,790300930,79030093,0,0,合併,每年,股東會,"中國信託商業銀行股份有限公司","02-6636-5566","台北市重慶南路一段83號5樓","國富浩華聯合會計師事務所","謝仁耀","蔡淑滿","TKC　　","7TH FLOOR, 778, PA TE  ROAD,SEC. 4,TAIPEI, TAIWAN　　","(02)-27850907","jeremychang@tkc.com.tw","www.tkc.com.tw?@?@","張榮華","總經理","(02)-27859081 ext30","jeremychang@tkc.com.tw","http://www.tkc.com.tw/3-1.asp","－"
"4707","磐亞股份有限公司","磐亞","化學工業","－","台北市新生南路一段50號11樓","	05712099","王貴賢","王皆誼","吳宏揚","副總經理","黃美倫","2351-1212","1982/04/06","1998/05/20",新台幣                 10.0000元,4037152700,403715270,0,0,個別,每年,股東會,"本公司管理部","2395-3881","台北市新生南路一段50號11樓","勤業眾信會計師事務所","劉書琳","王攀發","PACC　　","11F,50 SEC 1 ,HSIN SHENG SOUTH RD,　　TAIPEI,TAIWAN R.O.C.　　","23972549","4707pacc@pacc.com.tw","http://www.pacc.com.tw","王皆誼","總經理","2395-3863","stock@cmfc.com.tw","http://www.pacc.com.tw/contact_tw_1.php","https://www.pacc.com.tw/articlemulti_tw.php?id=16"
"4711","永純化學工業股份有限公司","永純","化學工業","－","台北市松江路168號11樓","	35108702","林誠謙","林誠謙","盧永順","副理","何文玲","(02)25620950","1965/07/31","1999/02/24",新台幣                 10.0000元,610560000,61056000,0,0,合併,每年,股東會,"元大證券股份有限公司股務代理部","02-25865859","台北市大安區敦化南路二段67號地下一樓","勤業眾信聯合會計師事務所","翁博仁","郭乃華","YONG SHUN　　","11F ,NO.168 SUNG CHIANG ROAD　　TAIPEI, TAIWAN, R.O.C.","(02)25623450","yong.shun@msa.hinet.net","www.yschem.com","盧永順","副理","(02)2562-0950-114","morris.ys@yongshunchemical.com","www.yschem.com","https://www.yongshunchemical.com/InvestorRelation_02.htm"
"4714","永捷創新科技股份有限公司","永捷","化學工業","－","台南市安定區安加里258之26號","	86123874","張祐銘","蕭世能","蕭世能","總經理","趙英助","06-5920381","1991/08/29","2000/03/27",新台幣                 10.0000元,1780881880,178088188,0,0,合併,每半會計年度,董事會,"中國信託商業銀行代理部","(02)6636-5566","台北市重慶南路1段83號5樓","安侯建業聯合會計師事務所","許振隆","高鈺倫","UB　　","No.258-26, Anding, Anding Dist., Tainan City 74546, Taiwan (R.O.C.)　　","06-5923985","ub1234@ms12.hinet.net","http://www.u-best-inno.com/","趙英助","協理","06-5920381#103","ub1234@ms12.hinet.net","http://www.u-best-inno.com/","https://www.u-best-inno.com/?%E6%8A%95%E8%B3%87%E4%BA%BA%E5%B0%88%E5%8D%80,64"
"4716","大立高分子工業股份有限公司","大立","化學工業","－","高雄市永安區永工二路18號","	85004174","洪玉婷","楊文忠","洪玉婷","董事長","孫綾君","07-2257200","1970/07/21","2000/03/27",新台幣                 10.0000元,944271910,94427191,4853000,0,合併,每年,股東會,"統一綜合證券股份有限公司","02-27478266","台北市松山區東興路8號地下一樓","安永聯合會計師事務所","洪國森","陳政初","DAILY　　","No. 18, Yonggong 2nd Rd., Yong’an Dist.,Kaohsiung  City 828, Taiwan　　","07-2257229","dlvipf@mail.daily-polymer.com","www.daily-polymer.com","許翰林","財務主管","(07)2257200#295","dlvipf@mail.daily-polymer.com","www.daily-polymer.com","https://www.daily-polymer.com/zh-tw/a4-11250/%E5%85%AC%E5%8F%B8%E6%B2%BB%E7%90%86.html"
"4721","美琪瑪國際股份有限公司","美琪瑪","化學工業","－","桃園市觀音區草漯里大同一路1號","	86688957","嚴隆財","嚴文志","嚴文志","總經理","王崇懿","03-4833788","1992/06/30","2001/03/09",新台幣                 10.0000元,749863040,74986304,0,0,合併,每年,董事會,"宏遠證券股份有限公司","(02)77198899","106台北市信義路四段236號3樓","勤業眾信聯合會計師事務所","邱鏞銘","許晉銘","mechema　","No. 1, TA-TUNG 1st. RD., KUNG-YING DISTRICT, 　TAO-YUAN CITY, TAIWAN　　","03-4833799","info@mechema.com","www.mechema.com","嚴文志/鄭哲岳","總經理/副理","03-4833788","nick@mechema.com/johnson@mechema.com","http://www.mechema.com/wordpress/?page_id=547","https://www.mechema.com/20844214962783529702.html"
"4726","永昕生物醫藥股份有限公司","永昕","生技醫療業","－","新竹科學園區新竹縣竹北市生醫二路66號7樓","	12905993","陳佩君","陳佩君","陳佩君","董事長兼總經理","周維宜","03-6670880","2001/09/28","2013/12/25",新台幣                 10.0000元,2071988000,207198800,68000000,0,合併,每年,股東會,"群益金鼎證券(股)公司股務代理部","02-27023999","106台北巿大安區敦化南路2段97號B2","富鋒聯合會計師事務所","鄭忠昊","紀嘉祐","Mycenax","7F., No. 66, Shengyi 2nd RdZhubei City, Hsinchu County, Taiwan","03-6672442","info@mycenax.com.tw","https://www.mycenax.com","葉麗如","協理","02-26558951","liru.yeh@mycenax.com","https://www.mycenax.com","https://www.mycenax.com/governance.php?lang=tw"
"4728","雙美生物科技股份有限公司","雙美","生技醫療業","－","台南市新市區環東路一段31巷10號1樓","	12744147","林齊國","林明毅","詹惠琳","發言人","蔡嘉禛","06-5053288","2001/02/06","2012/01/10",新台幣                 10.0000元,544630000,54463000,0,0,合併,每年,董事會,"宏遠證券股份有限公司股務代理部","02-23268818","台北市信義區信義路四段236號3樓","南台聯合會計師事務所","丁澤祥","蔡玉琴","Sunmax","1F., No.10, Lane 31, Sec. 1, Huandong Rd., Xinshi Dist.,Tainan City 744, Taiwan (R.O.C.)","06-5053289","c_tsai@sunmaxbiotech.com","http://www.sunmaxbiotech.com","蔡嘉禛","經理","06-5053288","c_tsai@sunmaxbiotech.com","https://www.sunmaxbiotech.com/investor","https://www.sunmaxbiotech.com/investor"
"4729","熒茂光學股份有限公司","熒茂","光電業","－","高雄市路竹區竹南里路科三路7號","	27800048","方敏宗","林盈杉","謝富雅","總經理室特別助理","翁蔚菁","(07)6955699","2005/05/26","2009/02/24",新台幣                 10.0000元,792267410,79226741,0,0,合併,每年,董事會,"元大證券股份有限公司","02-25865859","106臺北市大安區敦化南路2段67號地下一樓","安永聯合會計師事務所","李芳文","姚世傑","MILDEX","No.7,Luke 3rd Rd.,Luzhu Dist.,Kaohsiung City 82151, Taiwan (R.O.C.)","(07)6955799","investor@mildex.com.tw","http://www.mildex.com.tw","謝富雅","總經理室特別助理","(07)6955699#7902","investor@mildex.com.tw","https://www.mildex.com.tw/index.php?temp=stakeholder&lang=cht","https://www.mildex.com.tw/cht/module/showlist/267/"
"4735","豪展醫療科技股份有限公司","豪展","生技醫療業","－","新北市三重區光復路一段78號9樓","	96965874","莊明輝","紀強","紀強","總經理","陳秋桂","(02)85121568","1996/05/14","2011/08/16",新台幣                 10.0000元,415687580,41568758,0,0,合併,每季,董事會,"富邦證券股份有限公司","(02)2361-1300","台北市許昌街17號2樓","寶業聯合會計師事務所","余煒楨","金昌民","Avita","9F,No.78,Sec.1,Kwang-Fu Rd.,Sanchong, New Taipei City Taiwan,R.O.C","(02)85121347","josh_chien@avita.com.tw","http://www.avita.com.tw","莊仲杰","財務長","(02)8512-1568","frank_chuang@avita.com.tw","http://www.avita.com.tw","https://www.avita.com.tw/zh/investor-information/corporate-governance/"
"4741","泓瀚科技股份有限公司","泓瀚","化學工業","－","(30093)新竹市大湖路173-2號","	80627878","呂(木宜)境","呂(木宜)境","陳昭菁","財務協理","李聖然","03-5181666","2004/01/02","2017/09/26",新台幣                 10.0000元,348120790,34812079,0,0,合併,每年,董事會,"富邦綜合證券股份有限公司","(02)23611300","台北市中正區許昌街17號11樓","勤業眾信聯合會計師事務所","林心彤","陳明輝","Jetbest","No.173-2, Dahu Rd., Xiangshan Dist.,Hsinchu City 300, Taiwan","03-5181601","IR@jetbest.com","http://www.jetbest.com","陳昭菁","財務協理","03-5181666","IR@jetbest.com","http://www.jetbest.com","http://www.jetbest.com/tw/investor.html"
"4743","合一生技股份有限公司","合一","生技醫療業","－","台北市中正區忠孝西路一段66號35樓","	29108260","郭憲壽","鄭淑玲","鄭淑玲","總經理","陳亭方","02-27031098","2008/06/02","2011/09/23",新台幣                 10.0000元,4802474860,480247486,0,0,合併,每年,董事會,"元富證券股份有限公司","02-27686668","台北市松山區光復北路11巷35號地下一樓","勤業眾信聯合會計師事務所","鄭欽宗","李冠豪","ONENESS BIOTECH","35F., No. 66, Sec. 1, Zhongxiao W. Rd., Zhongzheng Dist., Taipei City 100Taipei, Taiwan","02-27031292","onenessbio@onenessbio.com.tw","http://www.onenessbio.com","陳亭方","財務主管","02-26558860","onenessbio@onenessbio.com.tw","http://www.onenessbio.com","https://www.onenessbio.com/tc/csr26_0.htm"
"4744","皇將科技股份有限公司","皇將","生技醫療業","－","41280台中市大里區仁化里工業九路190號","	80234971","林靜宜","張凱勛","徐火旺","董事長特助","陳翰儂","(04)2496-3666","2002/08/19","2018/07/12",新台幣                 10.0000元,569484500,56948450,0,0,合併,每年,董事會,"褔邦證券股份有限公司","02-2371-1658","台北市中正區忠孝西路一段６號６樓","安侯建業聯合會計師事務所","陳燕慧","吳俊源","CVC","No. 190, Gongye 9th Rd.,Dali Dist, Taichung City 412, Taiwan","(04)3705-6555","shiny.chen@cvctechnologies.com","https://www.cvctechnologies.com.tw/","徐火旺","董事長特助","04-24963666","oscar.hsu@cvctechnologies.com","https://www.cvctechnologies.com.tw/investor-area/responsibility/stakeholder.html","https://www.cvctechnologies.com.tw/investor-area/corporate-governance/major-internal-policies.html"
"4745","合富醫療控股股份有限公司","合富-KY","生技醫療業","KY","Suite 102, Cannon Place, North Sound Rd., George Town","	09906168","王瓊芝","李惇","王瓊芝","董事長","阮鈺婷","(02)2325-2008","2005/11/04","2013/01/30",新台幣                 10.0000元,774495470,77449547,0,0,合併,每年,股東會,"中國信託商業銀行代理部","(02)6636-5566","台北市重慶南路一段八十三號五樓","安侯建業聯合會計師事務所","周寶蓮","謝秋華","CMH","Suite 102, Cannon Place, North Sound Rd., George Town,P.O. Box 712,Grand Cayman, KY1-9006, Cayman Islands","(02)2325-0222","ir@cowealth.com","www.cowealthholding.com","馬放","稽核主管","(02)2325-2008","IR@cowealth.com","www.cowealthholding.com","－"
"4747","強生化學製藥廠股份有限公司","強生製藥","生技醫療業","－","(241)新北市三重區三和路四段77,79號","	35348007","黃柏熊","蘇浩熙","林俊巍","營業部經理","陳怡秀","(02)2989-4756","1966/12/15","2013/12/25",新台幣                 10.0000元,453804710,45380471,0,0,合併,每年,股東會,"統一綜合證券股份有限公司","(02)2747-8266","台北市松山區東興路8號B1樓","安永聯合會計師事務所","張志銘","馬君廷","JCP","NO.77,79,SECTION 4,SANHO ROAD.SANCHUNG DIST,NEW TAIPEI CITY 241,TAIWAN","(02)2971-2579","investor@jcpjohnson.com.tw","https://www.jcpjohnson.com.tw/","林俊巍","經理","02-29894756","investor@jcpjohnson.com.tw","https://www.jcpjohnson.com.tw/§????H±M°?/§????H?p?????f","https://www.jcpjohnson.com.tw/§????H±M°?/???q?v?z"
"4749","新應材股份有限公司","新應材","半導體業","－","桃園市龍潭區三和里新和路455號","	80551069","詹文雄","郭光埌","呂韶文","資訊行政總處處長","賴旭綺","03-4072100","2003/09/25","2025/01/17",新台幣                 10.0000元,927328650,92732865,0,0,合併,每年,董事會,"兆豐證券(股)公司股務代理部","02-33930898","10044台北市忠孝東路2段95號1樓","勤業眾信聯合會計師事務所","林政治","林尚志","aemc","No.455, Sinhe Rd.Longtan, Taoyuan Taiwan","03-4072198","ir@aemc.com.tw","http://www.aemc.com.tw","呂韶文","發言人","03-4072100","ir@aemc.com.tw","http://www.aemc.com.tw","https://www.aemc.com.tw/investors/CorporateGovernance"
"4754","國碳科技股份有限公司","國碳科","化學工業","－","338桃園市蘆竹區濱海里中圳街176號","	16446422","賀東光","賀東光(代理)","陳佳暉","副總經理","張簡淑惠","03-3542168","1998/05/11","2016/09/28",新台幣                 10.0000元,302832150,30283215,0,0,合併,每年,股東會,"群益金鼎證券股份有限公司","0227023999","台北市大安區敦化南路二段97號B2","安侯建業聯合會計師事務所","張肇文","郭欣頤","INCA","No. 176, Zhongzun St., Luzhu Dist., Taoyuan City 338, Taiwan (R.O.C.)TAOYUAN TW","03-3543488","market@incatech.com.tw","http://www.incatech.com.tw/","陳佳暉","副總經理","03-3544188","market@incatech.com.tw","http://www.incatech.com.tw/","－"
"4760","勤凱科技股份有限公司","勤凱科技","其他電子業","－","高雄市大寮區大有3街32號","	28732006","曾聰乙","曾聰乙","曾聰乙","董事長","莊淑媛","07-7873287","2007/06/08","2019/03/21",新台幣                 10.0000元,322182830,32218283,0,0,個別,每年,董事會,"福邦證券股份有限公司股務代理部","02-2371-1658","台北市中正區忠孝西路一段6號6樓","安侯建業聯合會計師事務所","高鈺倫","許振隆","ample","No.32,Dayou 3rd St,Daliao DistKaohsiung City 83163 ,Taiwan,R.O.C","07-7873290","ir@ampletec.com.tw","http://www.ampletec.com.tw/","莊淑媛","副董事長","07-7873287","ir@ampletec.com.tw","http://www.ampletec.com.tw/","－"
"4767","誠泰工業科技股份有限公司","誠泰科技","化學工業","－","高雄市路竹區路科三路1號","	88744414","王勝義","蘇忠仁","林劍青","副總經理","許仲寧","(07)695-5222","1983/06/13","2018/10/29",新台幣                 10.0000元,314150000,31415000,0,0,合併,每年,董事會,"中國信託商業銀行 代理部","(02)6636-5566","台北市重慶南路一段83號5樓","勤業眾信聯合會計師事務所","張青霞","陳彥君","CHETAY","No.1, Luke 3rd Rd., Luzhu Dist.,Kaohsiung City 821, Taiwan (R.O.C.)","(07)695-5798","info@mail.cherngtay.com","http://www.chetay.com.tw","林劍青","副總經理","(07)695-5222","ct4767@mail.cherngtay.com","http://www.chetay.com.tw","https://www.chetay.com.tw/index.php?option=module&lang=cht&task=showlist&id=452"
"4768","晶呈科技股份有限公司","晶呈科技","化學工業","－","苗栗縣竹南鎮公義路462巷58號","	53278617","陳亞理","陳亞理","張永宏","處長","王起明","(037)585-218","2010/12/16","2022/04/13",新台幣                 10.0000元,474879690,47487969,0,0,合併,每年,股東會,"國票綜合證券(股)公司股務代理部","(02)2528-8988","台北市松山區南京東路五段188號15樓","資誠聯合會計師事務所","于智帆","黃世鈞","INGENTEC","No.58, Ln. 462, Gongyi Rd., Zhunan Township,Miaoli County 350032, Taiwan","(037)585-219","sammi@ingenteccorp.com.tw","http://www.ingenteccorp.com","張永宏","處長","(037)585-218","tony@ingenteccorp.com.tw","https://www.ingenteccorp.com.tw/Investors/category/15","https://www.ingenteccorp.com.tw/Investors/category/5"
"4772","台灣特品化學股份有限公司","台特化","化學工業","－","彰化縣線西鄉彰濱西三路1號","	54224077","徐秀蘭","張雄飛","呂有武","技術部資深經理","吳家奇","(04)791-1072","2013/03/27","2024/09/20",新台幣                 10.0000元,1476815520,147681552,0,0,合併,每年,董事會,"元大證券股份有限公司股務代理部","(02)2586-5859","臺北市大安區敦化南路2段67號B1","安侯建業聯合會計師事務所","黃泳華","吳俊源","TSC","No.1, Zhangbin W. 3rd Rd., Xianxi Township,Changhua County 507, Taiwan (R.O.C)Changhua County 507, Taiwan (R.O.C.)","(04)791-1029","IR@tscs.com.tw","https://www.tscs.com.tw","呂有武","技術部資深經理","(04)791-1072","IR@tscs.com.tw","https://www.tscs.com.tw","https://www.tscs.com.tw/esg"
"4804","大略國際控股有限公司","大略-KY","觀光餐旅","KY","台北市中山區民生東路二段143號9樓","	41244424","蔡輝明","陳禾穎","林建雄","無","張右坪","02-27011052","2011/08/05","2015/12/04",新台幣                 10.0000元,719919200,71991920,37407000,0,合併,每年,董事會,"台新綜合證券股務代理部","(02)2504-8125","台北市建國北路一段96號地下一樓","馬施云大華聯合會計師事務所","吳昆益","趙翊棋","Da Lue","9F, No. 143, Section 2, Minsheng East Road, Zhongshan District, Taipei CityTaiwan (R.O.C.)","暫缺","contact@dalue.co","https://dalue.co/","林建雄","無","02-27011052","contact@dalue.co","https://dalue.co/","－"
"4806","桂田文創娛樂股份有限公司","桂田文創","文化創意業","－","臺北市內湖區新明路298巷6號4樓(總部:高雄市九如一路61號2樓)","	70557661","吳怡青","謝汶芳","周伯威","財務長","謝汶芳","02-2795-5112","2000/05/09","2016/03/09",新台幣                 10.0000元,999470920,99947092,84035000,0,合併,每年,股東會,"康和綜合證券股份有限公司","02-8787-1118","110台北市信義區基隆路一段176號B1","國富浩華聯合會計師事務所","邱繼盛","鄭翔宇","KTCCE","4F., No. 6, Ln. 298, Xinming Rd., Neihu Dist.,Taipei City Taiwan(R.O.C)","02-2795-5113","patrickchou@ktcce.com.tw","https://www.ktcce.com.tw/","周伯威","財務長","02-2795-5112","patrickchou@ktcce.com.tw","https://www.ktcce.com.tw/","https://www.ktcce.com.tw/"
"4903","聯合光纖通信股份有限公司","聯光通","通信網路業","－","新竹市科學園區研新四路12號","	21223267","林郁昌","營運總經理賴浩民","林郁昌","董事長","陳禮煥","03-5779211","1986/04/02","2001/05/14",新台幣                 10.0000元,1053437140,105343714,41885919,0,合併,每年,股東會,"康和綜合證券股份有限公司","02-87871888","110台北市信義區基隆路一段176號B1","安侯建業聯合會計師事務所","高鈺倫","張淑瑩","UFOC","#12, Creation Road IV, Science-Based Industrial ParkHsinchu, Taiwan, R.O.C.","03-5779333","ufoc-pr@ufoc.com.tw","www.ufoc.com.tw","林郁昌","董事長","02-26570589","ufoc-pr@ufoc.com.tw","https://www.ufoc.com.tw/esg/page-8","https://www.ufoc.com.tw/investor/page/5"
"4905","台聯電訊股份有限公司","台聯電","通信網路業","－","台北市內湖區瑞光路108號3樓","	23882531","華盛國際投資股份有限公司","黃仲康","黃仲康","總經理","陳玉菁","02-26583000","1990/08/03","2001/12/07",新台幣                 10.0000元,292600440,29260044,0,0,合併,每年,董事會,"中國信託商業銀行代理部","02-6636-5566","台北市重慶南路一段83號5樓","安永聯合會計師事務所","王慕凡","林素雯","TAINET","3F., No.108, Ruiguang Rd., Neihu Dist.,Taipei City 114, Taiwan","02-8792-2226","jack.huang@tainet.net","www.tainet.com.tw","黃仲康","總經理","02-2658-3000","jack.huang@tainet.net","www.tainet.com.tw/stakeholders/","https://www.tainet.com.tw/esg/"
"4907","富宇地產股份有限公司","富宇","建材營造","－","台中市西屯區市政北二路238號16樓之3","	22099391","張世欣","鍾堯明","鍾博全","副總經理","賈珮甄","(04)2258-5357","1988/08/26","2002/03/04",新台幣                 10.0000元,1181457780,118145778,0,0,個別,每年,股東會,"元富證券股份有限公司股務代理處","(02)2768-6668","台北市松山區光復北路11巷35號地下一樓","立本台灣聯合會計師事務所","陶鴻文","程建憲","Fu Yu  Property","16F.-3, No.238, Shihjheng N. 2nd Rd., Situn Dist., Taichung City 40756, TaiwanTaichung City, Taiwan","(04)2258-5320","fuyuproperty@fuyu-property.com.tw","www.fuyu-property.com.tw","張育娟","財務協理","04-22585357","fuyuproperty@fuyu-property.com.tw","http://www.fuyu-property.com.tw/affiliate","http://www.fuyu-property.com.tw/regulations"
"4908","前鼎光電股份有限公司","前鼎","通信網路業","－","新竹縣湖口鄉新竹工業區自強路三號","	16634613","葉政彥","李昌祐","李昌祐","總經理","石世杰","(03)5986799","1998/07/20","2002/02/27",新台幣                 10.0000元,782169070,78216907,0,0,個別,每年,股東會,"永豐金證券股份有限公司","(02)23816288","台北市博愛路十七號三樓","安侯建業聯合會計師事務所","黃明宏","鄭博仁","APAC","No. 3, Ziqiang Rd.,Hsinchu Industrial Park, Hukou Township,Hsinchu County 303035, Taiwan (R.O.C.)","(03)5973852","finance@apacoe.com.tw","www.apacoe.com.tw","石世杰","財務行政處處長","(03)5986799","finance@apacoe.com.tw","www.apacoe.com.tw","www.apacoe.com.tw"
"4909","新復興微波通訊股份有限公司","新復興","通信網路業","－","桃園市新屋區望間里10鄰十五間45號","	45163295","張永輝","張永輝","廖毅樺","財務部襄理","賴允照","03-4722191","1984/11/30","2002/11/28",新台幣                 10.0000元,933568640,93356864,0,0,合併,每年,股東會,"中國信託商業銀行代理部","02-66365566","台北市重慶南路一段83號5樓","勤業眾信聯合會計師事務所","陳彥君","張青霞","NEE","NO.45,15th Jian,Wangjian VillageSinwu Township,Taoyuan County327 R.O.C","03-4723759","lily@nee.com.tw","www.nee.com.tw","廖毅樺","財務部襄理","03-4722191#115","korn@nee.com.tw","www.nee.com.tw","www.nee.com.tw/corporate-governance/"
"4911","德英生物科技股份有限公司","德英","生技醫療業","－","台南市安南區科技五路92號","	80225425","郭國華","郭國華","張娜芬","內部稽核主管","洪瑋敏","06-3840890","2002/08/06","2011/03/21",新台幣                 10.0000元,637195680,63719568,0,0,個別,每年,股東會,"華南永昌綜合證券股份有限公司","02-27186425","臺北市民生東路四段54號4樓","資誠聯合會計師事務所","徐惠榆","葉芳婷","G&E","No.92,Keji 5th Rd., Annan Dist., Tainan CityAnnan Dist., Tainan 70955, Taiwan","06-3840918","ge@geherbs.com.tw","www.geherbs.com.tw","張娜芬","內部稽核主管","06-3840890","nafen@geherbs.com.tw","www.geherbs.com.tw","－"
"4923","力士科技股份有限公司","力士","半導體業","－","(242)新北市新莊區思源路555號(24樓)","	28733011","鍾明道","鍾明道","鍾秉家","副總經理","林祐年","02-8976-9223","2007/06/11","2022/03/14",新台幣                 10.0000元,338908000,33890800,0,0,合併,每半會計年度,董事會,"宏遠證券股份有限公司","02-2326-8818","台北市信義路4段236號3樓","安侯建業聯合會計師事務所","郭欣頤","張肇文","Force Mos","24F., No. 555, Siyuan Rd., Xinzhuang Dist.New Taipei City  242, Taiwan (R.O.C.)","02-8976-9335","anderson@force-mos.com","http://www.force-mos.com","林祐年","經理","02-8976-9223","anderson@force-mos.com","http://www.force-mos.com","－"
"4924","欣厚科技股份有限公司","欣厚-KY","電腦及週邊設備業","KY","台北市中山區長安東路一段16號7樓之2","	53025260","劉鳳君","顧小美","劉景成","總經理-HPI","林文凱","02-2567-7111","2009/10/16","2011/10/18",新台幣                 10.0000元,371644090,37164409,0,0,合併,每半會計年度,董事會,"中國信託商業銀行代理部","02-6636-5566","台北市中正區重慶南路一段83號五樓","德昌聯合會計師事務所","陳裕勳","陳秀莉","HTM","Chang-An E. Rd. Sec.2 16#, 7th Floor-2Taipei City, Taiwan.","02-2567-7222","hsihou@hsihou.com","http://www.hsihou.com/","林文凱","財務長","02-2567-7111","leo_lin@hsihou.com","http://www.hsihou.com/","－"
"4931","新盛力科技股份有限公司","新盛力","電腦及週邊設備業","－","高雄市前鎮區西十五街一號","	70848850","張中秋","張中秋","范貴鈞","副總經理","陳柏閎","(07)8411501","2004/07/26","2019/09/17",新台幣                 10.0000元,655657610,65565761,0,0,合併,每年,董事會,"台新證券股務代理部","(02)25048125","台北市中山區建國北路一段96號地下一樓","勤業眾信聯合會計師事務所","劉裕祥","王兆群","STL","No.1, West 15th Street, Qianzhen DistrictKaohsiung City 80681, Taiwan","(07)8414200","IR@stl-tech.com","https://www.stl-tech.com","范貴鈞","副總經理","(07)8411501","IR@stl-tech.com","https://www.stl-tech.com/stake.asp","https://www.stl-tech.com/stake.asp"
"4933","友輝光電股份有限公司","友輝","光電業","－","桃園市大溪區仁善里新光東路80號","	80660088","吳昕杰","辛隆賓","楊堯如","財會處長","李燕蘭","03-3074830","2003/12/31","2011/07/29",新台幣                 10.0000元,820906750,82090675,0,0,合併,每年,董事會,"新光證券股份有限公司","02-23118787","台北市重慶南路一段66之一號11樓","勤業眾信聯合會計師","陳文香","徐文亞","UBRIGHT","No. 80, Xinguang E. Rd, Jen-Shan Li, Daxi Dist.,Taoyuan City, Taiwan, R.O.C.","03-3074769","yyr@ubright.com.tw","WWW.UBRIGHT.COM.TW","楊堯如","公司治理主管","03-3074830","yyr@ubright.com.tw","WWW.UBRIGHT.COM.TW","https://www.ubright.com.tw/board-of-directors/"
"4939","亞洲電材股份有限公司","亞電","電子零組件業","－","新竹縣竹北市環科一路3號6樓之7","	80494173","李建輝","李建輝","鄭宛鈺","財務部經理","王建朝","03-6569308","2003/07/07","2011/09/19",新台幣                 10.0000元,982008680,98200868,0,0,合併,每年,股東會,"福邦證券股份有限公司","02-23711658","台北市中正區忠孝西路一段6號6樓","安永聯合會計師事務所","陳國帥","林政緯","AEM","6F-7, No. 3, Huanke 1st RoadZhubei City, Hsinchu County,Taiwan(R.O.C","03-6569270","monica.cheng@aemg.com.tw","http://www.aemg.com.tw/","鄭宛鈺","財務部經理","03-6569308","monica.cheng@aemg.com.tw","http://www.aemg.com.tw/big5/Investor.php","－"
"4946","紅心辣椒娛樂科技股份有限公司","辣椒","文化創意業","－","台北市內湖區瑞光路583巷31號3樓","	28222209","鄧潤澤","蕭雅馨","蕭雅馨","總經理","游升志","02-8751-1699","2006/09/21","2011/06/10",新台幣                 10.0000元,88528160,8852816,3770299,0,合併,每年,股東會,"統一綜合證券(股)公司股務代理部","02-2746-3797","台北市松山區東興路8號B1","馬施云大華聯合會計師事務所","趙翊棋","郭怡倩","Cayenne Tech","3F., No. 31, Lane 583, Ruiguang Rd., Neihu DistrictTaipei City 114694 , Taiwan","02-8797-1717","ctg@cayennetech.com.tw","http://www.wasabii.com.tw/","蕭雅馨","總經理","02-8751-1699","ctg@cayennetech.com.tw","www.cayennetech.com.tw/CT_investment/Earnings/Quarterly.shtml","－"
"4950","金耘國際股份有限公司","金耘國際","鋼鐵工業","－","台南市柳營區工二路10號","	24302624","王炯棻","李郁真","李郁真","總經理","曾薏庭","06-6520031","2008/10/24","2012/04/27",新台幣                 10.0000元,577291070,57729107,39335790,0,合併,每年,股東會,"群益金鼎證券股份有限公司","02-27035000","台北市大安區敦化南路二段97號B2","南台聯合會計師事務所","丁澤祥","蔡玉琴","GWIC","No. 10, Gong 2nd Rd., Liuying Dist., Tainan City 736403, Taiwan (R.O.C.)Tainan City 736403, Taiwan (R.O.C.)","06-6230890","spokesman@muttoinc.com","http://www.muttoinc.com","李郁真","總經理","06-6520031","spokesman@muttoinc.com","http://www.muttoinc.com","－"
"4951","精拓科技股份有限公司","精拓科","半導體業","－","(302)新竹縣竹北市台元二街10號7樓之1","	80333472","黃德燻","黃德燻","陳贈文","副總經理","黃德燻","(03)5600168","2002/05/10","2022/11/03",新台幣                 10.0000元,341487130,34148713,0,0,合併,每年,董事會,"兆豐證券股份有限公司","(02)33930898","台北市忠孝東路二段95號1樓","資誠聯合會計師事務所","江采燕","謝智政","Fintek","7F-1,No.10,Tai Yuen 2nd St.,Chupei City,Hsinchu,Taiwan,R.O.C","(03)5600166","Kris_chen@fintek.com.tw","http://www.fintek.com.tw","陳贈文","副總經理","(03)5600168","Kris_chen@fintek.com.tw","http://www.fintek.com.tw","https://www.fintek.com.tw/index.php/zh-tw/mnu-investors"
"4953","緯創軟體股份有限公司","緯軟","資訊服務業","－","新北市汐止區新台五路1段93號32樓","	86714857","蕭清志","蕭清志","長育禎","資深副總經理","陳易商","02-77458888","1992/06/01","2014/01/08",新台幣                 10.0000元,731470140,73147014,0,0,合併,每年,股東會,"凱基證券股份有限公司","02-23892999","台北市重慶南路一段2號5樓","安侯建業聯合會計師事務所","唐嘉鍵","楊雲筑","WITS","32F., No.93, Sec.1, Xintai 5th Rd., Xizhi Dist., New Taipei CityNew Taipei City , Taiwan (R.O.C.)","02-77458889","spokesperson@wits.com","https://www.wits.com/tw/","林佑蓉","副理","02-77458888","IR@wits.com","https://www.wits.com/tw/corporate-sustainability/stakeholders/","https://www.wits.com/tw/investor/corporate-governance/"
"4966","譜瑞科技股份有限公司","譜瑞-KY","半導體業","KY","P.O.Box 309GT,Ugland House,South Church Street,George Town","	28422591","趙捷","曲明","趙捷","董事長","張祐銘","02-2627-9109","2005/11/15","2011/09/13",新台幣                 10.0000元,800577880,80057788,0,0,合併,每半會計年度,董事會,"中國信託商業銀行代理部","02-6636-5566","台北市100重慶南路一段83號5樓","資誠聯合會計師事務所","林冠宏","周筱姿","Parade","14F., No.335, Ruiguang Rd., Neihu Dist.Nei Hu, Taipei, Taiwan, R.O.C.","02-2627-9339","ir@paradetech.com","http://www.paradetech.com","張祐銘","財務處處長","02-2627-9109","ir@paradetech.com","http://www.paradetech.com","https://www.paradetech.com/corporate-governance/"
"4971","英特磊科技股份有限公司","IET-KY","半導體業","KY","PO Box 309, Ugland House, Grand Cayman, KY1-1104, Cayman Isl","	39954594","高永中","Kevin Vargason","王家齊","財務長","王維寧","+1-9722340068","2011/04/26","2013/07/24",新台幣                 10.0000元,399857430,39985743,0,0,合併,每年,董事會,"中國信託商業銀行代理部","(02)66365566","台北市重慶南路一段83號5樓","資誠聯合會計師事務所","簡汎亞","鄭裕仁","IET","PO Box 309, Ugland House, Grand Cayman, KY1-1104, Cayman IslandsCayman Islands","+1-9722340069","investors@intelliepi.com","www.intelliepi.com.tw","王維寧","代理發言人","(02)28371206","investors@intelliepi.com","www.intelliepi.com.tw","https://www.intelliepi.com/tw/investors.html"
"4972","湯石照明科技股份有限公司","湯石照明","光電業","－","新北市樹林區博愛街236號4樓","	86831927","湯士權","洪家政","王志遠","副總經理","詹益禎","02-86857855","1992/08/20","2013/06/17",新台幣                 10.0000元,568885870,56888587,0,0,合併,每年,董事會,"宏遠證券股份有限公司","02-2326-8818","台北市大安區信義路四段236號3樓","資誠聯合會計師事務所","王玉娟","洪淑華","TONS","4F., No.236, Bo’ai St., Shulin Dist.,New Taipei City , Taiwan (R.O.C.)","02-86857655","investor@tons.com.tw","http://www.tonslight.com/","王志遠","副總經理","02-86857855#205","investor@tons.com.tw","http://www.tonslight.com/","https://www.tonslight.com/ec99/rwd1762/organizational_structures.asp?category_id=462"
"4973","廣穎電通股份有限公司","廣穎電通","半導體業","－","台北市內湖區洲子街106號7樓","	80161908","陳慧民","袁培榮","謝超民","事業群總經理","唐婉佩","02-8797-8833","2003/02/18","2012/06/19",新台幣                 10.0000元,653928430,65392843,0,0,合併,每年,董事會,"群益金鼎證券股份有限公司","02-2702-3999","台北市敦化南路二段97號地下2樓","資誠聯合會計師事務所","林冠宏","陳憲正","Silicon Power","7F., No. 106, Zhouzi St.Neihu District, Taipei City 114, Taiwan","02-8751-6595","sp.ir@silicon-power.com","www.silicon-power.com","郭佩琪","經理","02-8797-8833","sp.ir@silicon-power.com","http://www.silicon-power.com/web/stakeholder","https://www.silicon-power.com/web/tw/investment_09"
"4974","亞泰影像科技股份有限公司","亞泰","電子零組件業","－","新北市中和區中正路880號2樓","	80640083","賴以仁","賴以仁/吳淑品","吳淑品","行政總經理","陳信宏","(02)8228-6401","2004/01/20","2011/11/29",新台幣                 10.0000元,725001040,72500104,0,0,合併,每年,董事會,"中國信託商業銀行 代理部","(02)6636-5566","台北市重慶南路1段83號5樓","勤業眾信聯合會計師事務所","蔣淑菁","王翔民","ATII","2F., No.880, Zhongzheng Rd.,Zhonghe Dist., New Taipei City 235, Taiw","(02)8228-6400","IR@atii.com.tw","www.atii.com.tw","陳信宏","代理發言人","(02)8228-6401","IR@atii.com.tw","www.atii.com.tw","www.atii.com.tw/Stakeholder.html"
"4979","華星光通科技股份有限公司","華星光","通信網路業","－","桃園市中壢區合江路6號","	12927477","簡惠敏","林大琮(代理)","王雅瑜","財會處處長","簡孝倫","(03)452-5188","2001/11/15","2011/12/12",新台幣                 10.0000元,1410563220,141056322,0,0,合併,每年,董事會,"中國信託商業銀行代理部","02-6636-5566","100台北市中正區重慶南路一段83號5樓","安永聯合會計師事務所","鄭清標","陳國帥","LuxNet","No.6, Hejiang  Road, Zhongli Dist.,Taoyuan City, Taiwan, R.O.C.","(03)462-9588","kelly.wang@luxnetcorp.com.tw","www.luxnetcorp.com.tw","王雅瑜","財會處處長","03-4525188","kelly.wang@luxnetcorp.com.tw","www.luxnetcorp.com.tw","www.luxnetcorp.com.tw"
"4987","科誠股份有限公司","科誠","電腦及週邊設備業","－","新北市中和區建康路168號13樓","	84152965","戴奉義","黃教仁","陳美蘭","財務長","鄭思賢","02-2225-8580","1993/01/04","2012/03/21",新台幣                 10.0000元,318780000,31878000,0,0,合併,每年,董事會,"福邦證券股份有限公司股務代理部","2383-6888","台北市中正區忠孝西路一段6號6樓","資誠聯合會計師事務所","于智帆","黃金連","GODEX","13F, NO. 168, JIAN-KANG ROAD ZHONGHE  DISTRICTNEW TAIPEI CITY , TAIWAN","02-22258480","public@godexintl.com","www.godexintl.com","陳美蘭","財務長","02-7731-3825","public@godexintl.com","www.godexintl.com","www.godexintl.com"
"4991","環宇通訊半導體控股股份有限公司","環宇-KY","半導體業","KY","One Nexus Way, Camana Bay, Grand Cayman, KY1-9005, Cayman","	38612141","黃大倫","安寶信( 總執行長暨總裁)","余有崇","資深副總","林紓瑋","02-87986922","2010/11/30","2014/09/15",新台幣                 10.0000元,1198899750,119889975,20000000,0,合併,每年,董事會,"中國信託商業銀行代理部","02-66365566","台北市重慶南路一段83 號5 樓","資誠聯合會計師事務所","白淑蒨","劉倩瑜","GCS","23155 Kashiwa CourtTorrance, California, USA","02-23610085","investors@gcsincorp.com","http://gcsincorp.com","林紓瑋","總經理特助","02-82261185","investors@gcsincorp.com","http://gcsincorp.com","－"
"4995","晶達光電股份有限公司","晶達","光電業","－","新北市新店區寶橋路235巷137號8樓","	70783202","李英珍","金仲仁","金仲仁","總經理","蘇俊生","(02)8919-1858","2000/08/18","2012/05/09",新台幣                 10.0000元,424240360,42424036,0,0,合併,每年,董事會,"福邦證券股份有限公司股務代理部","(02)2371-1658","台北市忠孝西路一段6號6樓","勤業眾信聯合會計師事務所","謝東儒","楊承修","Litemax","8F., No.137, Ln. 235, Baoqiao Rd.,Xindian Dist.,New Taipei City 231,Taiwan","(02)8919-1300","ir@litemax.com.tw","www.litemax.com.tw","蘇俊生","財務及會計主管","(02)8919-1858","ir@litemax.com.tw","http://irs.litemax.com/","https://irs.litemax.com/investors/article/basic-information/"
"5009","榮剛材料科技股份有限公司","榮剛","鋼鐵工業","－","台南市新營區新中路35號(總部地址:台南市柳營區工二路10號)","	84252697","王炯棻","康永昌","康永昌","總經理","李郁真","06-6520031","1993/03/19","1998/10/17",新台幣                 10.0000元,6024711970,602471197,0,0,合併,每季,董事會,"凱基證券股份有限公司","02-23148800","10044台北市中正區重慶南路一段2號4樓","勤業眾信聯合會計師事務所","劉明賢","陳建瑋","GMTC　","35, HSIN CHUNG ROAD, HSINYING CITYTAINAN HSIEN, TAIWAN 730　　　","06-6230890","www.gmtc.com.tw　","www.gmtc.com.tw","李郁真","副總經理","06-6520031","alyj0937@gmtc.com.tw","http://www.gmtc.com.tw/csr_investor.php","－"
"5011","久陽精密股份有限公司","久陽","鋼鐵工業","－","高雄市三民區九如一路502號25樓-3","	07926511","黃俊義","沈易德","黃俊義","董事長","王梅玉","07-3966999","1984/11/21","1999/05/06",新台幣                 10.0000元,1006739220,100673922,12500000,0,合併,每年,董事會,"群益金鼎證券股份有限公司","02-27023999","台北市大安區敦化南路二段97號B2","資誠聯合會計師事務所","田中玉","徐惠榆","OFCO　","25F-3, No. 502, Jiuru 1st Road, Sanmin District,Kaohsiung City,Taiwan","07-3908788","mei-yu@ofco.com.tw","www.ofco.com.tw","王梅玉","財務協理","07-3966999-421","mei-yu@ofco.com.tw","www.ofco.com.tw","https://www.ofco.com.tw/?q=tw/investors"
"5013","強新工業股份有限公司","強新","鋼鐵工業","－","台南市722佳里區海澄里萊芊寮12-19號","	84703335","吳孟縈","方聰偉","王滿莉","財務經理","方聰偉","06-7263311","1993/11/25","2000/05/08",新台幣                 10.0000元,1334160000,133416000,0,0,合併,每年,股東會,"中國信託商業銀行代理部","02-66365566","台北市100重慶南路一段83號5樓","勤業眾信聯合會計師事務所","吳長駿","李季珍","NEW BEST","NO.12-19 LAI GUAN LIAU, CHIA LIE DIST.,TAINAN CITY TAIWAN R.O.C.","06-7263300","newbest@ms25.hinet.net","www.newbest.com.tw","王麗雯","副課長","06-7263311","stockservice@newbest.com.tw","www.newbest.com.tw","－"
"5014","建錩實業股份有限公司","建錩","鋼鐵工業","－","桃園市大園區田心里大觀路178號","	43912787","李慶柏","李慶柏","陳青嵐","集團總管理處副總經理","黃沛姍","(03)385-6985","1983/07/28","2001/02/15",新台幣                 10.0000元,1832650540,183265054,0,0,合併,每年,股東會,"台新證券股務代理部","(02)2504-8125","台北市建國北路一段96號地下一樓","資誠聯合會計師事務所","鄭雅慧","吳偉豪","CCI　　","No.178, Daguan Rd.,  Dayuan Dist,  Taoyuan City, TaiwanTaoyuan City, Taiwan R.O.C","(03)385-6975","personnel@chainchon.com.tw","www.chainchon.com","黃沛姍","管理部經理","(03)385-6985#305","personnel@chainchon.com.tw","http://global.chainchon.com/cht/online-sale.htm","－"
"5015","華祺工業股份有限公司","華祺","鋼鐵工業","－","桃園市中壢區松江北路29號","	12494555","葉明彥","張順立","張順立","總經理","游淑齡","03-4511493","1984/05/22","2000/12/15",新台幣                 10.0000元,606391890,60639189,0,0,合併,每年,董事會,"凱基證券股份有限公司","02-23892999","台北市重慶南路一段2號5樓","惠眾聯合會計師事務所","項文婷","盧聯生","RODEX　　","NO. 29, SUNG  CHIANG  NORTH  ROAD　CHUNG LI  IND. PARK, TAIWAN  R.O.C.　　","03-4622317","jack@rodex.com.tw","https://www.rodex.com.tw/","萬又相","經理","03-4343066","jack@rodex.com.tw","https://www.rodex.com.tw/","https://www.rodex.com.tw/new/zindex_corpration_a.htm"
"5016","松和工業股份有限公司","松和","鋼鐵工業","－","南投市南崗工業區南崗三路61號","	85611896","林廷芳","李金南","李靜慧","副理","吳秀霞","049-2253551","1972/09/15","2001/03/05",新台幣                 10.0000元,496220760,49622076,0,0,合併,每年,股東會,"台新證券股務代理部","02-25048125","台北市建國北路一段96號地下一樓","安永聯合會計師事務所","羅文振","黃子評","Song Ho","61,NAN-KONG 3 ROAD, NAN TOU CITY　　NAN TOU HSIEN, TAIWAN, R.O.C.　　","049-2253395","mis.songho@msa.hinet.net","http://www.songho.com","李靜慧","副理","0492253551#131","mis.songho@msa.hinet.net","http://www.songho.com/zh-tw/contact.html","https://www.songho.com/zh-tw/a3/%C2%A0%E5%85%AC%E5%8F%B8%E6%B2%BB%E7%90%86-%C2%A0.html"
"5201","凱衛資訊股份有限公司","凱衛","資訊服務業","－","台北市松山區光復北路11巷35號5樓","	21261212","王崇旭","馮國書","馮國書","總經理室總經理","曾玉君","(02)2528-1335","1985/05/22","2000/10/12",新台幣                 10.0000元,386746000,38674600,0,0,合併,每年,董事會,"元富證券股份有限公司","02-27686668","台北市松山區光復北路11巷35號B1","安侯建業聯合會計師事務所","張淑瑩","潘俊名","KWAY","5F., No.35, Ln. 11, Guangfu N. Rd., Songshan Dist.　　Taipei 105, Taiwan, R.O.C.","(02)2528-1877","daphine@mail.kway.com.tw","WWW.KWAY.COM.TW","馮國書","總經理室總經理","(02)25281335-652","maxf@mail.kway.com.tw","WWW.KWAY.COM.TW","https://www.kway.com.tw/investors_cg_co/"
"5202","力新國際科技股份有限公司","力新","資訊服務業","－","台北市114內湖區新湖一路128巷15號6樓","	22645531","李雲琴","林育群","李雲琴","董事長","林育群","(02)7721-0111","1987/09/30","2000/10/18",新台幣                 10.0000元,890940000,89094000,0,0,合併,每年,股東會,"群益金鼎證券股份有限公司","(02)2702-3999","台北市敦化南路二段97號地下2樓","安侯建業聯合會計師事務所","張淑瑩","高鈺倫","NewSoft　　","6F, No.15 Ln. 128, Xinhu 1st Rd., Neihu District,Taipei, Taiwan, R.O.C","(02)7721-2001","contactus@newsoft.com.tw","www.newsoft.com.tw","謝志宏","稽核主管","(02)7721-0111#1031","chris_hsieh@newsoft.com.tw","https://www.newsoft.com.tw/interested-parties/","－"
"5205","中茂能資系統整合科技(股)公司","中茂","綠能環保","－","台北市內湖區內湖路1段396號3樓之1","	23533366","羅志明","詹益國","詹益國","總經理","卓立","(02)2658-7118","1989/12/13","2001/05/14",新台幣                 10.0000元,135000000,13500000,9616000,0,合併,每年,董事會,"群益金鼎證券股份有限公司","02-27025000","台北市大安區敦化南路二段97號B2","眾智聯合會計師事務所","游佩靜","王智立","TWGET　　","3F.-1, No.396, Sec. 1, Neihu Rd., Neihu Dist., Taipei CityTaipei City  , Taiwan, R.O.C.　","(02)26587119","twget@twget.com.tw","http://www.twget.com.tw/","卓立","事業部主管","(02)26587118","ir@twget.com.tw","http://www.twget.com.tw/","https://www.twget.com.tw/corporate_governance.html"
"5206","坤悅開發股份有限公司","坤悅","建材營造","－","台中市西屯區市政路402號19樓之二","	04738240","陳丕岳","陳丕岳","賴志龍","協理","尤燕莉","(04)2258-8809","1975/10/06","2001/10/08",新台幣                 10.0000元,1715175000,171517500,0,0,合併,每年,股東會,"台新證券股務代理部","(02)2504-8125","台北市建國北路1段96號地下一樓","建智聯合會計師事務所","黃祥穎","曹永仁","Kunyue","19F.-2,  No. 402, Shizheng Rd,Taichung City, Taiwan R.O.C.","(04)2258-6252","service@kunyue.com.tw","www.kunyue.com.tw","賴志龍","協理","(04)22588809","lung@kunyue.com.tw","http://www.kunyue.com.tw/stakeholder","https://www.kunyue.com.tw/governance"
"5209","新鼎系統股份有限公司","新鼎","其他","－","台北市北投區福善路16號11樓","	22619999","鍾士偉","謝仁興","謝仁興","總經理","許郁婉","(02)2785-3839","1987/08/03","2002/02/25",新台幣                 10.0000元,284271030,28427103,0,0,合併,每年,董事會,"凱基證券股份有限公司","(02)2389-2999","台北市重慶南路一段二號5樓","資誠聯合會計師事務所","林佳鴻","廖福銘","CTCI ASI","11Fl., 16, Fushan Rd., Beitou Dist.,Taipei City 112037, Taiwan, R.O.C.","(02)28357412","CTCI.ASI.Spokesman@ctci.com","www.asi.ctci.com","許郁婉","經理","(02)27853839","CTCI.ASI.Spokesman@ctci.com","http://www.asi.ctci.com/www/ASI/page.aspx?L=CH&C=0611","－"
"5210","寶碩財務科技股份有限公司","寶碩","資訊服務業","－","台北市松山區八德路二段358號六樓之一","	23131763","許榮唐","蔡文杰","林秉翰","財務會計部協理","游寶準","02-8791-9799","1988/11/23","2002/04/25",新台幣                 10.0000元,821777790,82177779,20000000,0,合併,每年,股東會,"群益金鼎證券股份有限公司","(02)2702-3999","台北市大安區敦化南路二段97號B2","國富浩華聯合會計師事務所","張亞荃","潘金樹","APEX","6F.-1, No.358, Sec. 2, Bade Rd., Songshan Dist.Taipei City, Taiwan (R.O.C.)","02-8791-9366","cs@mail.apex.com.tw","http://www.apex.com.tw","林秉翰","財務會計部協理","02-8791-9799#7007","jakelin@mail.apex.com.tw","http://www.apex.com.tw","http://www.apex.com.tw"
"5211","蒙恬科技股份有限公司","蒙恬","資訊服務業","－","(30071)新竹市光復路二段二巷47號7樓","	86287778","蔡義泰","洪成安","詹榮泉","財務長","郭維新","03-5722691","1991/09/24","2002/12/23",新台幣                 10.0000元,320247270,32024727,0,0,合併,每年,股東會,"台新證券股務代理部","02-2504-8125","台北市建國北路一段96號地下一樓","勤業眾信會計師事務所","高逸欣","陳明煇","Penpower","7 F,No.47 Lane 2,Sec. 2,Kuang-Fu Rd.Hsinchu, Taiwan R.O.C","03-5716243","spokesman@penpower.com.tw","http://www.penpower.com.tw","詹榮泉","財務長","03-5722691","spokesman@penpower.com.tw","http://www.penpower.com.tw/investment.asp","https://www.penpowerinc.com/investment/OrganizationArchitecture"
"5212","凌網科技股份有限公司","凌網","資訊服務業","－","新竹縣竹北市台元一街8號5樓之6","	16541333","賴洋助","賴洋助","羅玉瑩","副總經理","鄭安如","03-5601296","1998/07/03","2003/03/24",新台幣                 10.0000元,346330000,34633000,0,0,合併,每年,董事會,"元富證券股份有限公司","02-27686668","台北市松山區光復北路11巷35號地下一樓","安永聯合會計師事務所","邱琬茹","郭紹彬","HYWEB　　","5F.-6, No.8, Taiyuan 1st St.,Zhubei City, Hsinchu County 302, Taiwan","03-5601297","judylo@hyweb.com.tw","www.hyweb.com.tw","羅玉瑩","副總經理","03-5601296#3606","stock5212@hyweb.com.tw","www.hyweb.com.tw","https://www.hyweb.com.tw/investor/corporate-governance"
"5213","亞昕國際開發股份有限公司","亞昕","建材營造","－","新北市新莊區思源路555號30樓","	89961389","姚政岳","姚政岳","沈政毅","管理部副總","萬書吟","02-8522-9722","1995/01/16","2003/04/24",新台幣                 10.0000元,7213343260,721334326,0,0,合併,每年,董事會,"兆豐證券股份有限公司","02-3393-0898","台北市忠孝東路二段95號1樓","安侯建業聯合會計師事務所","潘俊名","陳宗哲","YeaShin","30F., No.555, Siyuan Rd., Xinzhuang Dist., New Taipei City 242034, TaiwanNew Taipei City, Taiwan (R.O.C.)","02-8522-9322","www.yeashin.com.tw","www.yeashin.com.tw","沈政毅","管理部副總","02-8522-9722","kevin01140114@yeashin.com.tw","www.yeashin.com.tw","－"
"5220","萬達光電科技股份有限公司","萬達光電","光電業","－","宜蘭縣蘇澳鎮頂平路22號","	80082329","黃素真","范志明","鄭勝件","財務長","葉俊瑋","03-9908282","2002/11/18","2018/04/26",新台幣                 10.0000元,396670000,39667000,0,0,合併,每年,股東會,"兆豐證券","02-33930898","台北市忠孝東路二段95號","資誠聯合會計師事務所","于智帆","黃世鈞","HIGGSTEC","No. 22, Dingping Rd., Su’ao Township, Yilan County 270008 , Taiwan (R.O.C.)Yilan County , Taiwan (R.O.C.)","03-9907890","intl.sales@higgstec.com.tw","www.higgstec.com.tw","鄭勝件","財務長","0958595220","jerry.chien@higgstec.com.tw","https://www.higgstec.com.tw/tw/investor","https://www.higgstec.com.tw/tw/investor"
"5223","安力國際股份有限公司","安力-KY","電腦及週邊設備業","KY","新北市新莊區新北大道四段215號8樓","	53000726","許振焜","許振焜","姚立芳","財務長","姚立芳","(02)8522-7056","2010/06/23","2018/07/02",新台幣                 10.0000元,445497810,44549781,0,0,合併,每年,股東會,"中國信託商業銀行代理部","(02)6636-5566","台北市中正區重慶南路一段八十三號五樓","資誠聯合會計師事務所","邱昭賢","廖福銘","Anli","8F., No.215, Sec. 4, New Taipei Blvd., Xinzhuang Dist.,New Taipei City 242, Taiwan (R.O.C.)","(02)8522-0759","contact@anli-group.com","www.anli-group.com","姚立芳","財務長","(02)8522-7056","contact@anli-group.com","https://www.anli-group.com/corporate_stakeholder","https://www.anli-group.com/corporate_operating_situation"
"5227","蓋曼立凱電能科技(股)公司","立凱-KY","電子零組件業","KY","桃園市觀音區環南路236號","	31604336","張聖時","朱瑞陽","朱瑞陽","總經理兼投資長","朱瑞陽","03-364-6655","2007/11/16","2013/12/09",新台幣                 10.0000元,680000000,68000000,7605470,0,合併,每年,股東會,"群益金鼎證券(股)公司股務代理部","02-27023999","10601台北市大安區敦化南路二段97號地下二樓","資誠聯合會計師事務所","吳偉豪","李燕娜","Aleees","No. 236, Huannan Road,Guanyin District, Taoyuan City","03-364-9955","ir@alechem.com","www.aleees.com","朱瑞陽","總經理兼投資長","03-364-6655","paul_chu@alechem.com","www.aleees.com","https://www.aleees.com/zh/investor-relation/corporate-governance/"
"5228","鈺鎧科技股份有限公司","鈺鎧","電子零組件業","－","台中市南屯區精科東路15號","	86667046","黃其集","黃其集","黃文結","財務部協理","林杏津","04-23592860","1992/05/21","2022/05/20",新台幣                 10.0000元,380562530,38056253,0,0,個別,每年,股東會,"永豐金證券股務代理部","02-23816288","台北市博愛路17號3樓","資誠聯合會計師事務所","徐建業","賴志維","MAX ECHO","No.15, Jingke E. Road, Nantun Dist.,Taichung, Code:40852Taichung, Taiwan","04-2352856","erichuang@maxecho.com.tw","http://www.maxecho.com.tw","黃文結","財務部協理","0919265228","erichuang@maxecho.com.tw","http://www.maxecho.com.tw","http://www.maxecho.com.tw/tw/ir"
"5230","雷笛克光學股份有限公司","雷笛克光學","光電業","－","新北市中和區板南路655號15F","	28951775","唐德龍","唐德龍","蘇育平","總經理室營運副總","鍾曉慧","02-82276126","2008/03/27","2012/06/05",新台幣                 10.0000元,559767300,55976730,0,0,合併,每年,董事會,"元大證券(股)公司股務代理部","02-25865859","臺北市大安區敦化南路2段67號地下一樓","勤業眾信聯合會計師事務所","張至誼","洪國田","Ledlink","15F,NO.655,BANNA RD.,Zhonghe Dist,New Taipei City,Taiwan.","02-82276127","investor@ledlink-optics.com","www.ledlink-optics.com","蘇育平","總經理室營運副總","82276126","investor@ledlink-optics.com","www.ledlink-optics.com","www.ledlink-optics.com"
"5236","凌陽創新科技股份有限公司","凌陽創新","半導體業","－","新竹科學園區新竹市力行一路1號3樓A2","	28112364","黃洲杰","蔡建忠","李遠","總經理特別助理","李妍萍","03-5632822","2006/12/14","2021/07/29",新台幣                 10.0000元,600040380,60004038,0,0,個別,每年,董事會,"中國信託商業銀行代理部","(02)6636-5566","台北市中正區重慶南路一段83號5樓","勤業眾信聯合會計師事務所","陳彥君","葉東煇","Sunplusit","A2, 3F , No.1, Li-Hsin 1st Road.Hsinchu Science Park,Taiwan 300","03-6687799","IR@sunplusit.com","http://www.sunplusit.com","李遠","總經理特別助理","03-5632822","IR@sunplusit.com","http://www.sunplusit.com","http://www.sunplusit.com"
"5245","智晶光電股份有限公司","智晶","光電業","－","350新竹科學工業園區苗栗縣竹南鎮科北二路8號","	28023412","王鴻鈞","葉文欽","葉文欽","總經理","施均憶","(037)587168","2005/11/03","2015/05/25",新台幣                 10.0000元,451271410,45127141,0,0,合併,每年,股東會,"台新證券股務代理部","(02)2504-8125","台北市建國北路一段96號地下一樓","勤業眾信聯合會計師事務所","謝明忠","彭以驊","WSI","NO.8, KEBEI RD. 2SCIENCE PARK, CHU-NAN, MIAOLI COUNTY 350","(037)586566","IR@wisechip.com.tw","http://www.wisechip.com.tw/","施均憶","協理","(037)587168","IR@wisechip.com.tw","http://www.wisechip.com.tw/zh-tw/a4-2292-6173/§Q?`???Y?H·??q.html","https://www.wisechip.com.tw/zh-tw/a4-1445-3160/???q?v?z.html"
"5251","天鉞電子股份有限公司","天鉞電","光電業","－","新北市中和區中正路700號3樓之3","	86710851","汪攘夷","汪攘夷","莊士漢","協理","李垂拓","02-82278582","1992/05/23","2012/11/26",新台幣                 10.0000元,337333770,33733377,7600000,0,合併,每年,董事會,"富邦綜合證券股份有限公司","02-23611300","台北市許昌街17號11樓","勤業眾信聯合會計師事務所","黃國寧","黃惠敏","JSW","3F-3., No. 700, Zhongzheng Rd.,Zhonghe Dist., New Taipei City,Taiwan","02-82278583","speaker@jswpac.com","www.secufirst.com.tw","莊士漢","協理","02-82278582","speaker@jswpac.com","http://www.secufirst.com.tw/Investor3.aspx?Inv=1049","https://www.secufirst.com.tw/pages/%E5%85%AC%E5%8F%B8%E6%B2%BB%E7%90%86"
"5263","智崴資訊科技股份有限公司","智崴","文化創意業","－","高雄市前鎮區復興四路9號","	13158496","歐陽志宏","歐陽志宏","歐陽志宏","總經理","林穗娟","07-5372869","2001/10/30","2012/12/18",新台幣                 10.0000元,738580880,73858088,0,0,合併,每年,董事會,"台新證券股務代理部","02-25048125","台北市建國北路1段96號地下一樓","勤業眾信聯合會計師事務所","吳秋燕","郭麗園","BROGENT","No.9, Fuxing 4th Rd., Qianzhen Dist.,Kaohsiung City 806, Taiwan","07-5370189","stock@brogent.com","https://www.brogent.com/","鄭仰涵","投資人關係經理","07-5372869","carrie_cheng@brogent.com","https://www.brogent.com/zh-tw/csr-3.html","https://www.brogent.com/zh-tw/teams.html"
"5272","笙科電子股份有限公司","笙科","半導體業","－","新竹縣竹北市台元街18號十樓之一、之二","	27952369","曾三田","林芳利","甘繼開","處長","趙智潔","(03)5601717","2005/09/23","2013/05/30",新台幣                 10.0000元,552761180,55276118,0,0,個別,每年,董事會,"元富證券股份有限公司","02-2768-6668","台北市松山區光復北路11巷35號地下一樓(台北瓦斯光復大樓)","勤業眾信聯合會計師事務所","邱鏞銘","蔡美貞","AMICCOM","10F., No.18, Taiyuan St.,Zhubei City,Hsinchu County,Taiwan,R.O.C.","(03)5601715","ir@amiccom.com.tw","www.amiccom.com.tw","趙智潔","專案副理","(03)5601717","ir@amiccom.com.tw","http://www.amiccom.com.tw/asp/about_us-4.asp","－"
"5274","信驊科技股份有限公司","信驊","半導體業","－","新竹市東區公道五路三段1號4樓之1","	27490748","林鴻明","林鴻明","吳俐俐","經理","闕汀儀","03-5751185","2004/11/15","2013/04/30",新台幣                 10.0000元,378026850,37802685,0,0,合併,每年,董事會,"中國信託商業銀行代理部","02-66365566","台北市重慶南路一段83號5樓","勤業眾信聯合會計師事務所","鍾鳴遠","林心彤","ASPEED","4F., No. 1, Sec. 3, Gongdao 5th Rd., East Dist.HSINCHU CITY  TAIWAN","03-5751183","ir@aspeedtech.com","https://www.aspeedtech.com","吳俐俐","經理","03-5751185","ir@aspeedtech.com","https://www.aspeedtech.com/tw/social_stakeholder/","https://www.aspeedtech.com/tw/investor_governance/"
"5276","達輝股份有限公司","達輝-KY","其他","KY","P.O.Box31119 Grand Pavilion, Hibiscus Way,802West Bay Road","	38547064","徐鉦鑑","徐盟傑","王耀鴻","會計主管","徐盟傑","02-2649-7298","2011/12/01","2014/06/12",新台幣                 10.0000元,395000000,39500000,0,0,合併,每年,股東會,"康和綜合證券股份有限公司","886-287871888","台北市信義區基隆路一段176號B1","安侯建業聯合會計師事務所","紀孟君","楊樹芝","Da Hui","3F, No.27 ,Alley 16, Lane 337, Sec.1,Ta-Tung Rd.,New Taipei City 22161, Taiwan","02-2649-9679","Service@da-hui.com.tw","www.da-hui.com.tw","王耀鴻","經理","02-2649-7298","Service@da-hui.com.tw","www.da-hui.com.tw","www.da-hui.com.tw"
"5278","尚凡國際創新科技股份有限公司","尚凡*","數位雲端","－","(106)台北市大安區羅斯福路三段37號5樓","	80283629","張家銘","舒雨凡","張家銘","董事長","張立","02-23650103","2002/10/07","2013/06/04",新台幣                  1.0000元,300000000,300000000,0,0,合併,每季,董事會,"富邦綜合證券(股)公司股務代理部","(02)2361-1300","台北市中正區許昌街17號11樓","資誠聯合會計師事務所","徐潔如","胡智華","Sunfun","5F., No.37, Sec. 3, Roosevelt Rd., Da-an District,Taipei City 106, TaiwanTaipei City , Taiwan","02-23650112","ir@sunfuntech.com","www.i-part.com.tw","張博棻","副理","02-23650103 #2202","ir@sunfuntech.com","http://www.i-part.com.tw/announce/rules/rules_investment.php","http://www.i-part.com.tw/announce/rules/rules_investment.php"
"5287","數字科技股份有限公司","數字","數位雲端","－","241新北巿三重區重新路五段609巷12號10樓","	28466605","廖世芳","吳聰賢","吳聰賢","總經理","游儲宇","(02)2999-5691","2007/01/23","2014/01/20",新台幣                 10.0000元,603105500,60310550,0,0,合併,每半會計年度,董事會,"群益金鼎證券股份有限公司","(02)2703-5000","台北市大安區敦化南路二段97號B2","安侯建業聯合會計師事務所","羅瑞芝","余聖河","ADDCN","10F, NO.12, LANE 609, SEC.5, CHUGSHIN RD.,SANCHONG CITY, TAIPEI TAIWAN R.O.C","(02)2999-6285","ir@addcn.com","http://www.addcn.com","游儲宇","經理","02-2999-5691","peter.yu@addcn.com","http://www.addcn.com","－"
"5289","宜鼎國際股份有限公司","宜鼎","電腦及週邊設備業","－","新北市汐止區大同路一段237號5樓","	27565769","簡川勝","簡川勝","郭光耀","財務主管","楊馥(王庭)","02-77033000","2005/03/16","2013/11/27",新台幣                 10.0000元,960407170,96040717,0,0,合併,每年,股東會,"凱基證券股份有限公司","02-23892999","台北市重慶南路一段2號5樓","資誠聯合會計師事務所","黃世鈞","涂展源","Innodisk","5F., No.237, Sec. 1, Datong Rd., Xizhi Dist.New Taipei City 221, Taiwan","02-77033555","inno_shareholders@innodisk.com","www.innodisk.com","郭光耀","財務主管","02-77033000","inno_shareholders@innodisk.com","https://esg.innodisk.com/zh/social/stakeholder","https://www.innodisk.com/cht/investor"
"5291","邑昇實業股份有限公司","邑昇","電子零組件業","－","桃園市龜山區山鶯路中華巷2號","	84808400","簡榮坤","李上治","李上治","總經理","吳慧娟","03-3596066","1994/03/22","2014/12/23",新台幣                 10.0000元,398906060,39890606,0,0,合併,每年,董事會,"群益金鼎證券股份有限公司","02-27035000","台北市大安區敦化南路二段97號B2","勤業眾信聯合會計師事務所","翁雅玲","辛宥呈","EISO","No.2,Jhonghua Lane,Shanying Rd.,Gueishan Township,Taoyuan County  Taiwan","03-3596766","jane@eiso.com.tw","http://www.eiso.com.tw","吳慧娟","財會協理","03-3596066","jane@eiso.com.tw","http://www.eiso.com.tw","－"
"5299","杰力科技股份有限公司","杰力","半導體業","－","(302)新竹縣竹北市台元街22號4樓之1","	28935446","李啟隆","吳嘉連","陳倩姮","財務會計主管","洪宜君","03-5600689","2008/03/03","2018/01/23",新台幣                 10.0000元,508889810,50888981,15000000,0,合併,每年,董事會,"凱基證券股份有限公司","(02)23892999","台北市重慶南路一段2號5樓","安侯建業聯合會計師事務所","辛郁婷","區耀軍","EMC","4F.-1, No.22, Taiyuan St., Jhubei City,Hsinchu County 30288, Taiwan (R.O.C.)","03-5526158","speaker@excelliancemos.com","http://www.excelliancemos.com","陳倩姮","財務會計主管","03-5600689","speaker@excelliancemos.com","http://www.excelliancemos.com","https://www.excelliancemos.com/corporate/rules/"
"5301","寶得利國際股份有限公司","寶得利","觀光餐旅","－","台北市中山區新生北路2段28巷1號B1","	30866141","黃武琦","梁哲華","張瑋瓛","財務長","黃武琦","02-8921-1333","1978/10/06","1990/06/25",新台幣                 10.0000元,658903040,65890304,47184011,0,合併,每年,股東會,"元大證券股份有限公司","02-25865859","106臺北市大安區敦化南路2段67號地下一樓","資信聯合會計師事務所","黃增國","陳榮華","CJW","B1., No. 1, Ln. 28, Sec. 2, Xinsheng N. Rd., Zhongshan Dist., Taipei CityNew Taipei, Taiwan (R.O.C.)","02-8921-0333","wayne@cjwtaiwan.com","http://www.cjwtaiwan.com/","寧國輝","顧問","02-8921-1333","ning@cjwtaiwan.com","http://www.cjwtaiwan.com/finance_info/22","－"
"5302","太欣半導體股份有限公司","太欣","半導體業","－","台北市內湖區瑞光路358巷30弄1號10樓","	47255828","王國肇","陳金國","李治宇","財務處處長","陳建興","2659-0055","1983/06/08","1991/01/17",新台幣                 10.0000元,1598883490,159888349,0,0,合併,每年,股東會,"群益金鼎證券股份有限公司","2702-3999","北市敦化南路二段97號B2","安永聯合會計師事務所","王慕凡","張巧穎","　STK　","NO.1,ALLEY 30,LANE 358,RUEIGUANG  RD. ,NEIHU DISTRICT ,　　　　TAIPEI,TAIWAN,R.O.C.","2659-0077","james_li@stk.com.tw 或jason@stk.com.tw","www.stk.com.tw","簡林婧","股務","02-2659-0055","vickie@stk.com.tw","http://www.stk.com.tw/tchinese/about-09.html","－"
"5309","系統電子工業股份有限公司","系統電","電子零組件業","－","台北市內湖區堤頂大道一段1號6樓","	20768310","李益仁","謝東富","謝東富","總經理","戴伊瑩","(02)2790-0088","1977/10/14","1996/03/18",新台幣                 10.0000元,2049997850,204999785,22850000,0,合併,每年,董事會,"福邦證券股份有限公司股務代理部","(02)23836888","台北市中正區忠孝西路一段６號６樓","資誠聯合會計師事務所","支秉鈞","徐明釧","SG　","6F., No.1, Sec. 1, Tiding Blvd., Neihu Dist.,Taipei City, Taiwan (R.O.C.)","(02)2790-9000","sys5309@sysgration.com","www.sysgration.com","戴伊瑩","代理發言人","(02)2790-0088","sys5309@sysgration.com","https://www.sysgration.com/zh-tw/2021-10-22-07-39-10/stakeholders","https://www.sysgration.com/zh-tw/corporate-governance/2021-10-22-08-10-26"
"5310","天剛資訊股份有限公司","天剛","資訊服務業","－","台北市大同區承德路2段81號8樓之2","	23534251","張申曄","張申曄","張申曄","總經理","黃清俊","(02)7737-0927","1989/12/28","1996/04/09",新台幣                 10.0000元,289435170,28943517,6826170,0,合併,每年,董事會,"統一綜合證券股份有限公司","(02)2747-8266","台北市松山區東興路8號B1","安永聯合會計師事務所","陳智忠","余倩如","CGS","Rm. 2, 8F., No. 81,Sec. 2, Chengde Rd.,Datong DistTaipei, Taiwan, R.O.C.　","(02)7737-0926","unitholder@cgs.com.tw","www.cgs.com.tw","張申曄","董事長","(02)7737-0927","unitholder@cgs.com.tw","www.cgs.com.tw","www.cgs.com.tw"
"5312","寶島光學科技股份有限公司","寶島科","生技醫療業","－","新北市汐止區新台五路一段97號16F","	23530966","蔡國洲","蔡宜珊","張立徽","財務部副總經理","張耕華","26972886","1989/11/09","1996/05/25",新台幣                 10.0000元,600598980,60059898,0,0,合併,每年,股東會,"元富證券股份有限公司股務代理部","27686668","台北市松山區光復北路11巷35號地下一樓","安侯建業聯合會計師事務所","陳明輝","寇惠植","FORMOSA","16F,NO.97,Sec.1,Xintai, 5th Rd.,Xizhi Dist.,New Taipei City,Taiwan,R.O.C","26971166","lihui@ms.formosa-opt.com.tw","www.formosa-optical.com.tw","張立徽","財務部副總經理","26972886","lihui@ms.formosa-opt.com.tw","https://www.formosa-optical.com.tw/include/index.php?Page=6-K","https://www.formosa-optical.com.tw/include/index.php?Page=6-4"
"5314","世紀民生科技股份有限公司","世紀*","其他","－","臺南市安平區永華路2段248號8樓之6","	22099815","張祐銘","張碩文","張碩文","總經理","朱麗娟","06-2988158","1991/07/29","1996/09/16",新台幣                  0.5000元,146000000,292000000,0,0,合併,每年,董事會,"元大證券股份有限公司","02-25865859","臺北市大安區敦化南路2段67號地下一樓","安侯建業聯合會計師事務所","許振隆","高鈺倫","Myson","No. 248-8, Sec. 2, Yonghua Rd., Anping Distainan City 708 , Taiwan (R.O.C.)　","06-2988158","bigcity_21@yahoo.com.tw","www.myson.com.tw","張碩文","總經理","06-2988158","bigcity_21@yahoo.com.tw","www.myson.com.tw","－"
"5315","光聯科技股份有限公司","光聯","光電業","－","台中市潭子區潭子科技產業園區建國路12號","	22100405","陳江源","葉建文","林珂如","行政副總經理","林浩蜂","04-25314277","1990/06/26","1996/11/02",新台幣                 10.0000元,1063518320,106351832,0,0,合併,每年,董事會,"永豐金證券股份有限公司","02-23816288","台北市中正區博愛路17號3樓","勤業眾信聯合會計師事務所","吳麗冬","劉力維","　　U.R.T.","No.12,Chien-Kuo Road,T.T.I.P. Tantzu Dist.,Taichung City 42760, Taiwan R.O.C.","04-25313067","kellylin@urt.com.tw","www.urt.com.tw","林珂如","行政副總經理","04-25314277ext3321","kellylin@urt.com.tw","http://www.urt.com.tw/big5/csr.php?show=4","https://www.urt.com.tw/investors/1"
"5321","美而快國際股份有限公司","美而快","數位雲端","－","臺北市南港區重陽路203巷29號9樓","	44043132","廖承豪","王志仁","王志仁","總經理","王明芳","(02)2651-8257","1983/07/05","1996/12/30",新台幣                 10.0000元,531798020,53179802,0,0,合併,每年,董事會,"群益金鼎證券(股)公司股務代理部","(02)27023999","(10601) 台北市大安區敦化南路二段97號B2","國富浩華聯合會計師事務所","蕭又文","卓慶全","U.R.","9F., No.29, Ln. 203, Chongyang Rd., Nangang Dist.,TAIPEI CITY 115, TAIWAN R.O.C.","(02)2651-3226","5321ir@urtoday.com","https://www.unitedrecommend.com/","王明芳","財務部副總","0939390157","5321ir@urtoday.com","https://www.unitedrecommend.com/","https://www.unitedrecommend.com/inventor?show=2-4"
"5324","士林開發股份有限公司","士開","建材營造","－","台北市中山北路六段九十號八樓","	05147030","許玉山","林信成","郭穎彥","財務部暨會計部協理","張瑜恬","(02)2834-8392","1984/01/23","1997/01/30",新台幣                 10.0000元,2263790900,226379090,0,0,合併,每年,股東會,"元大證券股份有限公司","(02)2586-5859","臺北市大安區敦化南路2段67號地下一樓","安侯建業聯合會計師事務所","潘俊名","陳宗哲","SDC　","8F., No.90, SEC 6, CHUNG-SHAN N. RD　　TAIPEI, TAIWAN R.O.C.　","(02)2834-0997","plmy@sdc.com.tw","www.sldc.com.tw","郭穎彥","財務部暨會計部協理","(02)2834-8392","jack@sdc.com.tw","www.sldc.com.tw","－"
"5328","華容股份有限公司","華容","電子零組件業","－","高雄市大寮區民貴街60巷5號1樓","	76409479","瑞軒科技股份有限公司-代表人吳春發","許志彰","陳淑芬","供應鏈管理處協理","李承陽","(07)7015333","1983/04/20","1997/08/28",新台幣                 10.0000元,1727107240,172710724,0,0,合併,每年,董事會,"福邦證券股份有限公司","02-23711658","台北市中正區忠孝西路一段6號6樓","安永聯合會計師事務所","李芳文","洪國森","HJC　","1F.,No.5,Ln.60,Mingui St.,Daliao Dist.,Kaohsiung City 83146,Taiwan(R.O.C.)","(07)7023910","CHOU@HJC.COM.TW","http://www.hjc.com.tw","陳淑芬","供應鏈管理處協理","(07)7015333","KATHY@hjc.com.tw","http://www.hjc.com.tw","－"
"5340","建榮工業材料股份有限公司","建榮","電子零組件業","－","桃園巿楊梅區民豐路277號","	86691377","吉田浩一","佐藤&#26628;二","劉純珍","副總經理","江志雄","03-4754728","1992/08/12","1998/01/20",新台幣                 10.0000元,1948939640,194893964,29000000,0,個別,每年,董事會,"中國信託商業銀行代理部","02-66365566","台北市重慶南路一段83號5樓","資誠聯合會計師事務所","謝智政","劉倩瑜","BAOTEK","No.277, Ming Fong Rd.,Yang Mei District, Taoyuan City, Taiwan","03-4759675","IR@baotek.com.tw","http://www.baotek.com.tw","劉純珍","副總經理","03-4754728","IR@baotek.com.tw","http://baotek.com.tw/index.php?action=investhome","http://baotek.com.tw/index.php?action=investhome"
"5344","立衛科技股份有限公司","立衛","半導體業","－","新竹市科學園區力行五路9號","	22099316","沈炳輝","許文景","許文景","總經理","江靜儀","03-5770345","1988/04/01","1998/03/23",新台幣                 10.0000元,794474600,79447460,0,0,個別,每年,股東會,"中國信託商業銀行股份有限公司","02-66365566","(100)台北市中正區重慶南路一段83號6樓","勤業眾信聯合會計師事務所","林心彤","陳彥君","VATE","NO.9  LI-HSIN RD. V., SCIENCE-BASED INDUSTRIAL PARK,HSIN CHU, TAIWAN, R.O.C.","03-5645515","25051@mail.vate.com.tw","www.vate.com.tw","江靜儀","財務部經理","03-5770345","cherry@mail.vate.com.tw","http://www.vate.com.tw/","https://www.vate.com.tw/p/investment2.html"
"5345","馥鴻建設股份有限公司","馥鴻","其他","－","臺北市中山區南京東路3段65號7樓","	23827860","王昭卿","王昭卿","彭靜怡","經理","王昭卿","02-77016887","1990/10/19","1998/03/23",新台幣                 10.0000元,377950000,37795000,28195000,0,合併,每年,股東會,"元大證券股份有限公司","02-33227981","106台北市大安區敦化南路二段67號地下1樓","安侯建業聯合會計師事務所","韓沂璉","潘俊名","Fullhome","7 F., No. 65, Sec. 3, Nanjing E. Rd., Zhongshan Dist.Taipei City 104107, Taiwan (R.O.C.)","02-77021636","ira.peng@full-home.com.tw","www.full-home.com.tw","彭靜怡","經理","02-77016887#888","ira.peng@full-home.com.tw","www.full-home.com.tw","www.full-home.com.tw/investors"
"5347","世界先進積體電路股份有限公司","世界","半導體業","－","新竹科學園區新竹縣園區三路123號","	84149358","方略","尉濟時","黃惠蘭","副總經理暨財務長","葉慶煌","03-5770355","1994/12/05","1998/03/25",新台幣                 10.0000元,18673923550,1867392355,0,0,合併,每年,股東會,"中國信託商業銀行代理部","02-66365566","台北巿重慶南路一段83號5樓","勤業眾信聯合會計師事務所","鄭淂蓁","&#28201;智源","VIS","123, Park Ave -3rd, Hsinchu Science Park,Hsinchu, Taiwan 30077, R. O. C.","03-5630666","VIS_PR@vis.com.tw","www.vis.com.tw","劉貞芸","部經理","03-5770355 ext.1421","cyliuc@vis.com.tw","https://www.vis.com.tw/tc/cs_stakeholder","https://www.vis.com.tw/tc/cg_corporate"
"5348","正能量智能股份有限公司","正能量智能","運動休閒","－","苗栗縣竹南鎮科中路31號3樓","	22099673","胡湘麒","蕭世芳","石介璇","財會主管","屏選中","037-585920","1990/12/03","1998/04/29",新台幣                 10.0000元,147759170,14775917,7502717,0,合併,每年,董事會,"新光證券股份有限公司","(02)2311-8787","台北市中正區重慶南路一段66-1號11樓","佳明聯合會計師事務所","蔡佳玲","周峻墩","EMT","3F,NO.31, Ke Jung Rd.,Hsinchu Science Park, Chu-Nan, Miao-Li,Taiwan 350, R.O.CMiao-Li,Taiwan , ROC","037-585530","hazel@emtgroup.com.tw","https://www.emtgroup.com.tw/","石介璇","財會主管","037-585920","hazel@emtgroup.com.tw","https://www.emtgroup.com.tw/report/","https://www.emtgroup.com.tw/esg/"
"5351","鈺創科技股份有限公司","鈺創","半導體業","－","新竹市科學園區科技五路六號","	22099694","盧超群","鄧茂松","蔡婷婷","處長","程俊翰","(03)5782345","1991/02/01","1998/05/15",新台幣                 10.0000元,3255957810,325595781,0,0,合併,每年,董事會,"中國信託商銀代理部","(02)6636-5566","台北市重慶南路一段83號5樓","資誠聯合會計師事務所","謝智政","徐聖忠","Etron","No. 6, Technology Road 5, Hsinchu Science Park　　Hsinchu, Taiwan 300092, R.O.C.　　","(03)5779001","investor@etron.com.tw","https://www.etron.com","鄭育佳/徐(口永)薇","處長/專案經理","(03)5782345","investor@etron.com.tw","https://etron.com/zh-hant/esg/stakeholder/","https://etron.com/zh-hant/esg/"
"5353","台林電通股份有限公司","台林","通信網路業","－","桃園市蘆竹區榮安路10號","	12278439","陳俊廷","陳俊廷","陳建村","資深副總經理","黃文慧","03-3222201","1980/04/10","1998/05/18",新台幣                 10.0000元,755000000,75500000,0,0,合併,每年,董事會,"元富證券股份有限公司","02-27686668","台北市松山區光復北路11巷35號地下一樓","安永聯合會計師事務所","林秀青","張巧穎","Tailyn　　","NO.10 RUNGAN ROAD LUZHU DISTRICT,TAOYUAN CITY,TAIWAN　　　","03-3127314","invest@tailyn.com.tw","www.tailyn.com.tw","陳建村","資深副總","03-3222201","invest@tailyn.com.tw","www.tailyn.com.tw","www.tailyn.com.tw"
"5355","佳總興業股份有限公司","佳總","電子零組件業","－","桃園市桃園區大林里興邦路39-4號","	23063420","曾繼立","蕭明陽","陳冠民","協理","吳家力","03-3667382","1988/09/19","1998/06/23",新台幣                 10.0000元,1661227920,166122792,19162620,0,合併,每年,股東會,"中國信託商業銀行代理部","02-6636-5566","北市重慶南路一段83號5樓","正風聯合會計師事務所","賴家裕","吳欣亮","PSC","No. 39-4, Singbang Rd., Taoyuan Dist., Taoyuan City 330, Taiwan (R.O.C.)　TAOYUAN TAIWAN. R.O.C　　","03-3676010","jerry@gia-tzoong.com.tw","www.gia-tzoong.com.tw","陳冠民","協理","03-3667382#700","miin@gia-tzoong.com.tw","www.gia-tzoong.com.tw","www.gia-tzoong.com.tw"
"5356","協益電子股份有限公司","協益","電腦及週邊設備業","－","臺北市中正區館前路49號3樓","	35229109","林欽淼","王化立","王化立","總經理","陳淑娟","(02)7725-5356","1969/01/08","1998/07/20",新台幣                 10.0000元,1030400000,103040000,0,0,合併,每年,董事會,"國票綜合證券股份有限公司","02-2528-8988","105411台北市松山區南京東路五段188號15樓","勤業眾信聯合會計師事務所","王攀發","彭以驊","SIRTEC　","3F., No.49, Guanqian Rd., Zhongzheng Dist.,Taipei City 100, Taiwan (R.O.C.)","(02)7725-5353","ir@sirtec.com.tw","http://www.sirtec.com.tw","陳淑娟","協理","(02)7725-5356 #9","ir@sirtec.com.tw","http://www.sirtec.com.tw/index.php?option=com_content&task=view&id=246&Itemid=156","http://www.sirtec.com.tw/index.php?option=com_content&task=view&id=231&Itemid=139"
"5364","力麗觀光開發股份有限公司","力麗店","觀光餐旅","－","台北市中山區松江路162號3樓","	23615486","楊竫如","葉家豪(職務代理)","何宜靜","會計經理","劉文志","(02)21002128","1990/01/24","1998/12/07",新台幣                 10.0000元,638499400,63849940,29750000,0,合併,每年,董事會,"兆豐證券股份有限公司","02-33930898","台北市中正區忠孝東路二段95號1樓","安侯建業聯合會計師事務所","張淑瑩","韓沂璉","LEALEA HOTELS","3F, No.162, Sung Chiang RdTaipei,Taiwan,R.O.C","(02)21001799","vp@lealeahotel.com","www.lealeahotel.com","何宜靜","會計經理","02-25675005","vp@lealeahotel.com","www.lealeahotel.com","－"
"5371","中強光電股份有限公司","中光電","光電業","－","新竹科學工業園區新竹市東區力行路11號","	22099907","張威儀","林惠姿","溫慧萍","法人關係室特別助理","財務長  何新斌","03-5772000","1992/06/30","1999/01/20",新台幣                 10.0000元,3909811100,390981110,0,0,合併,每年,董事會,"台新綜合證券(股)公司股務代理部","(02)2504-8125","台北市建國北路一段96號地下一樓","安永聯合會計師事務所","黃敏如","郭紹彬","Coretronic　","No 11, Li Hsing Rd, Science Park,,  Hsinchu, TaiwanHsinchu, Taiwan","03-5772530","ssd@coretronic.com","www.coretronic.com","溫慧萍","法人關係室特別助理","03-5772000-7170","ir@coretronic.com","https://www.coretronic.com/csr/shareholder","https://www.coretronic.com/ir/company/corporate-governance/tabs"
"5381","光譜電工股份有限公司","光譜","電子零組件業","－","桃園市中壢區中壢工業區東園路38-1號","	86332422","&#20931;俊光","謝炳輝","謝炳輝","總經理","阮昭彗","03-4610732","1991/09/06","1999/03/19",新台幣                 10.0000元,2445268370,244526837,91953433,0,合併,每年,股東會,"元富證券股份有限公司","02-27686668","臺北市松山區光復北路11巷35號B1","安永聯合會計師事務所","許新民","呂倩雯","SPE","38-1 TUNG YUAN RDCHUNG-LI TAOYUAN HSIEN, TAIWAN","03-4514206","judy_juan@uniplus.com.tw","www.uniplus.com.tw","阮昭彗","財務長","03-4610732","judy_juan@uniplus.com.tw","www.uniplus.com.tw/tw/Article2/7/","www.uniplus.com.tw/tw/Download1"
"5386","青雲國際科技股份有限公司","青雲","電腦及週邊設備業","－","新北市中和區中正路716號6樓","	21224842","柯聰源","呂仰鎧","呂仰鎧","總經理","陳韻華","02-82273277","1984/06/26","1999/05/13",新台幣                 10.0000元,360808810,36080881,568896,0,個別,每年,董事會,"中國信託商業銀行股份有限公司","02-6636-5566","台北市100中正區重慶南路一段八十三號五樓","眾智聯合會計師事務所","楊永成","游佩靜","ALBATRON　　","6F, No.716, Chung Cheng Rd.,　　ChungHo District,New Taipei City, Taiwan","02-82273266","stock@albatron.com.tw","http://www.albatron.com.tw","呂仰鎧","總經理","02-82273277","stock@albatron.com.tw","https://www.albatron.com.tw/stakeholders.asp","https://www.albatron.com.tw/governance.asp?kind=23"
"5392","能率創新股份有限公司","能率","光電業","－","台北市復興北路101號10樓","	84901089","董俊仁","胡湘麒","董俊毅","副董事長","周哲毅","(02)25472089","1994/12/29","1999/06/14",新台幣                 10.0000元,1765621450,176562145,0,0,合併,每年,董事會,"群益金鼎證券股份有限公司","(02)2702-3999","台北市大安區敦化南路二段97號B2","資誠聯合會計師事務所","馮敏娟","阮呂曼玉","ABICO AVY","10F, No.101, Fu-Hsing North Road Taipei, Taiwan 105, R.O.CTaipei,Taiwan,R.O.C　　","(02)25472909","invest@avy.com.tw","www.avy.com.tw","周哲毅","協理","(02)25472089分機1511","invest@avy.com.tw","https://www.avy.com.tw/sustain_stakeholder.html","https://www.avy.com.tw/company_dir.html"
"5398","慕康生技醫藥股份有限公司","慕康生醫","其他","－","新北市汐止區大同路一段239號16樓之1","	04669623","沈國榮","陳正林","蕭錦龍","副總","陳佶甫","2641-5398","1978/06/22","1999/10/11",新台幣                 10.0000元,494654600,49465460,0,0,合併,每年,股東會,"康和證券股務代理部","87871888","台北市基隆路一段176號B1","安永聯合會計師事務所","黃靖雅","黃子評","Mediera　","16F.-1, No.239, Sec. 1, Datong Rd., Xizhi Dist.,New Taipei City 221, Taiwan(R.O.C)","2641-6328","stanley.hsiao@mediera.com.tw","http://www.mediera.com.tw","蕭錦龍","副總","2641-5398","stanley.hsiao@mediera.com.tw","http://www.mediera.com.tw","－"
"5403","中菲電腦股份有限公司","中菲","資訊服務業","－","台北市內湖區行愛路151號8樓","	12358067","莊斯威","張樹義","吳淑如","財務長","張樹義","81705168","1981/11/21","1999/10/15",新台幣                 10.0000元,781761230,78176123,0,0,個別,每年,董事會,"台新證券股務代理部","25048125","台北市建國北路一段96號B1","安侯建業聯合會計師事務所","黃采&#32482;","黃柏淑","DDSC　","　8th FL.No.151,Xing'ai Rd.,Neihu Dist　　　Taipei Taiwan, R.O.C","81706168","daphne@ddsc.com.tw","http://www.ddsc.com.tw","吳淑如","財務長","81705168","selena@ddsc.com.tw","http://www.ddsc.com.tw","https://www.ddsc.com.tw/Governance"
"5410","國眾電腦股份有限公司","國眾","資訊服務業","－","臺北市內湖區陽光街298號3樓","	01517124","王超群","&#28201;健良","彭鴻欽","協理","李祥睿","(02)2799-6789","1985/09/13","1999/11/26",新台幣                 10.0000元,920561230,92056123,0,0,合併,每年,股東會,"台新證券股務代理部","(02)2504-8125","臺北市建國北路一段96號地下一樓","勤業眾信聯合會計師事務所","張至誼","徐文亞","LEO","3F, No. 298, Yang Guang St., Neihu Dist.,Taipei 11491, Taiwan, R.O.C.","(02)2799-7789","finance@leosys.com","www.leosys.com","彭鴻欽","協理","02-27996789","bensonpeng@leosys.com","www.leosys.com","－"
"5425","台灣半導體股份有限公司","台半","半導體業","－","新北市新店區北新路3段205號11樓","	34286449","王秀亭","王秀亭","吳志寬","法務部處長","鄭懿誠","89131588","1979/01/18","2000/02/21",新台幣                 10.0000元,2634854860,263485486,0,0,合併,每年,股東會,"中國信託商業銀行代理部","(02)6636-5566","台北市重慶南路一段83號5樓","安侯建業聯合會計師事務所","郭仰倫","蕭佩如","TSC　　","11Fl., No. 205, Sec. 3, Beishin Rd., Xindian Dist.,New Taipei City 231, Taiwan, R.O.C.","89131858","margret.luoh@ts.com.tw","www.taiwansemi.com","吳志寬","法務部處長","89131588-1201","spencer.wu@ts.com.tw","www.taiwansemi.com","https://www.taiwansemi.com/zh_tw/investor-relations/board-of-directors/"
"5426","振發實業股份有限公司","振發","電腦及週邊設備業","－","新北市三重區光復路二段二十五號","	35320697","蔡宗勳","蔡宗勳","黎正忠","協理","陳建州","2995-1436","1972/07/17","2000/02/09",新台幣                 10.0000元,1438000000,143800000,0,0,合併,每年,股東會,"亞東證券股份有限公司","(02)7753-1699","新北市板橋區新站路16號13樓","安侯建業聯合會計師事務所","黃欣婷","池世欽","　CF　","No. 25, Sec. 2, Guangfu Rd., Sanchong Dist,New Taipei City, TAIWAN, R.O.C.　　　","22783853","tinaling@chengfwa.com.tw","www.chengfwa.com.tw","黎正忠","協理","02-29951436*308","sfc@chengfwa.com.tw","www.chengfwa.com.tw","www.chengfwa.com.tw"
"5432","新門科技股份有限公司","新門","綠能環保","－","台北市內湖區行忠路42號6樓","	23746488","陳政隆","陳政隆","李曉青","專案經理","陳思媚","(02)77210240","1990/05/21","2000/03/21",新台幣                 10.0000元,206878040,20687804,0,0,個別,每半會計年度,董事會,"統一證券(股)公司股務代理部","2747-8266","台北市松山區東興路8號B1樓","資誠聯合會計師事務所","文雅芳","林瑟凱","SOLOMON DATA","6F, No.42, Shing Jung Rd.,Nei Hu Dist., Taipei, Taiwan, R.O.C.","(02)77210241","shares@mail.datavision.com.tw","https://www.solomon-es.com.tw","陳雪蘋","特助","(02)77210240","shares@mail.datavision.com.tw","https://www.solomon-es.com.tw/stakeholder/","https://www.solomon-es.com.tw/corporate_governance/"
"5438","東友科技股份有限公司","東友","電腦及週邊設備業","－","台北市內湖區南京東路六段503號12樓","	16091527","黃育仁","和田幹二","李麗秋","營運副總","賴建一","(03)4733112","1997/09/08","2000/06/17",新台幣                 10.0000元,1125365650,112536565,0,0,合併,每半會計年度,董事會,"中國信託商業銀行(股)公司代理部","(02)66365566","台北市重慶南路一段83號6樓","資誠聯合會計師事務所","葉翠苗","林永智","TIS","12F, No. 503, Sec. 6, Nanjing E. Rd., Neihu Dist.,Taipei City 114057, Taiwan","(02)2792-2102","ir@tecoimage.com.tw","http://www.tecoimage.com.tw/","嚴春美","處長","(02)2792-1116","ir@tecoimage.com.tw","http://www.tecoimage.com.tw/Investor/zh-tw/investor.html","－"
"5439","高技企業股份有限公司","高技","電子零組件業","－","桃園市桃園區興邦路43巷3號","	22773079","張景山","李泰輝","張秋雄","財務長","李泰輝","03-3767800","1988/01/29","2000/06/26",新台幣                 10.0000元,929757520,92975752,0,0,合併,每年,股東會,"台新綜合證券(股)公司股務代理部","02-25048125","台北市建國北路一段96號B1","勤業眾信聯合會計師事務所","徐文亞","王攀發","FHt","No.3,Lane 43,Hsing Pang Rd.Taoyuan District,Taoyuan City,Taiwan 330","03-3761921","fia@fht.com.tw","http://www.fht.com.tw","張秋雄","財務長","03-3767800#2111","ted@fht.com.tw","http://www.fht.com.tw/web/tw/page/99","－"
"5443","均豪精密工業股份有限公司","均豪","半導體業","－","新竹科學工業園區新竹縣創新一路5-1號4樓","	33838628","陳政興","陳政興/梁又文(執行長)","梁又文","執行長","黃盛宏","03-5639999","1978/12/22","1998/02/09",新台幣                 10.0000元,1647466440,164746644,0,0,合併,每年,董事會,"統一綜合證券股份有限公司","02-2746-3797","臺北市東興路8號1樓","資誠聯合會計師事務所","吳偉豪","江采燕","GPM","No. 5-1, Innovation 1st Rd., SBIP300 Hsinchu, Taiwan, R.O.C　","03-5639988","jennylee@gpmcorp.com.tw","https://www.gpmcorp.com.tw/index.php","黃盛宏","財會處處長","03-5639999#3262","michaelhuang@gpmcorp.com.tw","https://www.gpmcorp.com.tw/investors_finance.php","https://www.gpmcorp.com.tw/about_governance_implement.php"
"5450","南良國際股份有限公司","南良","其他","－","台北市內湖區陽光街349號6樓","	23438530","蕭登波","王凌霜","白景仁","財務副總經理","蘇孟栩","(02)2659-1588","1989/08/11","2000/08/22",新台幣                 10.0000元,1224032390,122403239,0,0,合併,每年,股東會,"國票綜合證券股份有限公司","(02)2528-8988","台北市松山區南京東路五段188號15樓","勤業眾信聯合會計師事務所","張正修","黃秀椿","NAMLIONG","6F, NO.349, YANG-KUANG ST., NEI-HUTAIPEI, TAIWAN, R.O.C.","(02)2659-1599","namliong_public@namliong-global.com","www.namliong-global.com","蘇孟栩","經理","(02)2659-1588","namliong_public@namliong-global.com","www.namliong-global.com","www.namliong-global.com/zh-TW/page/corporate-governance-structure.html"
"5452","佶優科技股份有限公司","佶優","其他電子業","－","236043新北市土城工業區自強街8號","	86266274","馬康華","林日旺","楊淑玲","會計主管","陳怡伶","02-2269-6669","1991/08/20","2000/10/02",新台幣                 10.0000元,1487636690,148763669,0,0,合併,每年,董事會,"凱基證券(股)公司股務代理部","02-23892999","10044台北市中正區重慶南路一段2號5樓","安侯建業聯合會計師事務所","江曉苓","連淑凌","UNIC","NO. 8 TZU CHIANG STREET,　　TUCHENG DIST., NEW TAIPEI CITY, TAIWAN　","02-2269-3695","ling@unicgroup.com","www.unicgroup.com","楊淑玲","會計主管","02-2269-6669#130","ling@unicgroup.com","https://www.unicgroup.com/?page_id=77","https://www.unicgroup.com/corporate_governance_structure/"
"5455","昇益開發股份有限公司","昇益","建材營造","－","新竹市東區公道五路二段417號11樓","	86233176","陳文熾","陳文熾","陳文熾","總經理","楊硯茵","03-5753189","1991/07/06","2000/10/19",新台幣                 10.0000元,655018130,65501813,0,0,個別,每年,股東會,"台新證券股務代理部","02-25048125","台北市建國北路一段96號B1樓","致遠聯合會計師事務所","曾瑞燕","侯委&#26187;","SY","11F,No.417,Sec.2 Kung Dao Wu Rd. ,Hsinchu, 300 Taiwan, R.O.C.　　","03-6886389","ssestock@signality.com.tw","www.signality.com.tw","楊硯茵","財務主管","03-5753189","ssestock@signality.com.tw","www.signality.com.tw","http://www.signality.com.tw/stocks.htm"
"5457","宣德科技股份有限公司","宣德","電子零組件業","－","桃園市龜山區民生北路一段568號","	23866949","蔡鎮隆","蔡鎮隆","徐嘉德","董事","周湘陽","03-2120088","1990/10/16","2000/09/29",新台幣                 10.0000元,1744554000,174455400,0,0,合併,每年,股東會,"台新綜合證券(股)公司股務代理部","02-25048125","台北市建國北路一段96號B1","資誠聯合會計師事務所","林佳鴻","葉翠苗","SPEED TECH　","No.568, Sec.1, Mingsheng N. Road,Guishan District,Taoyuan City, Taiwan　","03-2121771","PR@speedtech.com.tw","www.speedtech.com.tw","徐嘉德","董事","03-2120088","Ethan.hsu@speedtech.com.tw","https://www.speedtech.com.tw/stakeholder-ch/","https://www.speedtech.com.tw/business-integrity-management-ch/"
"5460","同協電子股份有限公司","同協","電子零組件業","－","新北市新莊區民安路429巷1號","	33701355","劉定泮","盧光輝(代理)","楊宗翰","管理部經理","王陳惠","(02)22022241","1972/12/14","2000/09/28",新台幣                 10.0000元,587781300,58778130,0,0,合併,每年,董事會,"群益金鼎證券股份有限公司","(02)27023999","台北市敦化南路二段97號地下二樓","勤業眾信聯合會計師事務所","廖婉怡","謝建新","MUSTANG","1 Lane 429,Ming-An RoadHsin-Chuang District, New Taipei City","(02)22023126","Yang_ZH@mustang-group.com","www.mustang-group.com","楊宗翰","管理部經理","(02)22022241-105","Yang_ZH@mustang-group.com","http://www.mustang-group.com/mustang/c_down_j4.jsp","http://www.mustang-group.com/mustang/c_down_i15.jsp"
"5464","霖宏科技股份有限公司","霖宏","電子零組件業","－","嘉義縣民雄鄉福樂村中山路6號","	89396770","張枋霖","張枋霖","賴柔卉","副理","謝佩如","05-2216696","1995/06/21","2000/11/08",新台幣                 10.0000元,710714900,71071490,0,0,合併,每年,股東會,"群益金鼎證券股份有限公司","02-27023999","台北市大安區敦化南路二段97號B2","安永聯合會計師事務所","&#20931;清淵","羅文振","LIN HORN","NO.6  CHUNG-SHAN RD. MIN-HSIUNG INDUSTRIAL  PARKCHIAYI   HSIEN.   TAIWAN  R.O.C","05-2217178","lhtech@lhtech.com.tw","www.lhtech.com.tw","張哲明","副總經理","05-2216696","lhtech@lhtech.com.tw","www.lhtech.com.tw","www.lhtech.com.tw"
"5465","富驊企業股份有限公司","富驊","電腦及週邊設備業","－","台南市安南區安和路2段54巷225號","	36270626","王駿東","王駿東","王駿東","董事長","林道明","(06)356-0606","1984/07/23","2000/11/08",新台幣                 10.0000元,1476826290,147682629,65463215,0,合併,每年,股東會,"福邦證券股份有限公司","(02)2371-1658","台北市中正區忠孝西路一段6號6樓","勤業眾信聯合會計師事務所","王騰葦","李季珍","LFE","NO.225,LANE 54,SEC.2,AN HO ROND.TAINAN, TAIWAN, R.O.C.","(06)356-0505","lfe-stock@lfe.com.tw","http://lfe-ww.com/zh-hant/","林道明","協理","(03)326-9123#3506","lfe-stock@lfe.com.tw","https://lfe-ww.com/investor/Chinese/AboutUs-sh.htm","－"
"5468","凱鈺科技股份有限公司","凱鈺","半導體業","－","新竹科學園區新竹市科技五路6號","	84149245","胡炳南","胡炳昆","蔣秀雲","財務主管","胡喬茹","03-5787720","1994/07/21","2001/01/17",新台幣                 10.0000元,589229090,58922909,12226903,0,合併,每年,股東會,"台新證券股務代理部","02-25048125","台北市中山區建國北路一段96號地下1樓","勤業眾信聯合會計師事務所","楊朝欽","吳長駿","TMTECH","No. 6, Technology Road 5, Hsinchu Science ParkHsinchu, Taiwan 30078, R.O.C.","03-5787719","contact@tmtech.com.tw","www.tmtech.com.tw","蔣秀雲","財務主管","06-3843158","hsiuyun.chiang@tmtech.com.tw","www.tmtech.com.tw","https://www.tmtech.com.tw/zh-tw/ir3-1/"
"5474","聰泰科技開發股份有限公司","聰泰","電腦及週邊設備業","－","臺北市忠孝東路2段88號18樓","	23902678","趙希政","林宏沛","林宏沛","總經理","羅嘉翎","(02)23921233","1990/10/01","2001/03/20",新台幣                 10.0000元,397569440,39756944,0,0,個別,每年,董事會,"群益金鼎證券股份有限公司","02-2702-3999","台北市敦化南路二段97號地下2樓","資誠聯合會計師事務所","林柏全","楊蕙慈","YUAN","18F,No.88,Sec.2,Chunghsiao E.Rd.,Taipei 100,Taiwan　","(02)23921358","nancy@yuan.com.tw","https://www.yuan.com.tw","羅嘉翎","財會經理","02-23921233","Nancy@yuan.com.tw","https://www.yuan.com.tw/zh-tw/investor/stakeholders","https://www.yuan.com.tw/zh-tw/investor/overview"
"5475","德宏工業股份有限公司","德宏","電子零組件業","－","桃園市楊梅區楊湖路二段718號","	97178087","劉暉麟","劉志浩","陳源水","財務經理","NA","03-4726448","1997/03/21","2001/01/16",新台幣                 10.0000元,1271270170,127127017,5600000,0,合併,每年,股東會,"中國信託商業銀行代理部","(02)6636-5566","台北市重慶南路一段83號5樓","安永聯合會計師事務所","王瑄瑄","李育儒","GLOTECH　　","No.718 Sec.2 Yang-Hoo Rd.Yang-Mei Dist Tao-Yuan City","03-4726447","eric.chen@glotechgf.com","http://www.glotechgf.com","陳達","財務主管","03-4726448#650","service1.tw@glotechgf.com","http://www.glotechgf.com","http://www.glotechgf.com"
"5478","智冠科技股份有限公司","智冠","文化創意業","－","高雄市前鎮區擴建路1-16號13樓","	81231585","王俊博","王俊博","鍾興博","集團財管中心總經理","王思淳","(07)815-0988","1983/07/15","2001/03/29",新台幣                 10.0000元,1560743320,156074332,0,0,合併,每季,董事會,"元大證券股份有限公司","(02)2586-5859","臺北市大安區敦化南路2段67號地下一樓","勤業眾信聯合會計師事務所","陳珍麗","吳秋燕","SOFT-WORLD","13F., No. 1-16,  Kuojian Rd.,  Chianjen Chiu,Kaohsiung,  Taiwan  806,  R.O.C　　","(07)815-5658","ir@soft-world.com.tw","www.soft-world.com","王思淳","經理","(02)2788-9188 #260","ir@soft-world.com.tw","http://www.soft-world.com/Connect/Stakeholder","－"
"5481","新華泰富股份有限公司","新華","其他","－","台北市中山區長春路328號8樓之1","	23790625","黃泰","林宗翰","許靜文","資深協理","吳彥儒","02-25452588","1990/06/18","2001/04/27",新台幣                 10.0000元,714028910,71402891,0,0,合併,每年,董事會,"中國信託商業銀行代理部","(02)6636-5566","台北市中正區重慶南路一段83號5樓","馬施云大華聯合會計師事務所","趙翊棋","黃俊諺","SINOTACT","8-1st F., No. 328 ,Changchun Rd., Zhongshan Disc., Taipei, TaiwanTaiwan(R.O.C.)","02-27019369","investor@sinotact.com","http://www.sinotact.com/","何佳洲","管理部經理","02-25452588","investor@sinotact.com","http://www.sinotact.com/","－"
"5483","中美矽晶製品股份有限公司","中美晶","半導體業","－","新竹科學園區新竹市工業東二路八號四樓","	47238650","徐秀蘭","陳振乾","彭欣瑜","董事長特別助理","呂孟樺","03-577-2233","1981/01/21","2001/03/02",新台幣                 10.0000元,6412216510,641221651,0,0,合併,每半會計年度,董事會,"元大證券股份有限公司股務代理部","02-2586-5859","台北市大安區敦化南路二段67號地下一樓","安侯建業聯合會計師事務所","黃泳華","吳俊源","SAS　　","4F, No. 8. Industrial East Road 2, Hsinchu Science Park, Taiwan, R.O.C.　　　Hsinchu, Taiwan, R.O.C.　　","03-578-1706","IR@saswafer.com","http://www.saswafer.com","彭欣瑜","董事長特別助理","03-577-2233","IR@saswafer.com","http://www.saswafer.com","https://www.saswafer.com/investor-page/"
"5487","通泰積體電路股份有限公司","通泰","半導體業","－","新北市中和區建一路166號6樓","	22321575","福豐盛投資股份有限公司","郭榮邦","郭榮邦","總經理","郭錦美","02-82265916","1986/10/14","2001/02/20",新台幣                 10.0000元,242225160,24222516,0,0,合併,每年,股東會,"第一金證券股份有限公司","2563-5711","10688台北市大安區安和路一段27號六樓","安永聯合會計師事務所","黃宇廷","賴書晨","TONTEK　","6F, NO.166, CHIEN-I RD.,ZHONGHE DIST., NEW TAIPEI CITY, TAIWAN","02-82265929","Spokesman@tontek.com.tw","www.tontek.com.tw","郭榮邦","總經理","02-82265916#117","st@tontek.com.tw","https://www.tontek.com.tw/company/person","https://www.tontek.com.tw/company/index?lang="
"5488","松普科技股份有限公司","松普","電子零組件業","－","桃園市龜山區大華里頂湖五街三號","	43900488","駱國呈","駱秀勇","李振陽","財務部經理","黃智惠","03-3285480","1983/05/21","2001/03/12",新台幣                 10.0000元,915861240,91586124,0,0,合併,每年,股東會,"福邦證券股份有限公司","02-2383-6888","10041台北市中正區忠孝西路一段6號6樓","霈昇聯合會計師事務所","王新元","邱奕志","SP","No.3, Dinghu 5th St. Guishan Dist., Taoyuan City 333008, Taiwan(R.O.C.)TAOYUAN CITY. TAIWAN. R.O.C","03-3961542","service@tw.sunfpu.com","http://www.sunfpu.com.tw","李振陽","財務部經理","03-3285480","eddie@tw.sunfpu.com","https://zh-tw.sunfpu.com/list/cate-37357.htm","https://zh-tw.sunfpu.com/list/cate-13609.htm"
"5489","彩富電子股份有限公司","彩富","其他電子業","－","台北市內湖區洲子街116號","	86157450","陳春生","張建湘","林碧芳","業務管理部經理","黃孍婷","(02)2659-8898","1991/07/16","2001/03/12",新台幣                 10.0000元,1027064410,102706441,0,0,合併,每年,股東會,"群益金鼎證券股份有限公司","(02)2702-3999","台北市敦化南路二段97號地下二樓","勤業眾信聯合會計師事務所","劉紋伶","陳培德","DYNACOLOR","No. 116, Jou Tz Street, NeihuTaipei 114, Taiwan","(02)2659-8868","finance@dynacolor.com.tw","http://www.dynacolor.com.tw","林碧芳","業務管理部經理","(02)2659-8898","finance@dynacolor.com.tw","https://www.dynacolor.com.tw/zh-hant/csr/#av-tab-section-1-2","https://www.dynacolor.com.tw/zh-hant/company/company-structure/"
"5490","同亨科技股份有限公司","同亨","電腦及週邊設備業","－","新竹縣科學園區工業東九路三十號四樓","	84149929","張永銘","胡鉉宗","徐壬謙","資深經理","姜君柔","03-5772738","1997/04/08","2001/05/14",新台幣                 10.0000元,961522010,96152201,0,0,合併,每年,董事會,"富邦綜合證券(股)公司股務代理部","02-23611300","台北市中正區許昌街17 號11 樓( 壽德大樓)","安侯建業聯合會計師事務所","鄭安志","吳俊源","XAC　　","4F.,No 30,INDUSTRY E. RD. IX, SCIENCE-BASED INDUSTRIAL PARK　　HSIN-CHU, TAIWAN　","03-5678022","leo_hsu@xac.com.tw","https://www.xac.com.tw","徐壬謙","資深經理","03-5772738-8135","leo_hsu@xac.com.tw","https://www.xac.com.tw/tw/management/index.php","https://www.xac.com.tw/tw/management/index.php"
"5493","三聯科技股份有限公司","三聯","其他電子業","－","台北市大安區復興南路一段390號5樓之3","	03051501","林大鈞","林家慶","郭勁廷","董事長特助兼發言人","郭彥麟","02-27081730","1967/02/20","2001/05/03",新台幣                 10.0000元,436892550,43689255,0,0,合併,每半會計年度,董事會,"中國信託商業銀行代理部","(02)6636-5566","台北市重慶南路一段83號5樓","資誠聯合會計師事務所","郭加龍","蔡亦臺","Sanlien","5F-3 ,No. 390 , Fu-Hsing  S. Rd., Sec. 1,Taipei 106 , Taiwan , R.O.C.","02-27031561","sanlien@sanlien.com","www.sanlien.com","陳秀蕙","財務長","(02)27081730#301","grace_chen@sanlien.com","https://www.sanlien.com.tw/ss003/","https://sanlien.com.tw/???q?v?z±M°?/"
"5498","凱崴電子股份有限公司","凱崴","電子零組件業","－","桃園市桃園區大林里21鄰興邦路32號","	97326828","周邦基","初從維","初從維","代理總經理","李雲婷","(03)366-0667","1997/02/27","2001/03/29",新台幣                 10.0000元,1932835450,193283545,17335167,0,合併,每年,股東會,"宏遠證券股份有限公司","(02)77198899","台北市大安區信義路四段236號3樓","勤業眾信聯合會計師事務所","李冠豪","馬偉峻","KEY WARE　","NO. 32,Singbang Rd., 21 Neighborhood, DalinTAOYUAN City,  TAIWAN,  R.O.C.","(03)366-8136","fin-key@key-ware.com.tw","www.key-ware.com.tw","李雲婷","財務長","(03)366-0667","fin-key@key-ware.com.tw","http://www.key-ware.com.tw/invest/index7.asp","https://www.key-ware.com.tw/tw/ESG/1/%E6%B0%B8%E7%BA%8C%E7%AE%A1%E7%90%86"
"5508","永信建設開發股份有限公司","永信建","建材營造","－","高雄市新興區六合路183號12樓","	22417810","陳俊銘","陳俊銘","陳怡均","總經理室副理","邱顯淑","07-2229460","1987/04/02","1998/05/13",新台幣                 10.0000元,2174281330,217428133,0,0,個別,每年,董事會,"元大證券(股)公司股務代理部","02-25865859","台北市大安區敦化南路二段67號地下一樓","勤業眾信聯合會計師事務所","陳秀雯","吳長駿","YCDC　","12F  NO.183 LIOW HER ROAD　KAOSHSIUNG, TAIWAN ,ROC","07-2230488","ysinfo@yungshin.com.tw","www.ys-construction.com.tw","陳怡均","發言人","07-2229460#17","ysa501@yungshin.com.tw","https://www.ys-construction.com.tw/download#d6","https://www.ys-construction.com.tw/download#d2"
"5511","德昌營造股份有限公司","德昌","建材營造","－","台中市北區五常里五權路401-1號1樓","	22132814","黃政勇","陳豐中","黃仲良","經理","莊正任","(04)22013611","1986/05/20","1998/12/09",新台幣                 10.0000元,1134400000,113440000,0,0,合併,每年,董事會,"永豐金證券股份有限公司","(02)23816288","台北市中正區博愛路17號3樓","冠恆聯合會計師事務所","張進德","李玉芝","TE  CHANG　","1F., No.401-1, Wuquan Rd., North Dist,Taichung City , Taiwan (R.O.C.)","(04)22013202","ray.chuang@tccon.com.tw","www.tccon.com.tw","黃仲良","經理","(04)22013611-550","cl.huang@tccon.com.tw","http://www.tccon.com.tw/investor02.html#investor02_03","http://www.tccon.com.tw/esgnews.html"
"5512","力麒建設股份有限公司","力麒","建材營造","－","104台北市中山區吉林路99號8樓","	86690644","郭濟綱","郭濟綱","柯賢仁","協理","鍾莉燕","(02)21002288","1992/07/30","1998/12/04",新台幣                 10.0000元,7663124940,766312494,0,0,合併,每年,董事會,"台新證券股務代理部","(02)25048125","台北市建國北路一段96號地下一樓","安侯建業聯合會計師事務所","張淑瑩","潘俊名","RICH　　","8F., No.99, Jilin Rd., Jhongshan Dist., 　Taipei City 104, Taiwan (R.O.C.)","21002388","k7008750@rhd.com.tw","www.rhd.com.tw","林明志","經理","02-21002288","jefflin@rhd.com.tw","www.rhd.com.tw","－"
"5514","三豐建設股份有限公司","三豐","建材營造","－","台北市長安東路二段173號7樓","	22817225","東台開發股份有限公司代表人:洪敏夫","藍麗華","石淑瑛","財務部協理","莊慧玲","02-27720267","1988/01/21","1998/12/29",新台幣                 10.0000元,2361182800,236118280,0,0,合併,每年,股東會,"元富證券股份有限公司","02-27686668","台北市松山區光復北路11巷35號B1F","安永聯合會計師事務所","張巧穎","王彥鈞","SUN FON","7F,NO.173 CHANG AN EAST ROAD SEC.2TAIPEI  TAIWAN　　　","02-27817686","safo7225@ms27.hinet.net","www.sunfon.com.tw","石淑瑛","財務部協理","(02)27720267ext:13","safo7225@ms27.hinet.net","https://sunfon.com.tw/esg-stakeholder-zone/","https://sunfon.com.tw/managedirectors/"
"5516","雙喜營造股份有限公司","雙喜","建材營造","－","新竹市民族路186號","	47254476","邱宏章","邱宏章","鄒慶琦","稽核主管","林佳惠","03-5348168","1982/01/14","1999/03/23",新台幣                 10.0000元,515452230,51545223,0,0,個別,每年,股東會,"元大證券股份有限公司","02-25865859","106臺北市大安區敦化南路2段67號地下一樓","安侯建業聯合會計師事務所","毛聖崴","高鈺倫","SUN-SEA","186 MIN TSU RD　　HSIN-CHU,TAIWAN,R.O.C　　","03-5421289","sun.sea@m.sunsea.com.tw","http://www.sunsea.com.tw/","陳品溦","會計主管","03-5348168#8215","b00760601@eip.sunsea.com.tw","http://www.sunsea.com.tw/relationship.php","－"
"5520","力泰建設企業股份有限公司","力泰","建材營造","－","台北市士林區延平北路七段七號","	66410981","吳良材","吳良材","吳良材","總經理","吳光武","(02)2810-3001","1976/05/06","1999/10/27",新台幣                 10.0000元,599752450,59975245,0,0,合併,每年,董事會,"群益金鼎證券股份有限公司","(02)27023999","台北市敦化南路二段97號B2","霈昇聯合會計師事務所","王新元","邱奕志","Lihtai","NO.7 , SEC7 , YIEN-PING NORTH ROAD , SELIN DISTRICT ,　　TAIPEI CITY , TAIWAN , R.O.C.　　","(02)2810-3009","lietai@ms2.hinet.net","https://www.lihtai.com","吳良材","總經理","(02)2641-7231","lietai@ms2.hinet.net","https://www.lihtai.com","https://www.lihtai.com"
"5523","豐謙建設股份有限公司","豐謙","建材營造","－","40360臺中市西區臺灣大道2段501號25樓之1","	66629349","袁玉麒","劉瑞麟","張嘉玲","財務經理","林宣甫","04-23262593","1984/04/30","1999/12/27",新台幣                 10.0000元,1550014640,155001464,0,0,合併,每年,董事會,"永豐金證券股份有限公司","02-23816288","台北市博愛路17號3樓","資誠聯合會計師事務所","賴志維","王玉娟","FONG CHIEN","25F.-1, No.501, Sec. 2, Taiwan Blvd., West Dist., Taichung City 403, TaiwanTAICHUNG  CITY, TAIWAN, ROC　　","04-23266390","service@fong-chien.com.tw","http://www.fong-chien.com.tw/","張嘉玲","財務經理","04-23262593","service@fong-chien.com.tw","http://www.fong-chien.com.tw/investors_01.asp","http://www.fong-chien.com.tw/investors_01.asp"
"5529","鉅陞國際開發股份有限公司","鉅陞","建材營造","－","台中市西屯區台灣大道二段633號12樓之3","	58250510","褚學忠","褚學忠","楊曉暉","協理","施玉珍","04-23289666","1970/11/09","1996/01/12",新台幣                 10.0000元,1018374810,101837481,42663292,0,合併,每年,股東會,"永豐金證券股份有限公司","(02)2381-6288","台北市博愛路17號3樓","資誠聯合會計師事務所","王玉娟","洪淑華","MEGA","12 F.-3, No. 633, Sanhe 1st Ln., Xitun Dist.,Taichung City 407047, Taiwan (R.O.C.)","04-23285599","sunny@mega-building.com","https://mega-international.com.tw","施玉珍","副總經理","04-23289666","sunny@mega-building.com","https://mega-international.com.tw","https://mega-international.com.tw/investor-area/governance"
"5530","龍巖股份有限公司","龍巖","其他","－","台北市南港區經貿二路195號16樓","	22415496","KELLY LEE","王群中","梁建芸","公司治理主管","王群中","02-66159999","1987/03/27","2000/10/04",新台幣                 10.0000元,4200841990,420084199,21000000,0,合併,每年,董事會,"富邦綜合證券(股)公司股務代理部","02-23611300","台北市中正區許昌街17號11樓","安侯建業聯合會計師事務所","池世欽","潘俊名","LUNG YEN","16F., No. 195, Jingmao 2nd Rd., Nangang Dist.,Taipei City 115018, Taiwan (R.O.C.)","02-66157777","customer@lyls.com.tw","www.lyls.com.tw","萬馨文","財務處副總","02-66159999","ir@lyls.com.tw","www.lyls.com.tw","－"
"5536","聖暉工程科技股份有限公司","聖暉*","其他電子業","－","台中市西屯區文心路二段201號19樓之1","	52524653","梁進利","賴銘崑&王俊盛","梁鈞幃","董事長特助","陳忠生","04-22615288","1979/02/19","2010/11/10",新台幣                  5.0000元,620404650,124080930,0,0,合併,每半會計年度,董事會,"凱基證券股份有限公司","02-23148800","100台北市重慶南路一段2號5樓","安侯建業聯合會計師事務所","陳政學","呂倩慧","ACTER","19F.-1, No.201, Sec. 2, Wenxin Rd., Xitun Dist.,Taichung City 40758, Taiwan (R.O.C.)","04-22615121","invest@acter.com.tw","http://www.acter.com.tw","梁鈞幃","發言人","04-22581516","invest@acter.com.tw","https://www.acter.com.tw/stakeholder/communication","https://www.acter.com.tw/investors/corporate-governance/summary"
"5543","桓鼎股份有限公司","桓鼎-KY","建材營造","KY","Grand Cayman KY1-1208, Cayman Islands","	47532886","莊宏偉","楊志文","莊宏偉","董事長暨執行長","楊志文","(02)2508-0656","2009/11/10","2016/05/09",新台幣                 10.0000元,467035930,46703593,6290515,0,合併,每年,股東會,"福邦證券股務代理部","(02)3393-0898","台北市中正區忠孝西路一段6號6樓","資誠聯合會計師事務所","吳建志","支秉鈞","Buima","13 F., No. 880, Zhongzheng Rd., Zhonghe Dist.New Taipei City 235015, Taiwan (R.O.C.)","(02)2508-0087","IR@buima.com.tw","www.buima.com.tw","楊志文","總經理","(02)25080656","brian.yang@buima.com.tw","www.buima.com.tw","－"
"5547","久舜營造股份有限公司","久舜","建材營造","－","台北市內湖區新湖二路257號2樓","	84548046","林世貞","蔡長榮","蔡長榮","總經理","陳錫山","02-27965218","1993/09/06","2026/02/03",新台幣                 10.0000元,452880000,45288000,0,0,個別,每年,董事會,"群益金鼎證券股務代理部","02-27023999","台北市大安區敦化南路二段97號B2","安侯建業聯合會計師事務所","張淑瑩","韓沂璉","Jioushun","2F., No. 257, Xinhu 2nd Rd.Neihu Dist., Taipei City 11494, Taiwan","02-27965219","invest@jioushun.com.tw","http://www.jioushun.com.tw","蔡長榮","總經理","02-27965218","invest@jioushun.com.tw","http://www.jioushun.com.tw","－"
"5548","安倉營造股份有限公司","安倉","建材營造","－","台北市中山區松江路223號6樓","	04267141","張立雍","劉治群","吳東鵬","工務部協理","張淑華","02-25039966","1975/11/17","2024/03/18",新台幣                 10.0000元,578450130,57845013,0,0,個別,每年,董事會,"福邦證券股份有限公司","2383-6888","台北市中正區忠孝西路一段6號6樓","安侯建業聯合會計師事務所","李慈慧","張肇文","ANCANG","6F, No. 223, Songjiang Rd., Zhongshan Dist.,Taipei Taiwan R.O.C.","02-25006255","ac@ancang.com","http://www.ancang.com/","張淑華","會計部協理","25039966","ir@ancang.com","http://www.ancang.com/stakeholder/STAKEHOLDERS","https://www.ancang.com/esg/Governance/BoD/"
"5601","臺聯貨櫃通運股份有限公司","台聯櫃","航運業","－","基隆市七堵區堵南里三合街二號","	00701122","簡東捷","許哲雄","賴允昌","財務經理","許哲雄","(02)24515151","1973/07/16","1994/11/24",新台幣                 10.0000元,648000000,64800000,0,0,個別,每年,股東會,"群益金鼎證券股份有限公司","(02)27035000","台北市大安區敦化南路二段97號B2","安永會計師事務所","楊弘斌","劉榮進","TACT　","2,SAN HO ST.,TUNAN LI.CHI-TU DISTKEELUNG TAIWAN R.O.C.","(02)24515271","tactc@ms24.hinet.net","www.tactc.com.tw/","賴允昌","財務經理","(02)24515151","tactc@ms24.hinet.net","https://www.tactc.com.tw/hot_cg84033.html","https://www.tactc.com.tw/hot_cg106982.html"
"5603","陸海股份有限公司","陸海","航運業","－","新北市汐止區大同路2段171-1號12樓","	04927158","何英津","何英津","胡玉惠","財務主管","連錦池","02-86926001","1973/06/21","1997/01/25",新台幣                 10.0000元,1048766070,104876607,0,0,合併,每年,股東會,"亞東證券股份有限公司","02-77531699","新北市板橋區新站路16號13樓","資誠聯合會計師事務所","黃金連","于智帆","SEA&LAND","12F,171-1 SEC. 2, TA -TUNG RD. HSI CHIH DISTRICT,NEW TAIPEI CITY,TAIWAN,R.O.C.HSI CHIH DISTRICT,NEW TAIPEI CITY,TAIWAN","02-86926071","vivian@sea-land.com.tw","www.sea-land.com.tw","胡玉惠","財務主管","02-86926001","vivian@sea-land.com.tw","www.sea-land.com.tw","www.sea-land.com.tw"
"5604","中連誠企業股份有限公司","中連","其他","－","台中市西屯區工業區一路7號","	51125209","蘇南州","江瑞萌","侯冠朱","副總經理","朱麗貞","04-23598181","1954/08/09","1997/05/22",新台幣                 10.0000元,1087829680,108782968,0,0,合併,每年,董事會,"亞東證券股份有限公司","(02)77531699","22041新北市板橋區新站路16號13樓","維揚聯合會計師事務所","林惠芬","連毅昇","　CLTC　","Industrial Park , First Road , No 7Taichung,Taiwan,R.O. C. 　","04-23595400","fin@cltc.com.tw","www.cltc.com.tw","侯冠朱","副總經理","04-23598181","fin@cltc.com.tw","http://www.cltc.com.tw/investor/home.htm","－"
"5609","中菲行國際物流股份有限公司","中菲行","航運業","－","台北市114民權東路六段160號11樓","	01176152","錢文君","施振昇","阮耀樟","對外投資關係副總裁","陳靜姬","(02)27963660","1985/08/02","2001/10/15",新台幣                 10.0000元,1428840000,142884000,0,0,合併,每年,董事會,"元大證券股份有限公司","(02)25865859","106045台北市大安區敦化南路二段67號地下一樓","安侯建業聯合會計師事務所","黃采絹","黃柏淑","DIMERCO","11/12F, No.160, Min Chuan East Rd., Sec 6　Taipei, Taiwan","(02)27927052","jack_ruan@dimerco.com","http://www.dimerco.com","阮耀樟","對外投資關係副總裁","02-27963660","Jack_ruan@dimerco.com","https://tw.dimerco.com/investor-information/","https://tw.dimerco.com/investor-information/corporate-governance/"
"5701","劍湖山世界股份有限公司","劍湖山","觀光餐旅","－","雲林縣古坑鄉永光村大湖口六十七號","	22265047","尤義賢","曾慶欑","曾慶欑","總經理","林美草","05-5825789","1986/08/07","1998/03/12",新台幣                 10.0000元,1430000000,143000000,52517287,0,合併,每年,股東會,"群益金鼎證券股份有限公司","02-27023999","台北市敦化南路二段九十七號地下二樓","國富浩華聯合會計師事務所","黃鈴雯","李國銘","JFS","67 TA-HU-KOU,YONG-KWANG VILLAGE,KOO-KUNG HSIANG,YUNELIN HSIEN,TAIWAN,R.O.C.","05-5825781","customer@mail.janfusun.com.tw","http://www.janfusun.com.tw","林鳳雯","股務","05-5825789","f001103@mail.janfusun.com.tw","http://www.janfusun.com.tw","－"
"5703","亞都麗緻大飯店股份有限公司","亞都麗緻","觀光餐旅","－","台北市中山區民權東路二段41號","	12144501","周永裕","徐宜寧","蔡逸文","集團財務會計協理","許馨容","0225971234","1977/05/25","1999/06/15",新台幣                 10.0000元,702395940,70239594,0,0,合併,每年,董事會,"凱基證券股份有限公司","0223892999","台北市中正區重慶南路一段2號5樓","國富浩華聯合會計師事務所","陳桂美","邱繼盛","Landis Taipei　","41, MIN CHUAN EAST ROAD.,SEC. 2,　TAIPEI, TAIWAN,104, R.O.C.　","0225969223","lsc@landisgroup.com.tw","http://taipei.landishotelsresorts.com/chinese-trad","蔡逸文","集團財務會計協理","0277352366","Anderson.iwtsai@landisgroup.com.tw","https://taipei.landishotelsresorts.com/chinese-trad/about.php?id=33","https://taipei.landishotelsresorts.com/chinese-trad/about.php"
"5704","知本老爺大酒店股份有限公司","老爺知","觀光餐旅","－","台東縣卑南鄉溫泉村龍泉路113巷23號","	23637974","廖年祈","劉祖寧","盧炳宏","財務長","傅麗香","089510666","1992/11/29","1999/12/21",新台幣                 10.0000元,388616580,38861658,0,0,個別,每年,董事會,"台新證券股務代理部","0225048125","台北市中山區10409建國北路一段96號B1","資誠聯合會計師事務所","阮呂曼玉","林雅慧","Chihpen Royal","No.23,Lane 113,Long Chuien Rd.Wen Chuien Village,Peinan Hsiang 　　Taitung Taiwan,R.O.C　","089511811","jacky.lu@cp.hotelroyal.com.tw","http://www.hotelroyal.com.tw/chihpen/","盧炳宏","財務長","089510680分機830","jacky.lu@cp.hotelroyal.com.tw","http://www.hotelroyal.com.tw/chihpen/investors.aspx?NO=169","https://www.hotelroyal.com.tw/zh-tw/chihpen/about/Investors"
"5864","致和證券股份有限公司","致和證","金融業","－","台南市北區西門路三段十號","	23530683","王文促","潘嬅蓁","王文促","董事長","潘嬅蓁","06-2219777","1989/11/04","2018/04/02",新台幣                 10.0000元,4544955720,454495572,0,0,個別,每年,股東會,"統一綜合證券股份有限公司","02-27463797","台北市松山區東興路八號地下一樓","正風聯合會計師事務所","曾國富","曾文誠","　CIS　","　10,SEC 3,SHI-MAN RD,　　　TAINAN  TAIWAN","06-2286201","mis@jyhher.com.tw","www.wintan.com.tw","潘嬅蓁","總經理","06-2219777#885","jen23565@ms72.hinet.net","www.wintan.com.tw","https://www.wintan.com.tw"
"5878","台名保險經紀人股份有限公司","台名","金融業","－","臺北市館前路49號11樓","	80287239","李正之","黃俊憲","黃俊憲","總經理","楊淑芬","(02)5558-5988","2002/10/18","2014/10/28",新台幣                 10.0000元,250243030,25024303,0,0,合併,每年,董事會,"國票綜合證券(股)公司股務代理部","(02)2528-8988","台北市松山區南京東路五段188號15樓","勤業眾信聯合會計師事務所","馬偉峻","徐文亞","TABC","11F.,No.49,Guanqian Rd.Taipei City,Taiwan,R.O.C","(02)5558-2666","tabc5878@tabc.com.tw","http://www.tabc.com.tw","黃俊憲","總經理","(02)5558-5988","tabc5878@tabc.com.tw","https://www.tabc.com.tw/investors.aspx?ID=48","https://www.tabc.com.tw/investors.aspx?ID=43"
"5902","德記洋行股份有限公司","德記","居家生活","－","臺南市永康區中正路301號","	22358925","黃瑞典","孫名通","許娟娟","協理","孫名通","(06)253-6789","1987/02/05","1998/02/07",新台幣                 10.0000元,945000000,94500000,0,0,合併,每年,股東會,"統一證券股務代理部","(02)-27478266","105台北市松山區東興路8號B1樓","資誠聯合會計師事務所","徐惠榆","葉芳婷","Tait","No.301, Zhongzheng Rd., Yongkang Dist.,Tainan City 71001, Taiwan (R.O.C.)","(06)243-5723","jane-hsu@taitnet.com.tw","http://www.tait.com.tw?@?@","許娟娟","協理","0972-818-760","jane-hsu@taitnet.com.tw","https://www.tait.com.tw/tw/investors/stakeholder.aspx","https://www.tait.com.tw/tw/investors/stakeholder.aspx"
"5903","全家便利商店股份有限公司","全家","居家生活","－","台北市中山北路二段61號7樓","	23060248","葉榮廷","薛東都","吳勝福","執行副總經理","黃君毅","(02)2523-9588","1988/08/18","2002/02/25",新台幣                 10.0000元,2232200000,223220000,0,0,合併,每年,董事會,"永豐金證券(股)公司股務代理部","(02)2381-6288","台北市中正區博愛路17號3樓","資誠聯合會計師事務所","蔡亦臺","張志安","FamilyMart　　","7F.,No.61,Section2,Chung-Shan N.Road.　　Taipei,Taiwan,R.O.C　　","(02)2523-9599","service@family.com.tw","www.family.com.tw","潘怡君","襄理","02-25239588分機6240","investor.relations@family.com.tw","https://www.family.com.tw/web_enterprise/page/contact_us.aspx","https://www.family.com.tw/Web_EnterPrise/page/coporate.aspx"
"5904","寶雅國際股份有限公司","寶雅","居家生活","－","台南市民族路三段74號","	97151664","陳建造","陳宗成","沈鴻猷","財會處副總經理","莊雯婷","06-2411000","1997/03/12","2002/09/06",新台幣                 10.0000元,1064438260,106443826,0,0,個別,每年,董事會,"華南永昌綜合證券股份有限公司","(02)2718-6425","台北市民生東路四段54號4樓","資誠聯合會計師事務所","徐惠榆","葉芳婷","Poya　　","No. 74, Sec. 3, Minzu Rd. West Central Dist.　Tainan,Taiwan R.O.C 　　","06-2246868","fin888@poya.com.tw","www.poya.com.tw","沈鴻猷","財會處副總經理","06-2411000","fin888@poya.com.tw","www.poya.com.tw","https://www.poya.com.tw/investor/corporate-governance"
"5905","南仁湖育樂股份有限公司","南仁湖","觀光餐旅","－","高雄市苓雅區光華一路206號21樓之2","	23524280","鄭宜芳","何曉光","何曉光","總經理","朱碧蓮","07-2247799","1989/11/21","2003/06/17",新台幣                 10.0000元,2816232350,281623235,0,0,合併,每年,董事會,"兆豐證券股份有限公司","02-33930898","台北市忠孝東路二段95號1樓","資誠聯合會計師事務所","林秀珊","吳建志","NRL","21F-2,No.206,guanghua 1 st Rd.Lingya dist, Kaohsiung, TAIWAN","07-2248787","koun@kentington.com.tw","http://www.nanrenhu.com.tw/","何曉光","總經理","07-2247799","skyho@kentington.com.tw","http://www.nanrenhu.com.tw/index.php?controller=investor","https://www.nanrenhu.com.tw/index.php?controller=investor"
"6015","宏遠證券股份有限公司","宏遠證","金融業","－","台北市信義路四段236號3至5樓及7樓","	03027502","姜克勤","林禎民","廖宏彬","執行副總經理","姜遠誠","27008899","1961/12/08","1996/07/25",新台幣                 10.0000元,3915816820,391581682,0,0,合併,每年,董事會,"宏遠證券股務代理部","77198899","台北市信義路四段236號3樓","安永聯合會計師事務所","馬君廷","林世寰","HORIZON Sec.","3-5F & 7F., No. 236,  Sec. 4, Hsin-I  Rd.Taipei, Taiwan 106, R.O.C","27001308","spokesman@honsec.com.tw","http://www.honsec.com.tw","廖宏彬","執行副總經理","66360223","spokesman@honsec.com.tw","https://www.honsec.com.tw/about/","https://www.honsec.com.tw/about/?l=3&id=25"
"6016","康和綜合證券股份有限公司","康和證","金融業","－","臺北市基隆路1段176號B1、9樓部分、10樓部分、14樓部分、15樓","	23824511","鄭大宇","陳志豪","康景泰","執行副總經理","守寍寍","87871888","1990/07/25","1996/12/04",新台幣                 10.0000元,6865955080,686595508,0,0,合併,每年,股東會,"福邦證券(股)公司股務代理部","(02)2371-1658","台北市中正區忠孝西路１段６號６樓","勤業眾信聯合會計師事務所","張正修","黃秀椿","concords　　","B1.B2,NO.176,SEC.1,KEELUNG  RD.,TAIPEI , TAIWAN , R.O.C","87871559","eileen.shou@concords.com.tw","https://www.concords.com.tw","守寍寍","協理","87871888#873","eileen.shou@concords.com.tw","https://www.concords.com.tw/home/PDefault.htm","https://www.concords.com.tw/about/Company/bod.htm?mnu=03&submnu=01"
"6020","大展證券股份有限公司","大展證","金融業","－","台北市大同區承德路一段17號17樓","	22955802","李玉萍","李俊龍","曾煥祥","協理","溫馥榕","25551234","1988/06/17","2003/01/23",新台幣                 10.0000元,2523531540,252353154,0,0,合併,每年,董事會,"兆豐證券股份有限公司","02-3393-0898","台北市忠孝東路二段95號一樓","安永聯合會計師事務所","劉榮進","楊弘斌","TACHAN","17FL., NO.17, SEC.1,Chengde  Rd.,Datong Dist.,TAIPEI TAIWAN R.O.C.","25554200","service@mail.tachan.com.tw","www.tachan.com.tw","曾煥祥","協理","02-25551234(300)","julian@mail1.tachan.com.tw","https://www.tachan.com.tw/stakeholder","https://www.tachan.com.tw/corpgovernance"
"6021","美好證券股份有限公司","美好證","金融業","－","臺北市民生東路二段一七四、一七六號四樓","	22957098","黃谷涵","莊達修","陳以白","副總經理","郭霖","25084888","1988/07/07","2003/04/21",新台幣                 10.0000元,3123909740,312390974,0,0,合併,每半會計年度,董事會,"中國信託股務代理部","02-66365566","台北市重慶南路一段八三號五樓","勤業眾信聯合會計師事務所","吳鈞麟","陳培德","GOOD FINANCE","4TH FLOOR, NO. 176, SEC. 2,MIN-SHENG EAST ROADTAIPEI, TAIWAN, R. O. C.","25066545","service@goodfinance.com","www.goodfinance.com","陳以白","副總經理","25084888","davidyb.chen@goodfinance.com","www.goodfinance.com","https://goodfinance.com/about/holdings-corp-intro-board-of-directors"
"6023","元大期貨股份有限公司","元大期貨","金融業","－","台北市中山區南京東路2段77號2樓(部分)、3樓、4樓、5樓","	97179282","林添富","高毅瑞","袁良慧","資深副總經理","高毅瑞","2717-6000","1997/04/09","2007/11/28",新台幣                 10.0000元,3199762880,319976288,0,0,合併,每年,股東會,"元大證券股務代理部","(02)2586-5859","106臺北市大安區敦化南路2段67號地下一樓","資誠聯合會計師事務所","郭柏如","張家荃","Yuanta Futures","Part of 2F, and 3F & 4F& 5F., No.77, Sec. 2, Nanjing E. Rd., Zhongshan DistTaipei 104, Taiwan R.O.C.　","2546-0497","futures@yuanta.com","http://www.yuantafutures.com.tw/","陳敬仁","執行副總經理","2717-6000","YF_BOD@yuanta.com","http://www.yuantafutures.com.tw/website/investors_01","－"
"6026","福邦證券股份有限公司","福邦證","金融業","－","台北市忠孝西路1段6號5、6、7樓","	23471214","黃炳鈞","陳松正","朱室澄","協理","陳松正","23836888","1989/09/05","2016/01/27",新台幣                 10.0000元,3961618410,396161841,0,0,合併,每年,董事會,"康和證券集團股務代理部","02-8787-1118","台北市信義區基隆路一段176號B1","勤業眾信會計師事務所","謝建新","陳薔旬","GFS","5.6.7F., No.6, Sec. 1, Zhongxiao W. Rd.,Taipei, Taiwan　　","23836800","trade@mail.gfortune.com.tw","www.gfortune.com.tw","朱室澄","財務協理","02-23836890","chuscheng@mail.gfortune.com.tw","http://www.gfortune.com.tw/stakeholders/stakeholders_001.asp","https://www.gfortune.com.tw/Static/ESG/ESGHome.html"
"6101","寬魚國際股份有限公司","寬魚國際","文化創意業","－","台北市大安區復興南路二段268號12樓","	23466893","邱漢中","邱漢中","莊偉民","財務處處長","李志展","(02)87322999","1989/10/26","2001/03/29",新台幣                 10.0000元,1146183710,114618371,56595521,0,合併,每年,董事會,"國票綜合證券(股)公司股務代理部","(02)2528-8988","台北市松山區南京東路五段188號15樓","資誠聯合會計師事務所","涂展源","邱昭賢","KIC","12F., No.268, Sec. 2, Fusing S. Rd., Da’an Dist.Taipei City 106, Taiwan (R.O.C.)","(02)27368788","byron@kwans.com.tw","https://www.kwans.com.tw","張欣玉","股務","(02)87322999#213","cary@kwans.com.tw","https://www.kwans.com.tw","https://www.kwans.com.tw"
"6103","合邦電子股份有限公司","合邦","半導體業","－","新竹巿科學工業園區園區二路11號8樓","	84149569","柯拔希","林逸洲","林逸洲","總經理","陳天任","(03)579-5222","1996/01/22","2001/05/07",新台幣                 10.0000元,136048910,13604891,12604493,0,合併,每年,股東會,"元大證券股份有限公司","(02)25863117","臺北市大安區敦化南路2段67號地下一樓","聯捷聯合會計師事務所","邱雲超","黃珮樺","AVID","8F, NO.11, PARK AVE. RD. II, SCIENCE-BASED INDUSTRIAL PARKHSIN CHU, TAIWAN, R.O.C.","(03)578-7789","sso@avid.com.tw","http://www.avid.com.tw","林逸洲","總經理","(03)579-5222","sso@avid.com.tw","http://www.avid.com.tw","https://avid.com.tw/investor.php?lang=#investor12"
"6104","創惟科技股份有限公司","創惟","半導體業","－","新北市新店區北新路三段205號13樓","	97435451","王國肇","王國肇","汪立威","營運處副總經理","王惠美","(02)8913-1888","1997/04/02","2001/05/22",新台幣                 10.0000元,911271070,91127107,0,0,合併,每年,董事會,"中國信託商業銀行代理部","(02)6636-5566","台北市重慶南路一段83號5樓","安侯建業聯合會計師事務所","黃泳華","余聖河","　　GLI","13F., No.205, Sec.3,Beixin Rd.,Xindian Dist., New Taipei City,Taiwan","(02)6629-8555","IR@genesyslogic.com.tw","www.genesyslogic.com","汪立威","營運處副總經理","(02)8913-1888#1998","IR@genesyslogic.com.tw","http://www.genesyslogic.com.tw/investors_relationship.php","https://www.genesyslogic.com.tw/investors.php"
"6109","亞元科技股份有限公司","亞元","通信網路業","－","台北市大安區基隆路四段43號研揚大樓7樓","	23727428","莊永順","游偉煌","游偉煌","總經理","黃秋芬","02-23770282","1990/04/06","2001/07/26",新台幣                 10.0000元,678254140,67825414,0,0,合併,每年,董事會,"台新證券股務代理部","02-2504-8125","104台北市建國北路一段96號地下一樓","大中國際聯合會計師事務所","林月霞","施文婉","AtechOEM","7F,AAEON Building, No.43,Sec.4,Keelung Rd., Taipei City 10607,Taiwan R.O.CTaipei,Taiwan","02-23770283","Rogeryu@atechoem.com","www.atechoem.com","游偉煌","總經理","02-23770282","Rogeryu@atechoem.com","www.atechoem.com","https://irs.atechoem.com"
"6111","光聚晶電聯合股份有限公司","光聚晶電","文化創意業","－","台北市大安區敦化南路2段11巷8號7樓","	16612907","&#20931;俊光","陳瑤恬","莊仁川","財務長暨副總經理","謝淑津","02-27226266","1998/08/03","2001/08/08",新台幣                 10.0000元,1090910510,109091051,0,0,合併,每年,股東會,"元大證券股務代理部","02-25865859","台北市大安區敦化南路2段67號地下一樓","安永聯合會計師事務所","呂倩雯","王慕凡","SFG","7F., No. 8, Ln. 11, Sec. 2, Dunhua S. Rd., Da’an Dist.Taipei City 106, Taiwan, R.O.C.","02-27292066","otc@starfusion.com.tw","https://starfusion.com.tw/tw/","莊仁川","財務長暨副總經理","27226266","danny_chuang@starfusion.com.tw","https://starfusion.com.tw/tw/","－"
"6113","亞矽科技股份有限公司","亞矽","電子通路業","－","台北市內湖區洲子街58號7樓","	22033899","蔡伯宜","蔡伯宜","郭芳美","公司治理主管","金諭","(02)87525858","1986/04/04","2001/08/10",新台幣                 10.0000元,525494550,52549455,0,0,合併,每年,董事會,"凱基證券股份有限公司","(02)23892999","台北市重慶南路一段2號5樓","安侯建業聯合會計師事務所","傅泓文","洪士剛","ASEC","7F., No. 58, Jhouzih St.,Neihu District, Taipei, Taiwan, R.O.C.","(02)87525868","asec@asec.com.tw","https://www.asec.com.tw","郭芳美","公司治理主管","(02)87525858","DaraKuo@asec.com.tw","https://www.asec.com.tw/investor/Stakeholder/","https://www.asec.com.tw/governance/40/"
"6114","久威國際股份有限公司","久威","電子零組件業","－","台北市內湖區陽光街365巷39號3樓","	43880075","湯慧芳","湯慧芳","林金樟","財務部經理","張美慧","(02)26577675","1982/07/01","2001/09/27",新台幣                 10.0000元,439119370,43911937,9758207,0,合併,每年,股東會,"凱基證券(股)公司股務代理部","(02)2389-2999","台北市中正區重慶南路一段號5樓","資誠聯合會計師事務所","李秀玲","徐明釧","JUIC","3F., No.39, Ln. 365, Yangguang St., Neihu Dist., Taipei City 114Taipei City , Taiwan, R.O.C.　","(02)26577786","investor@juic.com.tw","http://www.juic.com.tw","林金樟","財務部經理","(02)26577675","swiss.lin@juic.com.tw","http://www.juic.com.tw","－"
"6118","建達國際股份有限公司","建達","電子通路業","－","新北市新店區中正路531號5樓","	89621848","王雪紅","陳文康","黃馴龍","執行副總","林彩蓉","(02)22191600","1995/11/01","2001/10/25",新台幣                 10.0000元,908895730,90889573,0,0,合併,每年,股東會,"中國信託商業銀行代理部","(02)66365566","台北市重慶南路一段83號6樓","勤業眾信聯合會計師事務所","曾建銘","徐文亞","Xander　　","5F., No.531, Zhongzheng Rd.,Xindian Dist.,New Taipei City 231, Taiwan(R.O.C.)","(02)22191605","Andy_Huang@xander.com.tw","https://www.xander.com.tw","黃馴龍","執行副總","(02)22191600","Andy_Huang@xander.com.tw","https://www.xander.com.tw","https://www.xander.com.tw"
"6121","新普科技股份有限公司","新普","電腦及週邊設備業","－","新竹縣湖口鄉八德路二段471號","	86620351","宋福祥","宋福祥","魏靖文","副總","周麗滿","03-5695920","1992/04/16","2001/11/27",新台幣                 10.0000元,1849705190,184970519,0,0,合併,每半會計年度,董事會,"台新綜合證券股務代理部","02-25048125","台北巿建國北路一段96號地下B1","勤業眾信聯合會計師事務所","方蘇立","林政治","SMP　","NO.471 SEC.2 BADE RD., HUKOU TOWNSHIPHSINCHU COUNTY 30348, TAIWAN(R.O.C.)","03-5695931","Jeanie_Wei@simplo.com.tw","www.simplo.com.tw","魏靖文","副總","03-5695920","Jeanie_Wei@simplo.com.tw","www.simplo.com.tw","www.simplo.com.tw"
"6122","擎邦國際科技工程股份有限公司","擎邦","電機機械","－","台北市內湖區瑞光路210號5樓","	05114306","洪健峰","張明燦","許錦碧","副總經理","駱素蓮","8751-0858","1982/08/21","2000/07/14",新台幣                 10.0000元,780916320,78091632,0,0,合併,每年,董事會,"富邦綜合證券股份有限公司代理部","2361-1300","台北市中正區許昌街17號11樓","安侯建業聯合會計師事務所","唐嘉鍵","陳雅琳","KPEC　　","5th floor, 210, Ruiguang Rd., Neihu DistTaipei, Taiwan","8751-2407","kacct@kpec.com.tw","www.kpec.com.tw","許錦碧","副總經理","(02)8751-0858","kacct@kpec.com.tw","www.kpec.com.tw","www.kpec.com.tw/?q=tw/investor/t21"
"6123","上奇科技股份有限公司","上奇","資訊服務業","－","台北市內湖區瑞光路76巷33號3樓","	86162989","許承強","魏茂發","魏茂發","總經理","缺額待補","02-87923001","1991/07/27","2002/01/23",新台幣                 10.0000元,620894300,62089430,0,0,合併,每季,董事會,"元大證券股份有限公司","(02)25865859","106045 台北市大安區敦化南路2段67號地下一樓","安永聯合會計師事務所","許新民","余倩如","GrandTech 　","3F,No.33,Lane 76,Rui Guang Rd.Taipei, R.O.C.　","02-87923002","PR@grandtech.com","www.grandtech.com","缺額待補","缺額待補","(02) 8792-3001","IR@grandtech.com","www.grandtech.com","－"
"6124","業強科技股份有限公司","業強","電子零組件業","－","(115)臺北市南港區三重路１９-１３號７樓","	84900878","王台光","王台光","鄭文豪","財會處協理","鄭文豪","(02)2655-1166","1994/12/23","2002/03/19",新台幣                 10.0000元,1824799450,182479945,0,0,合併,每年,股東會,"凱基證券股份有限公司","(02)2389-2999","台北市重慶南路1段2號5樓","安侯建業聯合會計師事務所","陳政學","吳俊源","YCTC","7F., NO.19-13, SANCHONG RD., NANGANG DIST., TAIPEI CITY 115, TAIWAN (R.O.C.)Taipei City , Taiwan (R.O.C)","(02)2655-1100","Wenhow_Cheng@yctc.com.tw","https://cht.yctc.com.tw","鄭文豪","財會處協理","(02)2655-1166","Wenhow_Cheng@yctc.com.tw","http://www.yctc.com.tw/Contact%20Us.htm","https://cht.yctc.com.tw/autopage/2/81"
"6125","廣運機械工程股份有限公司","廣運","光電業","－","新北市瑞芳區頂坪路瑞芳工業區69號","	04757891","謝明凱","柯智鈞","沈麗娟","總經理","邱敏華","(02)2786-3797","1976/07/12","2002/01/23",新台幣                 10.0000元,2590111500,259011150,0,0,合併,每年,董事會,"統一綜合證券股份有限公司","(02)2746-3797","台北市東興路8號","勤業眾信聯合會計師事務所","蔡宗遠","尤盟貴","KENMEC　","No. 69, Ting Ping Rd., Juifang Industrial Zone,Taipei Hsien, Taiwan,  R.O.C.　　","(02)2788-9785","ken@kenmec.com","http://www.kenmec.com","沈麗娟","總經理","(02)2786-3797","kenmec@kenmec.com","http://www.kenmec.com/tw/Stakeholder.aspx","https://www.kenmec.com/tw/investor06-2.aspx"
"6126","信音企業股份有限公司","信音","電子零組件業","－","新竹縣湖口鄉中正路二段209號","	47122187","甘信男","楊政綱","胡瑞珍","財務總處副總經理","史天山","(03)5992862","1976/08/25","2002/01/18",新台幣                 10.0000元,1278269060,127826906,0,0,合併,每年,董事會,"富邦綜合證券股份有限公司","(02)2361-1300","台北市100中正區許昌街17號11樓","安永聯合會計師事務所","林政緯","張志銘","SINGATRON　","NO.209.  SECTION 2. CHUNG-CHEN ROAD. HU-KOU HSIANG 　　HSINCHU. TAIWAN R.O.C　　","(03)5995601","investment@singatron.com.tw","www.singatron.com.tw","胡瑞珍","財務總處副總經理","03-5992862*252","amy-hu@singatron.com.tw","http://www.singatron.com.tw/s/1/quality.html","https://www.singatron.com.tw/zh-tw/a4-11237/"
"6127","九豪精密陶瓷股份有限公司","九豪","電子零組件業","－","桃園市平鎮區平東路一段160號","	86412635","陳清金","陳雋廷","陳永倉","財務長","施旼秀","(03)450-7531","1991/12/02","2002/01/10",新台幣                 10.0000元,1080797510,108079751,0,0,合併,每年,股東會,"福邦證券股份有限公司","(02)2371-1658","台北市中正區忠孝西路一段6號6樓","勤業眾信聯合會計師事務所","徐文亞","王攀發","LEATEC　","NO.160,  SEC.  1,  PING-TUNG  RD.,  PING-JEN  CITY,　　TAOYUAN  HSIEN,  TAIWAN,  R.O.C.　","(03)450-7070","public@leatec.com","www.leatec.com","陳永倉","財務長","(03)450-7531ext5200","france.chen@leatec.com","https://www.leatec.com/zh/Interestedparty.html#interested03","－"
"6129","普誠科技股份有限公司","普誠","半導體業","－","新北市新店區寶橋路233-1號2樓","	22050539","姜長安","李國維","胡玉珍","董事長室協理","趙其琳","02-66296288","1986/05/15","2001/12/25",新台幣                 10.0000元,1809436750,180943675,0,0,合併,每年,股東會,"凱基證券股份有限公司股務代理部","02-23892999","台北市重慶南路一段2號5F","國富浩華聯合會計師事務所","吳孟達","潘金樹","PTC　　","2F, No. 233-1, Baociao Road.,Sindian, Taipei, Taiwan, R.O.C.","02-29160050","jade@princeton.com.tw","http://www.princeton.com.tw","胡玉珍","董事長室協理","02-29162151-25233","jade@princeton.com.tw","http://www.princeton.com.tw/zh-tw/§????H?A°?/???q?v?z/§Q?`???Y?H±M°?.aspx","https://www.princeton.com.tw/%E4%BC%81%E6%A5%AD%E7%A4%BE%E6%9C%83%E8%B2%AC%E4%BB%BB/%E5%85%AC%E5%8F%"
"6130","上亞科技股份有限公司","上亞科技","生技醫療業","－","臺北市內湖區行愛路77巷63號6樓","	84659035","黃謙騤","蔡中和","蔡侑潭","執行長","鄭至閔","02-27132100","1994/01/07","2002/03/26",新台幣                 10.0000元,443000000,44300000,9300000,0,合併,每年,股東會,"永豐金證券股份有限公司","(02)2381-6288","台北市博愛路17號3樓","國富浩華聯合會計師事務所","王戊昌","陳桂美","SHANGYA","6 F., No. 63, Ln. 77, Xing'ai Rd., Neihu Dist.,Taipei City 114731, Taiwan (R.O.C.)","02-27132101","contact@genomeib.com","https://www.singbao.com/","曾瑩瑰","財務長","02-27132100","contact@genomeib.com","https://www.singbao.com/??·~?????d??/§Q?`???Y?H±M°?/","https://www.singbao.com/§????H±M°?/???q?v?z/????·|/"
"6134","萬旭電業股份有限公司","萬旭","電子零組件業","－","新北市五股區工業區五工六路72號3樓","	22522622","張程欽","張程欽","李秉哲","常務副總","朱紋儀","(02)2298-8066","1987/06/04","2002/01/08",新台幣                 10.0000元,818821170,81882117,5000000,0,合併,每年,董事會,"中國信託商業銀行代理部","(02)6636-5566","台北市中正區重慶南路一段83號5樓","資誠聯合會計師事務所","林柏全","王菘澤","WanShih","3F 72 Wu Kong 6th Rd., Wu Ku Industrial DistrictNew Taipei City, Taiwan, ROC.　　","(02)2298-8131","vicky.chu@wanshih.com","www.wanshih.com.tw","朱紋儀","財務主管","02-22988066","vicky.chu@wanshih.com","www.wanshih.com.tw/list/stakeholder-contact-window.htm","https://www.wanshih.com.tw/list/corporate-social-responsibility.htm"
"6138","茂達電子股份有限公司","茂達","半導體業","－","新竹科學園區新竹市篤行一路6號","	16252902","王志信","盛剛","王志信","董事長暨執行長","盛剛","(03)5642000","1997/10/24","2002/01/18",新台幣                 10.0000元,752760000,75276000,0,0,合併,每年,董事會,"元富證券股份有限公司","(02)27686668","台北市松山區光復北路11巷35號地下一樓","資誠聯合會計師事務所","白淑蒨","蔡欣怡","ANPEC","No. 6 Dusing 1St Rd., SBIPHsin-Chu,Taiwan,R.O.C.","(03)5642050","IR@anpec.com.tw","https://www.anpec.com.tw","林鈺茹","副理","(03)5642000","investor@anpec.com.tw","https://www.esg.anpec.com.tw/investors/article-detail/Stakeholders/","https://www.esg.anpec.com.tw/investors/link/Corporate_Governance/"
"6140","訊達電腦股份有限公司","訊達電腦","資訊服務業","－","台北市中山區建國北路二段147號2樓","	30990747","一智投資股份有限公司","蘇文宗","潘薇馨","處經理","莊博勝","02-2501-5568","1982/11/08","2002/02/04",新台幣                 10.0000元,548977600,54897760,0,0,合併,每年,股東會,"群益金鼎證券股份有限公司","02-27023999","台北市敦化南路二段97號地下二樓","安永聯合會計師事務所","林素雯","王慕凡","DIMENSION","2F, No.147,Sec. 2,Jianguo N. Rd.,TAIPEI, 104, TAIWAN, ROC　","02-2505-5134","vivienne_pan@dimension.com.tw","www.dimension.com.tw","潘薇馨","處經理","02-25015568","vivienne_pan@dimension.com.tw","www.dimension.com.tw","－"
"6143","振曜科技股份有限公司","振曜","通信網路業","－","新竹縣竹北市博愛街945號","	16084080","宗緒福","呂信勇","黃子瑋","副總經理","張書豪","(03)5535565","1997/06/06","2002/01/28",新台幣                 10.0000元,860588970,86058897,0,0,合併,每年,董事會,"元大證券股務代理部","(02)25865859","臺北市大安區敦化南路2段67號地下一樓","安侯建業聯合會計師事務所","黃海寧","鄭安志","NETRONIX,INC.","No. 945, Boai St.,Jubei City, Hsinchu, 302, Taiwan,R.O.C","(03)5535552","pr@netronixinc.com","www.netronixinc.com","黃子瑋","副總經理","(03)5535565","pr@netronixinc.com","http://www.netronixinc.com/investors_D_01.html","https://www.netronixinc.com/investors_B.html"
"6144","得利影視股份有限公司","得利影","文化創意業","－","台北市民權西路53號10樓","	89398566","吳昭弘","楊愛麗","楊愛麗","總經理","單慧梅","25962866","1995/07/19","2002/01/23",新台幣                 10.0000元,382737010,38273701,21682128,0,個別,每年,股東會,"國票綜合證券(股)公司股務代理部","(02)2528-8988","台北市松山區南京東路五段188號15樓","資誠聯合會計師事務所","王菘澤","楊蕙慈","DMT","10F, 53, Ming Chuan W. Rd.Taipei, 104 Taiwan","25964829","alice-yang@deltamac.com.tw","www.deltamac.com.tw","楊愛麗","總經理","25962866-607","Alice-Yang@deltamac.com.tw","http://www.deltamac.com.tw/index.php?option=com_content&view=article&id=44&Itemid=35","－"
"6146","耕興股份有限公司","耕興","其他電子業","－","新北市汐止區新台五路一段一０六號六樓","	97491093","黃文亮","黃文亮","潘鳳雯","財務部協理","周煒哲","(02)26962468","1997/05/01","2002/01/23",新台幣                 10.0000元,1018671990,101867199,0,0,合併,每年,股東會,"凱基證券股份有限公司","(02)23892999","台北市重慶南路一段二號五樓","勤業眾信聯合會計師事務所","黃毅民","謝明忠","SPORTON　　","6F, No.106, Hsin Tai Wu Rd., Sec.1, Hsi-Chih,Taipei,Taiwan.　　Hsi-Chih,Taipei,Taiwan.","(02)26962255","gracepan@sporton.com.tw","www.sporton.com.tw","周煒哲","總經理室特別助理","(02)26962468 #330","DavidChou@sporton.com.tw","https://www.sporton.com.tw/page.aspx?uid=167","https://www.sporton.com.tw/page.aspx?uid=155"
"6147","頎邦科技股份有限公司","頎邦","半導體業","－","新竹市新竹科學園區力行五路三號","	16130009","吳非艱","施政宏","羅世蔚","財務長","田景渝","(03)567-8788","1997/07/02","2002/01/31",新台幣                 10.0000元,7445935390,744593539,0,0,合併,每年,董事會,"元大證券股份有限公司","(02)25865859","106臺北市大安區敦化南路2段67號地下一樓","資誠聯合會計師事務所","謝智政","王國華","CHIPBOND　","　　No 3,Li Hsin 5 Rd.,Science-Based Industrial Park　　Hsinchu,Taiwan,R.O.C.","(03)563-8998","carolt@chipbond.com.tw","www.chipbond.com.tw","鄭凱元","資深專業經理","035678788#26147","alancheng@chipbond.com.tw","https://www.chipbond.com.tw/zh-tw/esgpage/stakeholders-engagement","https://www.chipbond.com.tw/zh-tw/ir_page/board-of-directors"
"6148","驊宏資通股份有限公司","驊宏資","資訊服務業","－","台北市中正區北平東路30號5樓","	86468118","皮卡比熊股份有限公司","廖文鐸","高郁芬","公司治理主管","王彥淩","(02)2356-3996","1991/12/27","2002/02/01",新台幣                 10.0000元,466037570,46603757,0,0,合併,每季,董事會,"群益金鼎證券(股)公司股務代理部","(02)2703-5000","台北市敦化南路二段97號B2","勤業眾信聯合會計師事務所","姚勝雄","褚世蘭","AZION","5F., No.30, Beiping E. Rd., Jhongjheng District,Taipei City 100, Taiwan (R.O.C.)","(02)2356-3995","ir@azion.com.tw","www.azion.com.tw","高郁芬","發言人","02-23563996#1006","ir@azion.com.tw","www.azion.com.tw","https://www.azion.com.tw/page/124"
"6150","撼訊科技股份有限公司","撼訊","電腦及週邊設備業","－","新北市汐止區新台五路一段79號7樓之7","	16238655","張茂松","陳劍威","周忠信","總經理特助","謝文碧","86983000","1997/10/08","2002/03/11",新台幣                 10.0000元,483459850,48345985,0,0,合併,每年,股東會,"富邦綜合證券股務代理部","23611300","台北市許昌街17號11樓","勤業眾信聯合會計師事務所","邱盟捷","張青霞","Tul","7F-7, No.79, Hsin Tai Wu Rd. Sec. 1,HsiChih Dist,NEW TAIPEI CITY, TAIWAN 221, R.O.C.","(02)86983456","invest@tul.com.tw","www.tul.com.tw","周忠信","總經理特助","86983000-8232","charles_chou@tul.com.tw","https://www.tul.com.tw/tw/Stakeholder","https://www.tul.com.tw/tw/CorporateGovernance/Organization"
"6151","晉倫科技股份有限公司","晉倫","其他電子業","－","桃園市大園區南港里11鄰長發路250號","	12390496","鐘春重","陳原振","簡嘉毅","經理","陳萬得","(03)386-8820","1982/07/15","2002/02/25",新台幣                 10.0000元,552573000,55257300,0,0,合併,每年,董事會,"統一綜合證券股份有限公司","(02)2746-3797","台北市松山區東興路8號B1樓","正風聯合會計師事務所","吳欣亮","黃健瑋","GINAR　　","NO. 250, CHANGFA RD, NANGANG VIL, DAYUAN  DIST,TAOYUAN CITY, TAIWAN, R.O.C.　　","(03)386-3587","ginar@ginar.com.tw","www.ginar.com.tw","簡嘉毅","經理","(03)386-8820","eric@ginar.com.tw","www.ginar.com.tw","－"
"6154","順發電腦股份有限公司","順發","電子通路業","－","高雄市807三民區建國二路2號","	89743949","吳錦昌","黃柏峰","楊佳芳","財務部經理","黃柏峰","(07)2366221","1995/12/21","2002/02/18",新台幣                 10.0000元,800800000,80080000,0,0,合併,每年,股東會,"華南永昌綜合證券股份有限公司","(02)27186425","台北市105民生東路四段54號4樓","安侯建業聯合會計師事務所","許振隆","陳永祥","Sunfar","No.2, Jianguo 2nd Rd., Sanmin Dist.,Kaohsiung,Taiwan,R.O.C.　","(07)2365669","11228@sunfar.com.tw","http://www.sunfar.com.tw","楊佳芳","財務部經理","(07)2366221#321","11228@sunfar.com.tw","https://www.sunfar.com.tw/finance/organization.aspx","https://www.sunfar.com.tw/finance/organization.aspx"
"6156","松上電子股份有限公司","松上","電子零組件業","－","新北市土城區忠承路117號4樓","	22944019","包仁志","陳添富","徐丸杏","財務長","蔡蕙竹","02-22686867","1988/06/13","2002/02/19",新台幣                 10.0000元,1078750100,107875010,16000000,0,合併,每年,股東會,"台新證券股務代理部","(02)25048125","台北市中山區建國北路一段96號B1","安永聯合會計師事務所","羅筱靖","陳國帥","SONG SHANG　　","4F., NO.117, Zhongcheng Rd.,Tucheng Dist., New Taipei City, Taiwan","02-22686300","Investors@song-shang.com","www.song-shang.com.tw","蔡蕙竹","經理","(02)22686867分機111","Investors@song-shang.com","www.song-shang.com.tw","www.song-shang.com.tw"
"6158","禾昌興業股份有限公司","禾昌","電子零組件業","－","桃園市興華路9號","	22006020","陳可宣","陳可宣","詹朝貴","財務長","張凱明","03-3766666","1986/01/11","2002/02/19",新台幣                 10.0000元,557072880,55707288,0,0,合併,每年,董事會,"元大證券股份有限公司","02-25865859","臺北市大安區敦化南路2段67號地下一樓","勤業眾信會計師事務所","劉建良","高逸欣","P-TWO　　","NO.9,SHIN HWA RD,KWEI SHAN IND. PARK　　TAOYUAN, TAIWAN　　","03-3768026","thomas.yuan@p-two.com.tw","www.p-two.com","詹朝貴","財務長","03-3766666","brad.chan@p-two.com.tw","www.p-two.com","https://www.p-two.com/index.php?do=investor&path=2_5&id=38"
"6160","欣技資訊股份有限公司","欣技","電腦及週邊設備業","－","台北市大安區敦化南路二段333號12樓","	23058518","廖宜彥","廖宜彥","張家榮","財會處資深經理","李侃陽","02-86471166","1988/10/12","2002/03/01",新台幣                 10.0000元,684891200,68489120,0,0,合併,每年,股東會,"元大證券股份有限公司","02-25865859","臺北市大安區敦化南路2段67號地下一樓","勤業眾信聯合會計師事務所","張耿禧","尤盟貴","Cipherlab　","12F,333 Dunhua S. Rd.,Sec.2 　　Taipei,Taiwan　　","02-87322255","IR@cipherlab.com.tw","http://www.cipherlab.com.tw","張家榮","資深經理/投資人關係暨發言人","02-86471166","IR@cipherlab.com.tw","https://www.ir-cloud.com/taiwan/6160/irwebsite_c/pages.php?id=13","https://www.ir-cloud.com/taiwan/6160/irwebsite_c/pages.php?id=14"
"6161","捷波資訊股份有限公司","捷波","電腦及週邊設備業","－","新北市新店區北新路三段207號9樓","	22178466","莊永順","林建宏","周倩竹","財務長","莊振炎","(02)8913-2711","1986/08/04","2002/03/01",新台幣                 10.0000元,562374770,56237477,0,0,合併,每年,股東會,"群益金鼎證券股份有限公司","02)2702-3999","臺北市大安區敦化南路二段97號B2","資誠聯合會計師事務所","林柏全","胡智華","JETWAY　","9F, 207, Sec. 3, Beixin Rd.,Xindian Dist., New Taipei City, Taiwan","(02)8913-2722","ir@jetway.com.tw","https://jetwayipc.com/","周倩竹","財務長","(02)8913-2711 #100","ir@jetway.com.tw","https://jetwayipc.com/tw/stakeholder/","https://jetwayipc.com/tw/governance/"
"6163","華電聯網股份有限公司","華電網","通信網路業","－","新北市汐止區新台五路一段108號11樓B棟","	84778623","陳國章","陳國章","王榮德","營運長","謝明燁","(02)26967155","1994/05/04","2002/03/19",新台幣                 10.0000元,1420162340,142016234,0,0,合併,每年,股東會,"中國信託商業銀行 代理部","(02)2717-1033","台北市重慶南路一段83號5樓","安侯建業聯合會計師事務所","黃欣婷","池世欽","HWACOM　　","11F1,No.108,Hsin-Tai-Wu Rd.,Sec.1　　Hsi-Chih,New Taipei City,Taiwan,R.O.C.","(02)26967199","caroline.hsiao@hwacom.com","www.hwacom.com","王榮德","營運長","(02)26967155","hwacom.spokesperson@hwacom.com","www.hwacom.com","https://www.hwacom.com/web/governance.html"
"6167","久正光電股份有限公司","久正","光電業","－","台中市西屯區工業區六路八號","	22100566","王世岳","王世岳","黃靜妮","財務部經理","徐惠玲","04-23558168","1991/09/02","2002/03/26",新台幣                 10.0000元,1460000000,146000000,0,0,合併,每年,董事會,"永豐金證券股務代理部","02-2381-6288","100台北市博愛路17號3樓","安侯建業聯合會計師事務所","王怡文","辛郁婷","POWERTIP","No.8,6th.Rd.,Taichung Industrial Park,Taichung ,Taiwan ,R.O.C.　","04-23558166","www.powertip.com.tw","www.powertip.com.tw","黃靜妮","財務部經理","04-23558168","chinni@powertip.com.tw","http://www.powertip.com.tw/investor_3.php","https://www.powertip.com.tw/tw/investor_2_4.php"
"6169","昱泉國際股份有限公司","昱泉","文化創意業","－","臺中市西屯區台灣大道二段633號11樓之5","	23296194","洪英超","洪英超","陳玉真","協理","洪英超","04-2253-2568","1989/04/18","2002/03/22",新台幣                 10.0000元,233949600,23394960,4469110,0,合併,每年,股東會,"富邦綜合證券﹝股﹞公司","02-2361-1300","台北市中正區許昌街十七號二樓","安永聯合會計師事務所","黃子評","黃靖雅","InterServ","11F.-5, No. 633, Sec. 2, Taiwan Blvd., Xitun Dist.,Taichung City 407619 , Taiwan (R.O.C)","04-2253-5818","financial@interserv.com.tw","www.interserv.com.tw/","陳玉真","協理","04-2253-2568","financial@interserv.com.tw","https://investors.interserv.com.tw/stakeholders/","https://investors.interserv.com.tw/company_regulations/"
"6170","統振股份有限公司","統振","通信網路業","－","台北市內湖區安美街181號","	12135600","陳威宇","何明哲","何明哲","總經理","李伯陽","(02)27965959","1977/08/19","2002/04/16",新台幣                 10.0000元,972600380,97260038,10000000,0,合併,每年,董事會,"福邦證券股份有限公司","(02)2371-1658","台北市中正區忠孝西路一段６號６樓","勤業眾信聯合會計師事務所","邱鏞銘","劉書琳","WELLDONE　","No.181,AnMei St,NeiHu District,Taipei 114,Taiwan ,R.O.C","(02)27965960","brian_li@welldone.com.tw","WWW.WELLDONE.COM.TW","何明哲","總經理","(02)27965959*1104","brian_li@welldone.com.tw","https://www.welldone.com.tw/zh-tw/investors_stakeholders.php","https://www.welldone.com.tw/zh-tw/investors_governance.php?act=list&cid=1"
"6171","大城地產股份有限公司","大城地產","建材營造","－","台中市西屯區台灣大道四段839號6樓","	89596101","賴源釗","廖祐(人雋)","簡淑勤","董事","鄧翔倩","(04)23580031","1995/08/14","2002/04/22",新台幣                 10.0000元,1000000000,100000000,0,0,個別,每年,董事會,"福邦證券股份有限公司","(02)23711658","(100中正區)台北巿忠孝西路1段6號6樓","建智聯合會計師事務所","黃祥穎","曹永仁","Tacheng 　","6F., No.839, Sec. 4,    Taiwan Blvd., Xitun    Dist.,Taichung City    407, Taiwan     (R.O.C)","(04)23587511","joyce_deng@aries-net.com.tw","www.aries-net.com.tw","簡淑勤","董事","(04)23580031","chien@bigtown.com.tw","www.aries-net.com.tw/contact.php","www.aries-net.com.tw/investment01-4.php"
"6173","信昌電子陶瓷股份有限公司","信昌電","電子零組件業","－","桃園市楊梅區高獅路566-1號","	23641338","焦佑衡","陳淳學","羅夏盈","處長","黃淑英","(03)475-3355","1990/05/21","2002/04/19",新台幣                 10.0000元,1720000000,172000000,0,0,合併,每年,股東會,"信昌電子陶瓷(股)公司股務辦事處","02-27905885","台北市內湖區行善路398號8樓","勤業眾信聯合會計師事務所","黃毅民","施錦川","P.D.C.　","No.566-1, Kaoshi Rd., Yangmei, 　Taoyuan 326103, Taiwan (R.O.C.)","(03)485-2300","IR@pdc.com.tw","www.pdc.com.tw/","羅夏盈","處長","(03)475-3355","IR@pdc.com.tw","https://www.pdc.com.tw/tw/stakeholder-1","https://www.pdc.com.tw/tw/overview-page77"
"6174","安碁科技股份有限公司","安碁","電子零組件業","－","台中市潭子區建國路11-3號","	22100469","林逸倫","李靜怡","陳孟成","協理","張絲袲","04-25335978","1990/12/01","2002/05/02",新台幣                 10.0000元,500000000,50000000,0,0,合併,每年,股東會,"統一綜合證券股份有限公司","02-27478266","台北市松山區東興路8號1樓","資誠會計師事務所","賴志維","王玉娟","AKER　　","No. 11-3, Jianguo Rd., Tanzih Dist.,Taichung City 427, Taiwan R.O.C.　","04-25336011","service@aker.com.tw","www.aker.com.tw","陳孟成","協理","04-25335978","billy@aker.com.tw","http://www.aker.com.tw/investors_6.html","https://www.aker.com.tw/esg/%E7%B5%84%E7%B9%94%E6%9E%B6%E6%A7%8B"
"6175","立敦科技股份有限公司","立敦","電子零組件業","－","苗栗縣銅鑼鄉中興工業區中隆二路9號","	84607396","吳志銘","李東榮","王國權","財務部協理","陳昌源","(037)222899","1993/11/09","2002/06/10",新台幣                 10.0000元,1501218120,150121812,0,0,合併,每年,股東會,"台新綜合證券(股)公司股務代理部","(02)-25048125","台北市建國北路一段96號地下一樓","安永聯合會計師事務所","羅文振","黃宇廷","　　LITON","No.9,Zhonglong  2nd Rd,  Tongluo TownshipMiaoli County 36643,  Taiwan ( R.O.C.)","(037)229213","sales@liton.com.tw","http://www.liton.com.tw","王國權","財務部協理","(037)222899轉1201","rogerwang@liton.com.tw","http://www.liton.com.tw/","－"
"6179","亞通利大能源股份有限公司","亞通","其他","－","新北市汐止區新台五路一段96號22樓","	89491275","呂元瑞","龔誠山","楊智鈞","副總經理","陳明朝","02-86961585","1995/04/22","2002/05/17",新台幣                 10.0000元,1273246500,127324650,12500000,0,合併,每年,董事會,"中國信託商業銀行代理部","(02)6636-5566","台北市重慶南路一段83號5樓","安侯建業聯合會計師事務所","張淑瑩","韓沂璉","ATE ENERGY.INC","22F., No.96, Sec. 1, Xintai 5th Rd., Xizhi Dist.,New Taipei City, Taiwan","02-86961590","spokesperson@ateenergy.com.tw","www.ateenergy.com.tw","楊智鈞","副總經理","02-86961585","spokesperson@ateenergy.com.tw","www.ateenergy.com.tw","－"
"6180","遊戲橘子數位科技股份有限公司","橘子","文化創意業","－","台北市內湖區瑞湖街111號","	89550029","劉柏園","劉柏園","蘇信泓","集團財務長","孫迪蘭","(02)26588866","1995/06/12","2002/05/21",新台幣                 10.0000元,1754935730,175493573,0,0,合併,每年,股東會,"凱基證券股份有限公司股務代理部","(02)23892999","台北市重慶南路一段2號5樓","資誠聯合會計師事務所","顏裕芳","林永智","GAMANIA","No.111, Ruihu St.,Neihu Dist., Taipei City, Taiwan","(02)26588855","ir@gamania.com   /   pr@gamania.com  business@gamania.com","http://www.gamania.com","陳維霞","投資人關係部資深經理","(02)26588866#1019","ir@gamania.com","https://ir.gamania.com/stakeholder-management ?? https://esg.gamania.com/sustainable/#stakeholder","https://ir.gamania.com/ ??  https://esg.gamania.com/"
"6182","合晶科技股份有限公司","合晶","半導體業","－","桃園市龍潭區龍潭科學園區龍園一路100號","	16138282","焦平海","張憲元","張憲元","總經理","蔡仲迪","(03)4815001","1997/07/24","2002/05/16",新台幣                 10.0000元,5736383300,573638330,0,0,合併,每年,股東會,"凱基證券股份有限公司股務代理部","(02)23892999","台北市重慶南路一段2號5樓","安永聯合會計師事務所","鄭清標","張志銘","WAFER WORKS","No.100, Longyuan 1 st Rd., Longtan Science Park,Taoyuan,32542,Taiwan R.O.C.　　　","(03)4815002","public@waferworks.com","Http://www.waferworks.com","蔡仲迪","副處長","03-4815001","public@waferworks.com","Http://www.waferworks.com","－"
"6185","幃翔精密股份有限公司","幃翔","電子零組件業","－","新北市土城區自強街11巷1號3樓","	22906009","陳文鏗","郭昭正","王智增","業務部副總","賴婉民","(02)22672346","1988/04/26","2002/08/09",新台幣                 10.0000元,1498675310,149867531,0,0,合併,每年,董事會,"富邦綜合證券股份有限公司","(02)2361-1300","台&#63843;市中正區許昌街 17 號 11 &#63820;","大中國際聯合會計師事務所","林月霞","張榕枝","PLASTRON","3F., No.1, Ln. 11, Ziqiang St.Tucheng Dist., New Taipei City , Taiwan","(02)22681211","spokesman@plastron.com.tw","https://www.plastronconn.com/zh_TW","王智增","業務部副總","(02)2267-2346#1100","spokesman@plastron.com.tw","https://www.plastronconn.com/zh_TW/investors","－"
"6186","新潤興業股份有限公司","新潤","建材營造","－","台北市松山區民生東路三段109號8樓(通訊)","	16318881","郭長庚","郭長庚","蔣秀婷","業務部副總","廖育嫺","25450899","1998/03/30","2002/08/02",新台幣                 10.0000元,1949075980,194907598,0,0,個別,每年,董事會,"兆豐證券股份有限公司","02-33930898","100台北市忠孝東路二段95號1樓","資誠聯合會計師事務所","李秀玲","黃金連","Shin Ruenn","8F., No.109, Sec. 3, Minsheng E. Rd., Songshan Dist.,Taipei City 105, Taiwan R.O.C.","25469299","afra@shinruenn.com.tw","http://www.shinruenn.com","蔣秀婷","業務部副總","25450899","afra@shinruenn.com.tw","http://www.shinruenn.com","https://www.shinruenn.com/shareholder/type/4"
"6187","萬潤科技股份有限公司","萬潤","半導體業","－","821011 高雄市路竹區路科十路1號","	97015768","盧鏡來","歐承恩","盧慧萱","董事長特助","蘇雅蓉","(07)607-1828","1996/05/24","2002/09/27",新台幣                 10.0000元,971269310,97126931,0,0,合併,每年,董事會,"統一綜合證券股份有限公司","(02)2747-8266","105412 臺北市松山區東興路8號地下1樓","資誠聯合會計師事務所","徐惠榆","田中玉","ALL RING","NO.1,Lu-ke 10 Rd.,Lujhu Science Park,Lujhu DistKaohsiung  City ,821011,Taiwan(R.O.C)","(07)695-5556","huihsuan.lu@allring-tech.com.tw","www.allring-tech.com.tw","盧慧萱","董事長特助","(07)607-1828","huihsuan.lu@allring-tech.com.tw","www.allring-tech.com.tw","－"
"6188","廣明光電股份有限公司","廣明","電腦及週邊設備業","－","桃園市龜山區華亞二路58之2號6樓","	16836218","何世池","張嘉峰","李志仁","副總經理暨財務長","陳美娟","03-3288090","1999/02/10","2002/08/27",新台幣                 10.0000元,2783589100,278358910,0,0,合併,每半會計年度,董事會,"中國信託銀行代理部","02-66365566","台北市重慶南路一段83號6樓","安侯建業聯合會計師事務所","陳盈如","陳宜君","QSI　","6F.,NO..58-2, Huaya 2nd Rd.,Guishan Dist.,Taoyuan City 33341, Taiwan,R.O.C.　　　","03-3289515","chih-jen.lee@qsitw.com","www.qsitw.com","李志仁","副總經理暨財務長","03-3288090","chih-jen.lee@qsitw.com","http://www.qsitw.com/","－"
"6190","萬泰科技股份有限公司","萬泰科","通信網路業","－","桃園市中壢區北園路17號(公司:新北市五股區五工六路72號)","	04674153","張銘烈","張程雅","許玉秀","副總經理","黃琡媚","03-452-7777","1978/06/19","1998/02/04",新台幣                 10.0000元,1864696840,186469684,0,0,合併,每年,股東會,"中國信託商業銀行代理部","(02)6636-5566","台北市100中正區重慶南路1段83號5樓","資誠聯合會計師事務所","張淑瓊","楊蕙慈","WONDERFUL　　","17 PEI-YUAN ROADCHUNG-LI INDUSTRIAL PARK, TAIWAN, R.O.C.","03-4522021","wtc261@wontex.com.tw","http://www.wontex.com","黃琡媚","財務部經理","(02)22988033#261","wtc261@wontex.com.tw","https://www.wontex.com/zh/stakeholder","https://www.wontex.com/zh/corporate-governance"
"6194","育富電子股份有限公司","育富","電子零組件業","－","桃園市桃園區新埔六街101號24樓","	45082694","劉永幹","周志恒","許俊彥","財務長","彭明瑜","03-3460289","1983/02/21","2002/12/05",新台幣                 10.0000元,480000000,48000000,0,0,合併,每年,股東會,"元大證券股份有限公司","02-25865859","臺北市大安區敦化南路2段67號地下一樓","安永聯合會計師事務所","王瑄瑄","陳智忠","YUFO","24F., No.101, Xinpu 6th St., Taoyuan Dist., Taoyuan City 330, Taiwan (R.O.C.)Taoyuan City ,  Taiwan (R.O.C.)","03-3464069","webmail@yufo.com.tw","www.yufo.com.tw","許俊彥","財務長","03-3460289","frank_hsu@yufo.com.tw","www.yufo.com.tw","－"
"6195","詩肯股份有限公司","詩肯","居家生活","－","桃園市龜山區頂湖一街69號","	89403884","林福勤","謝秀珠","何山壯","財務/會計主管","徐佳婕","(03)318-0555","1995/10/09","2002/10/21",新台幣                 10.0000元,501929420,50192942,0,0,合併,每年,董事會,"凱基證券股份有限公司","(02)2389-2999","臺北市重慶南路一段2號5樓","勤業眾信聯合會計師事務所","張淳儀","李麗凰","SCAN-D","No.69, Dinghu 1st St., Guishan Dist.,Taoyuan City 333, Taiwan.","(03)318-6555","grace@scanteak.com.tw","https://ir.scanteak.com.tw/","徐佳婕","財務部經理","(03)318-0555#711","grace@scanteak.com.tw","https://ir.scanteak.com.tw/","https://ir.scanteak.com.tw/stock05.html"
"6198","瑞築建設股份有限公司","瑞築","建材營造","－","台北市內湖區行善路467號7樓","	16759177","陳朝城","郭嘉棟","邱采欣","財務經理","賴春燕","(02)87523988","1998/10/29","2002/12/26",新台幣                 10.0000元,1714003500,171400350,138765000,0,合併,每年,股東會,"永豐金證券股務代理部","(02)23816288","台北市中正區博愛路17號3樓","安永聯合會計師事務所","王慕凡","王甯寬","Rich Circle","7F., No.467, Singshan Rd.,Neihu Dist., Taipei City 114063, Taiwan","(02)87523989","info@richcircle.com.tw","http://www.richcircle.com.tw","邱采欣","財務經理","(02)87523988","sandra_chiu@richcircle.com.tw","http://www.richcircle.com.tw/company/stakeholder","http://www.richcircle.com.tw/company/governance"
"6199","天品聯合企業股份有限公司","天品","其他","－","新北市中和區板南路657號8樓","	84228281","李振寬","李娜亞","洪春木","經理","李娜亞","(03)2756356","1993/04/03","2016/10/07",新台幣                 10.0000元,617600180,61760018,0,0,合併,每年,股東會,"元大證券股份有限公司股務代理部","(02)25865859","106臺北市大安區敦化南路2段67號地下一樓","國富浩華聯合會計師事務所","吳孟達","陳謙慧","TienPin","8 F., No. 657, Bannan Rd., Zhonghe Dist.New Taipei City, aiwan (R.O.C.)","(03)4261750","jerryhung@datafab.com","www.datafab.com","洪春木","經理","(02)77519198#8810","jerryhung@datafab.com","www.datafab.com","www.datafab.com"
"6203","海韻電子工業股份有限公司","海韻電","電子零組件業","－","台北市內湖區內湖路一段360巷19號8樓","	04329168","張昀琦","潘孟文","裴琳","特助","呂螢芳","02-26590338","1975/09/19","2002/12/26",新台幣                 10.0000元,824013700,82401370,0,0,合併,每年,股東會,"統一綜合證券股份有限公司","02-27463666","台北市松山區東興路8號B1","勤業眾信聯合會計師事務所","胡家熀","莊碧玉","Sea Sonic","8F., #19 Alley 360 Sec. 1, Neihu Road, Neihu,Taipei,Taiwan, R.O.C.","02-26590530","investor@seasonic.com.tw","www.seasonic.com","裴琳","特助","02-26590338","investor@seasonic.com","https://investor.seasonic.com/stakeholder-area/","https://investor.seasonic.com/corporate-governance/"
"6204","台灣艾華電子工業股份有限公司","艾華","電子零組件業","－","桃園市桃園區中正路1221、1223號9樓","	43408984","陳碩璨","黃國義","黃伯璁","財會部資深經理","陳鵬如","(03)357-7799","1970/02/14","2002/11/13",新台幣                 10.0000元,231020800,23102080,0,0,合併,每年,董事會,"元富證券股份有限公司股務代理部","(02)2768-6668","台北市松山區光復北路11巷35號地下一樓(台北瓦斯光復大樓)","安永聯合會計師事務所","洪國森","陳政初","ALPHA","9F,NO.1221 CHUNG CHENG RD,TAOYUAN,TAIWAN R.O.C.","(03)356-2009","janet@taiwanalpha.com","www.taiwanalpha.com","陳鵬如","財會部副課長","03-3577799","janet@taiwanalpha.com","https://www.taiwanalpha.com/tw/investors?parent_id=72","－"
"6207","雷科股份有限公司","雷科","電子零組件業","－","高雄市前鎮區新生路二四八之三十九號","	22837088","鄭再興","黃萌義","唐靜玲","協理","陳炫佑","07-8159877","1988/09/06","2002/12/23",新台幣                 10.0000元,796799100,79679910,0,0,合併,每年,董事會,"元大證券股份有限公司","02-25865859","106臺北市大安區敦化南路2段67號地下一樓","資誠聯合會計師事務所","廖阿甚","王國華","LASERTEK","NO.248-39,SHIN SHENG RD CHIEN ZHEN DISTRICT, 806KAOHSIUNG TAIWAN, R.O.C","07-8156711","lasertek@lasertek.com.tw","www.lasertek.com.tw","唐靜玲","協理","07-8159877#1201","lasertek@lasertek.com.tw","https://www.lasertek.com.tw/csr_communication.php","－"
"6208","日揚科技股份有限公司","日揚","半導體業","－","台南市新市區活水路8號","	16101031","吳昇憲","待董事會任命","吳昇憲","董事長","羅筱秋","(06)246-0296","1997/05/29","2002/12/23",新台幣                 10.0000元,944623430,94462343,0,0,合併,每年,董事會,"國票綜合證券(股)公司股務代理部","(02)2528-8988","台北市松山區南京東路五段188號15樓","資誠聯合會計師事務所","王銘義","林永智","Htc","No.8, Huoshui Rd., Xinshi Dist.Tainan City, Taiwan 744","(06)599-5055","ec@high-light.com.tw","http://www.htcvacuum.com/","吳昇憲","董事長","(03)597-3325","spokesperson@high-light.com.tw","https://www.htcvacuum.com/zh-tw/investor/index/ESG/stakeholder","－"
"6210","慶生電子股份有限公司","慶生","電子零組件業","－","桃園市中壢區中壢工業區松江北路24號","	45190379","王興榮","朱陳永慶","范揚淵","副總經理","王桂香","(03)4529556","1984/10/05","2003/02/14",新台幣                 10.0000元,350480000,35048000,0,0,個別,每年,董事會,"統一綜合證券股份有限公司","(02)27463797","台北市東興路八號地下一樓","資誠聯合會計師事務所","李燕娜","鄭雅慧","　　KINTECH","NO.24 SONGJIANG N.ROAD　CHUNG-CIINDUSTRIAL PARK, TAOYUAN,TAIWAN","03-4510791","880001@kintech.com.tw","WWW.KINTECH.COM.TW","范揚淵","副總經理","(03)4529556#211","880001@kintech.com.tw","www.kintech.com.tw","www.kintech.com.tw"
"6212","理銘開發股份有限公司","理銘","建材營造","－","新竹市公道五路2段419號7樓","	07611076","曾森縣","曾森縣","曾森縣","總經理","葉良平","(03)6886188","1977/11/08","2002/12/26",新台幣                 10.0000元,1020000000,102000000,0,0,個別,每年,股東會,"台新證券股務代理部","02-25048125","台北市建國北路一段96號地下一樓","致遠聯合會計師事務所","張益銘","侯委&#26187;","LI MING","7F,No.419,Sec.2 Kung Dao Wu  Rd. ,Hsin Chu,Taiwan,R.O.C.","(03)6886189","fred@met.com.tw","http://www.met.com.tw","葉良平","財務副理","(03)6886188","fred@met.com.tw","http://www.met.com.tw","http://www.met.com.tw/finance.aspx"
"6217","中國探針股份有限公司","中探針","電子零組件業","－","新北市板橋區和平路24巷8號4樓","	22059031","陳志&#23791;","馮明欽","楊璽邁","副總經理","林文泓","02-29612525","1986/01/22","2003/01/09",新台幣                 10.0000元,1172100180,117210018,0,0,合併,每年,股東會,"凱基證券股份有限公司","02-23892999","台北市中正區重慶南路一段2號4樓","資誠聯合會計師事務所","王菘澤","吳仁杰","C.C.P.","4F., No.8, Ln. 24, Heping Rd.,Banqiao Dist., New Taipei City 220","02-29610355","info@pccp.com.tw","https://www.ccpcontactprobes.com/","楊璽邁","副總經理","02-29612525#503","tony_yang@pccp.com.tw","https://www.ccpcontactprobes.com/investor","https://www.ccpcontactprobes.com/tw/investor#block-companyrules"
"6218","豪勉科技股份有限公司","豪勉","通信網路業","－","台北市大同區承德路一段70號3樓","	12223097","彭以豪","蘇惠婉","蘇惠婉","總經理","劉怡君","(02)2559-6163","1979/04/26","2003/01/14",新台幣                 10.0000元,642620000,64262000,0,0,合併,每年,股東會,"凱基證券股務代理部","(02)2389-2999","台北市中正區重慶南路一段2號5樓","勤業眾信聯合會計師事務所","尤志峰","邱政俊","Hauman","3rd Fl., No. 70, Sec. 1, Chengde Rd.　Taipei, Taiwan, R.O.C.","(02)2549-2681","pr@hauman.com.tw","www.hauman.com.tw","劉怡君","副總經理","(02)2559-6163","pr@hauman.com.tw","https://www.hauman.com.tw/esg_tw.php?id=7","https://www.hauman.com.tw/webc/html/investor/02.aspx?kind=37"
"6219","富旺國際開發股份有限公司","富旺","建材營造","－","台中市西區大隆路20號4樓之5","	97447647","林宗毅","林祐任","陳永和","經理","林宗毅","04-23273030","1997/04/23","2003/02/26",新台幣                 10.0000元,1249670900,124967090,0,0,合併,每季,董事會,"元富證券股份有限公司","02-27686668","台北市光復北路11巷35號B1樓","資誠聯合會計師事務所","劉美蘭","王玉娟","FULL WANG","4F.-5, No.20, Dalong Rd., West Dist.,Taichung City 40310, Taiwan (R.O.C.)","04-23268874","fw0459@fwgroup.com.tw","https://www.fwgroup.com.tw/","陳永和","經理","04-2327-3030","fw0459@fwgroup.com.tw","https://www.fwgroup.com.tw/investor/","https://www.fwgroup.com.tw/investor/"
"6220","岳豐科技股份有限公司","岳豐","電子零組件業","－","桃園市新屋區中山東路二段130巷12-9號","	45911735","葉春榮","林森褔","蔡瑞華","總經理","賴明芳","03-4778846","1983/09/03","2003/01/09",新台幣                 10.0000元,1464626400,146462640,0,0,合併,每年,董事會,"永豐金證券股份有限公司","02-23816288","台北市博愛路17號3樓","安侯建業聯合會計師事務所","謝秋華","李&#16689;儀","YFC-BONEAGLE","NO12-9,130th LANE. SECTION 2,CHUNG SHAN E,ROAD,HSINWU,TAOYUAN 32741,TAIWANHSINWU,TAOYUAN 32741,TAIWAN","03-4772340","Speaker@cables.com.tw","www.cables.com.tw","蔡瑞華","總經理","03-4778846","Speaker@cables.com.tw","https://www.cables.com.tw/manager_6-2.html","https://www.cables.com.tw/manager-2.html"
"6221","晉泰科技股份有限公司","晉泰","資訊服務業","－","新竹市光復路二段289號7F","	84981323","昇鋒投資股份有限公司","楊倉富/黃昱斌","林永紳","經理","陳美喻","03-5163089","1994/06/24","2003/01/06",新台幣                 10.0000元,1685912060,168591206,0,0,合併,每年,股東會,"國票綜合證券(股)公司股務代理部","02-25288988","105411台北市松山區南京東路五段188號15樓","群智聯合會計師事務所","呂松裕","張鈞富","Genesis　","7F, No.289, Sec.2, Kuang Fu Rd.,　Hsin-Chu City 300, Taiwan, R.O.C.","03-5163063","IR@genesis.com.tw","https://www.genesis.com.tw/","林永紳","經理","03-5163089","IR@genesis.com.tw","https://www.genesis.com.tw/tw/about/index.aspx?root=10&kind=19","https://www.genesis.com.tw/tw/investor/03.aspx?kind=3"
"6222","立軒開發建設股份有限公司","立軒","光電業","－","新北市林口區文化一路一段258號8樓","	22182927","陳銘鴻","李雪華","池曉鈴","經理","林惠琴","26918000","1986/08/15","2003/01/09",新台幣                 10.0000元,705888780,70588878,53678118,0,合併,每年,股東會,"群益金鼎證券股份有限公司","2702-3999","台北市大安區敦化南路二段97號B2","安侯建業聯合會計師事務所","黃欣婷","池世欽","Li Hsuan","8F., No. 258, Sec. 1, Wenhua 1st RdLinkou Dist.,New Taipei City,Taiwan","26917000","sharonchih@sotac.com.tw","www.sotac.com.tw/web/index/index.jsp?lang=tw","池曉鈴","會計部經理","26918000*218","sharonchih@sotac.com.tw","http://www.sotac.com.tw/web/investment/investment.jsp?lang=tw","－"
"6223","旺矽科技股份有限公司","旺矽","半導體業","－","302新竹縣竹北市中和街 155號","	89647050","葛長林","郭遠明","邱靖斐","董事長特別助理","莊潔志","03-5551771","1995/07/25","2003/01/06",新台幣                 10.0000元,979813090,97981309,0,0,合併,每年,董事會,"華南永昌綜合證券股份有限公司","02-27186425","台北市民生東路四段54號4樓","日正聯合會計師事務所","巫貴珍","陳燦煌","MPI","No.155, Chung-Ho St.Chu-Pei City,Hsinchu Hsiang,Taiwan,R.O.C","03-5518381","angel.tsai@mpi.com.tw","www.mpi.com.tw","邱靖斐","董事長特別助理","035551771-8000","investor@mpi.com.tw","https://www.mpi.com.tw/investors-relationship/stakeholder-contacts/","https://www.mpi.com.tw/investors-relationship/corporate-governance/"
"6227","茂綸股份有限公司","茂綸","電子通路業","－","新北市新店區北新路三段207-2號14樓","	20811962","吳偉國","莊文杰","張聖鑫","副總經理","章政群","(02)8913-2200","1979/02/08","2003/01/14",新台幣                 10.0000元,761117860,76111786,0,0,合併,每年,董事會,"群益金鼎證券股份有限公司","27023999","台北市敦化南路二段97號B2","安永聯合會計師事務所","張正道","楊弘斌","Macnica Galaxy","14F,207-2,Sec.3,Peihsin Rd.,Hsintien Dist.,New Taipei Taiwan,R.O.C","(02)8913-2277","Jeffrey.chang@macnica.com","https://www.macnica.com/apac/galaxy/zh_tw/","蘇柏宇","經理","(02)8913-2200","ted.su@macnica.com","https://www.macnica.com/apac/galaxy/zh_tw/investors/stakeholders/","https://www.macnica.com/apac/galaxy/zh_tw/investors/corporate-governance/"
"6228","全譜科技股份有限公司","全譜","電腦及週邊設備業","－","新北市汐止區大同路一段239號7樓","	84560006","高偉超","曾治元","陳素花","財務長","蔡彩華","86921800","1993/09/20","2003/01/21",新台幣                 10.0000元,260000000,26000000,15327092,0,合併,每年,股東會,"台新證券股務代理部","25048125","台北市建國北路一段96號地下一樓","勤業眾信聯合會計師事務所","邱鏞銘","方蘇立","PIE","7F.,No.239,Sec.1,Datong Rd.,Xizhi Dist.,Hsi Chih,Taipei Hsien,221 Taiwan,R.O.C","86921860","carol@scanace.com.tw","www.scanace.com","陳素花","財務長","86921800-305","Carol@scanace.com.tw","www.scanace.com","－"
"6229","研通科技股份有限公司","研通","半導體業","－","新北市汐止區新台五路一段99號31樓之12","	86491265","許劍郎","黃正華","黃正華","總經理","李偉任","(02)26971318","1992/03/02","2003/01/14",新台幣                 10.0000元,403607000,40360700,4720000,0,合併,每年,股東會,"台新證券股務代理部","(02)2504-8125","台北市建國北路一段96號B1","安侯建業聯合會計師事務所","莊鈞維","陳彥富","V-TAC","31.-12,No. 99,Sec.1,Xintai 5th Rd.,Xizhi Dist.,NEW TAIPEI CITY XIZHI ,TAIWAN R.O.C","(02)26971260","spokes@vtac.com.tw","www.vtac.com.tw","李偉任","資深經理","02-26971318#105","allan.lee@vtac.com.tw","www.vtac.com.tw","www.vtac.com.tw/governance_tw.php?id=18"
"6231","系微股份有限公司","系微","資訊服務業","－","台北市中山區建國北路二段120號16樓","	16627697","王志高","王彥棋","徐心吾","財會協理","李佩燕","66083688","1998/09/18","2003/01/23",新台幣                 10.0000元,456521860,45652186,0,0,合併,每年,董事會,"凱基證券股份有限公司","23892999","台北市重慶南路一段2號4樓","安侯建業聯合會計師事務所","吳政諺","陳俊光","Insyde","16F., No.120, Sec. 2, Jianguo N. Rd., Zhongshan DistrictTaipei, Taiwan, R.O.C.","66083689","ir@insyde.com","www.insyde.com","徐心吾","徐心吾","886-2-6608-3688","ir@insyde.com","https://www.insyde.com/zh-hant/investor-relations/corporate-governance/structure","https://www.insyde.com/zh-hant/investor-relations/"
"6233","旺玖科技股份有限公司","旺玖","半導體業","－","台北市南港路三段48號7樓","	16177572","張景棠","張景棠","張景棠","董事長","李光世","02-26546363","1997/11/13","2003/02/20",新台幣                 10.0000元,810218960,81021896,0,0,合併,每年,董事會,"凱基證券股務代理部","02-23892999","台北市中正區重慶南路一段2號5樓","安侯建業聯合會計師事務所","黃泳華","余聖河","PROLIFIC","7F, NO.48, Sec.3, Nan Kang Rd., Nan Kang,Taipei 115607, Taiwan, R.O.C","02-26546161","ir@prolific.com.tw","www.prolific.com.tw","李光世","財務長","02-26546363","ir@prolific.com.tw","https://www.prolific.com.tw/??·~????/§Q?`???Y?H±M°?/","https://www.prolific.com.tw/§????H°T?§/???q?v?z±M°?/?????[?c/"
"6234","高僑自動化科技股份有限公司","高僑","光電業","－","台中市437大甲區日南里工七路1號","	23712277","李義隆","陳蓬萊","陳蓬萊","總經理","李妮晏","04-26822168","1990/05/02","2003/03/12",新台幣                 10.0000元,1003863980,100386398,0,0,合併,每年,股東會,"凱基證券股份有限公司","02-23148800","台北市100重慶南路一段2號5樓","安侯建業聯合會計師事務所","陳燕慧","張字信","TERA AUTO","No.1 Industrial Park 7Rd., Tachia,Taichung Hsien, Taiwan, R.O.C.　　","04-26820567","financial@teraauto.com.tw","http://www.teraauto.com.tw/","陳蓬萊","總經理","04-7911189 ext.868","cpl@teraauto.com.tw","http://www.teraauto.com.tw/ab.php?id=117","http://www.teraauto.com.tw/investors2.html"
"6236","中湛股份有限公司","中湛","其他","－","台中市南屯區公益路二段51號10樓A室","	16094290","林岳鋒","林岳鋒","林岳鋒","董事長","吳宜芳","04-23281939","1997/10/02","2003/03/31",新台幣                 10.0000元,416540390,41654039,36600000,0,合併,每年,股東會,"群益金鼎證券股份有限公司","(02)27035000","106台北市大安區敦化南路二段97號B2","聯捷聯合會計師事務所","邱烺民","林季亭","Neith Corp.","Room A, 10F., No. 51, GongYi Road SEction 2, NanTun,Taichung, Taiwan 408","04-23281936","evonnewu@neithcorp.com","www.neithcorp.com","吳宜芳","公司治理主管","04-23281939","evonnewu@neithcorp.com","https://www.neithcorp.com/product.php?_path=product_detail&upid=59","https://www.neithcorp.com/product.php?_path=product_detail&upid=2"
"6237","驊訊電子企業股份有限公司","驊訊","半導體業","－","台北市市民大道四段100號6樓","	86315535","鄭期成","李建榮","李建榮","總經理","何宜成","02-87731100","1991/12/05","2003/04/21",新台幣                 10.0000元,796453710,79645371,0,0,合併,每年,董事會,"宏遠證券股份有限公司股務代理部","02-23268818","台北市信義區信義路四段236號3樓","資誠聯合會計師事務所","陳憲正","林瑟凱","CMEI","6F., 100, Sec. 4, Civil BoulevardTaipei, Taiwan, R.O.C.","02-87732211","ir@cmedia.com.tw","http://www.cmedia.com.tw","何宜成","副總經理","02-87731100","ir@cmedia.com.tw","https://www.cmedia.com.tw/tw/ir","https://www.cmedia.com.tw/tw/ir"
"6240","松崗國際興業股份有限公司","松崗","資訊服務業","－","臺北市忠孝西路1段50號11樓","	97446128","湯順甄","湯順甄","顏雅蕙","協理","許雅琳","02-23830383","1997/04/19","2003/05/30",新台幣                 10.0000元,228673700,22867370,0,0,合併,每年,股東會,"統一綜合證券股份有限公司","02-2747-8266","台北市松山區東興路8號B1樓","資信聯合會計師事務所","戴至柔","黃增國","Sung  Gang","11F,No.50,Sec.1,Chung Hsiao W Rd.,Taipei,Taiwan R.O.C.","02-23810393","annie@kingsinfo.com.tw","https://www.sunggang.com.tw/","許雅琳","經理","02-23830383","annie@kingsinfo.com.tw","annie@kingsinfo.com.tw","－"
"6241","鑫永洋科技股份有限公司","鑫永洋","通信網路業","－","台南市709安南區工業二路82號","	86504769","孫秀梅","謝景惠","謝景惠","總經理","林雅芬","06-3840077","1992/03/28","2003/04/08",新台幣                 10.0000元,487000000,48700000,16555185,0,個別,每年,股東會,"群益金鼎證券股份有限公司","(02)2702-3999","106420台北市大安區敦化南路二段97號B2","立本台灣聯合會計師事務所","張書成","劉克宜","AMIGO","No.82,Gongye 2nd Rd., Annan Dist.,Tainan City 709Tainan,Taiwan.R.O.C.","06-3843960","public@amigo.com.tw","www.amigo.com.tw","林雅芬","財務主管","06-3840077","public@amigo.com.tw","https://www.amigo.com.tw/interested-parties/","https://www.amigo.com.tw/sitemap/"
"6242","立康生醫事業股份有限公司","立康","生技醫療業","－","台南巿永康區王行里環工路29號","	12549828","鄭育修","鄭育修","莊祐霖","協理","高碧婕","(06)2015859","1985/04/16","2003/04/23",新台幣                 10.0000元,318065000,31806500,641407,0,合併,每年,股東會,"福邦證券股份有限公司股務代理部","(02)23711658","台北市中正區忠孝西路一段6號6樓","勤業眾信聯合會計師事務所","李季珍","廖鴻儒","LI KANG","No.29, Huangong Rd., Yongkang Dist.,Tainan City 71041, Taiwan (R.O.C.)","(06)2018467","likangbio@herbalmed.com.tw","http://likangbio.com","高碧婕","經理","(06)2012452","selena3691@herbalmed.com.tw","http://www.likangbio.com/zh-tw/a4-2239/%E5%88%A9%E5%AE%B3%E9%97%9C%E4%BF%82%E4%BA%BA%E5%B0%88%E5%8D%","－"
"6244","茂迪股份有限公司","茂迪","光電業","－","新北市深坑區北深路3段248號6樓","	20889546","曾永輝","王丁召/林煥順","王丁召","財務長","朱宜珊","(06)5050789","1981/06/03","2003/05/15",新台幣                 10.0000元,3870418750,387041875,0,0,合併,每年,董事會,"中國信託商業銀行代理部","(02)6636-5566","10008台北市中正區重慶南路一段83號5樓","安侯建業聯合會計師事務所","黃明宏","楊雲筑","MOTECH","6F, No. 248, Sec. 3, Bei-Shen Road, Shen-Keng DistrictNew Taipei City,Taiwan","(06)5051789","ir@motech.com.tw","www.motech.com.tw","朱宜珊","經理","06-5050789","ir@motech.com.tw","https://www.motech.com.tw/investors/governance.php","https://www.motech.com.tw/investors/governance.php"
"6245","立端科技股份有限公司","立端","通信網路業","－","新北市汐止區大同路2段173號7樓","	22327466","周逸文","王葆儀、周孟賢","周旭龍","資深副總","林怡欣","02-86926060","1986/10/30","2003/05/19",新台幣                 10.0000元,1466083030,146608303,0,0,合併,每年,董事會,"宏遠證券股份有限公司","02-23268818","106台北市大安區信義路四段236號3樓","安侯建業聯合會計師事務所","吳仲舜","王勇勝","Lanner　","7F, No. 173, Sec. 2,  Datong Road, Xizhi District,　New Taipei  City 221, Taiwan　　　","02-86926102","catherine_lin@lannerinc.com","www.lannerinc.com","林怡欣","董事長室秘書","86926060","catherine_lin@lannerinc.com","https://www.lannerinc.com/investor/","https://ppt.cc/fLbTZx"
"6246","臺龍電子股份有限公司","臺龍","光電業","－","新北市新莊區思源路332巷7號3樓","	12386388","許采彤","舒逸豪","舒逸豪","董事","高宏成","(02)22772828","1982/11/13","2003/06/18",新台幣                 10.0000元,378514150,37851415,22853440,0,合併,每年,股東會,"華南永昌綜合證券股份有限公司","(02)27186425","臺北市民生東路4段54號4樓","德昌聯合會計師事務所","陳裕勳","陳秀莉","TTFIC","3F., No. 7, Ln. 332, Siyuan Rd., Xinzhuang Dist., New Taipei City 242, TaiwanNEW TAIPEI CITY, TAIWAN. R.O.C.","(02)22990520","tl-sales@tai-lon.com","www.tai-lon.com","楊璧紅","財務部協理","02-22772828","tl-sales@tai-lon.com","www.tai-lon.com/investor/investor_cid6.html","https://www.tai-lon.com/investor/investor_cid5.html"
"6248","沛波鋼鐵股份有限公司","沛波","鋼鐵工業","－","彰化縣鹿港鎮經建十一路3號","	38432767","顏慶利","黃霈櫻","黃霈櫻","總經理","王惠玲","04-7530578","1984/05/16","2003/09/03",新台幣                 10.0000元,999561490,99956149,0,0,合併,每年,董事會,"康和綜合證券股份有限公司","(02)8787-1118","110台北市信義區基隆路一段176號B1","資誠聯合會計師事務所","徐惠榆","田中玉","TMP","No. 3,Jingjian 11th Rd.,Lukang Township, Changhua County, Taiwan","04-7533028","tmp@tmpco.com.tw","www.tmpco.com.tw","王惠玲","經理","04-7530578","tmp@tmpco.com.tw","https://www.tmpco.com.tw/stakeholder-engagement/","https://www.tmpco.com.tw/corporate-governance/"
"6259","百徽股份有限公司","百徽","電子零組件業","－","台北市內湖區瑞湖街199號3樓","	84497335","張傑民","李代祥","羅偉昌","財務長","洪麗如","02)8792-7788","1993/12/20","2003/09/17",新台幣                 10.0000元,267661460,26766146,11412448,0,合併,每半會計年度,董事會,"兆豐證券股份有限公司","02-33930898","台北市忠孝東路二段９５號８樓","馬施云大華聯合會計師事務所","趙翊棋","黃俊諺","BULLWILL","3F., No.199,Ruihu St.,Neihu Dist.,Taipei,Taiwan .","02)8792-6222","grant@bullwill.com.tw","http://www.bullwill.com.tw","羅偉昌","財務長","(02)8792-7788#157","grant@bullwill.com.tw","http://www.bullwill.com.tw/investor_interested.php","https://www.bullwill.com.tw/investor_corporate_principles.php"
"6261","久元電子股份有限公司","久元","半導體業","－","新竹市科學工業園區科技路5號4F","	86244737","汪秉龍","蕭維唐","陳巧芬","財務部副處長","鄭惠如","03-6669968","1991/07/22","2004/03/29",新台幣                 10.0000元,1284979890,128497989,0,0,合併,每半會計年度,董事會,"群益金鼎證券股份有限公司","02-27023999","台北市敦化南路二段97號地下室2樓","勤業眾信聯合會計師事務所","張雅芸","蔡美貞","YTEC","4F, No.5, Technology Rd., Science-Based Industrial Park,Hsin-Chu, Taiwan, R.O.C.","03-6662951","fannie@ytec.com.tw","www.ytec.com.tw","陳巧芬","財務部副處長","03-6669968 Ext: 1805","fannie@ytec.com.tw","https://www.ytec.com.tw/Stakeholder.php","https://esg.ytec.com.tw/"
"6263","普萊德科技股份有限公司","普萊德","通信網路業","－","新北市新店區民權路96號10樓","	84117341","陳清港","陳清港","林滿足","財務部財務長","吳雪如","2219-9518","1993/01/05","2003/09/17",新台幣                 10.0000元,625009640,62500964,0,0,合併,每年,董事會,"元大證券股份有限公司","2586-5859","臺北市大安區敦化南路2段67號地下一樓","正風聯合會計師事務所","林啟平","曾國富","Planet","　　10F.,No.96, Minquan Rd., Xindian Dist.,　　New Taipei City 231, Taiwan (R.O.C.)","2218-2248","natalie@planet.com.tw","www.planet.com.tw","林滿足","財務部財務長","2219-9518 #603","natalie@planet.com.tw","www.planet.com.tw/tw/ir/corporate-governance","www.planet.com.tw/tw/ir/corporate-governance"
"6264","富裔實業股份有限公司","富裔","建材營造","－","台北市信義區松仁路277號18樓","	97477509","祝文定","祝文定","祝泓真","特助","闕明達","(02)28834707","1997/07/02","2004/02/24",新台幣                 10.0000元,1363552910,136355291,50130827,0,合併,每年,股東會,"元大證券(股)公司股務代理部","(02)2586-5859","臺北市大安區敦化南路2段67號地下一樓","勤業眾信聯合會計師事務所","莊文源","楊清鎮","KL","18F No.277,Songren Rd., Xinyi Dist.,Taipei Taiwan, R.O.C.","(02)28830023","jameschu06@kingland.com.tw","www.kingland.com.tw","祝泓真","特助","(02)28834707","jameschu06@kingland.com.tw","http://www.kingland.com.tw/TradChinese/Departments/Stakeholder","－"
"6265","方土昶股份有限公司","方土昶","電子通路業","－","新北市新店區寶中路92號10樓","	16436439","張政文","張政文","林芳燕","協理","謝佩君","(02)2916-1997","1998/01/22","2003/10/24",新台幣                 10.0000元,1181721510,118172151,0,0,合併,每年,董事會,"中國信託商業銀行股份有限公司","(02)6636-5566","臺北市重慶南路一段83號五樓","資誠聯合會計師事務所","涂展源","黃世鈞","KCU","10F, NO.92, Pao Chung Road, Xindian Dist.,　New Taipei City , Taiwan, R.O.C.　　","(02)2916-2262","FangYan.Lin@kc-uppertech.com","http://www.kc-uppertech.com/","林芳燕","發言人","(02)2916-1997","FangYan.Lin@kc-uppertech.com","www.kc-uppertech.com","－"
"6266","泰詠電子股份有限公司","泰詠","電子零組件業","－","新竹市香山區埔前里牛埔東路480號","	23576977","崔世和","王政豐","王政豐","總經理","周美津","03-5386139","1990/02/15","2004/04/29",新台幣                 10.0000元,1538716410,153871641,0,0,合併,每年,股東會,"永豐金證券股份有限公司","02-23816288","台北市中正區博愛路17號3樓","勤業眾信聯合會計師事務所","林心彤","陳明煇","TOP UNION　　","No.480, Nioupu E. Rd.,　　Hsinchu, Taiwan, R.O.C.　","03-5386138","spokesman2@topunion.com.tw","http://www.topunion.com.tw","彭美華","會計","03-5386139#113","pmw@topunion.com.tw","https://www.topunion.com.tw/zh-tw/shareholders-meeting","－"
"6270","倍微科技股份有限公司","倍微","電子通路業","－","新北市汐止區新台五路一段75號5樓","	86882278","傅江松","傅江松","黃美津","總管理處總經理","李志強","02-26980098","1992/10/20","2003/09/17",新台幣                 10.0000元,721457590,72145759,0,0,合併,每年,董事會,"凱基證券股份有限公司","02-23148800","台北市重慶南路一段2號5樓","資誠聯合會計師事務所","林一帆","蔡蓓華","PCT","5F,No. 75, Sec. 1, Sintai 5th RdSijhih City, Taipei , Taiwan 221, R.O.C.","02-26980096","public@pct.com.tw","http://www.pct.com.tw","黃美津","總管理處總經理","(02)2698-0098#220","public@pct.com.tw","http://www.pct.com.tw","－"
"6274","台燿科技股份有限公司","台燿","電子零組件業","－","新竹縣竹北市博愛街803號","	04226091","辛忠衡","陳正益","黃文旭","副總經理","黃怡仁","03-5551103","1974/05/22","2003/12/18",新台幣                 10.0000元,2886993870,288699387,0,0,合併,每年,董事會,"永豐金證券股份有限公司","02-23816288","台北市博愛路17號3樓","勤業眾信聯合會計師事務所","翁博仁","褚世蘭","tuc","803, Po Ai St., Chupei CityHsinchu Hsien ,  Taiwan R.O.C.","03-5551666","www.tuc.com.tw","www.tuc.com.tw","黃文旭","副總經理","03-5551103","ivon.huang@tuc.com.tw","http://www.tuc.com.tw/zh-tw/corporate/id/13","https://www.tuc.com.tw/zh-tw/corporate"
"6275","元山科技工業股份有限公司","元山","電子零組件業","－","高雄市仁武區仁發六路6號","	22264722","陳冠宏","劉賢文","劉賢文","總經理","梁湘宜","(07)3713588","1987/03/10","2004/12/23",新台幣                 10.0000元,792570750,79257075,0,0,合併,每年,董事會,"福邦證券股份有限公司","(02)2371-1658","台北市中正區忠孝西路1段6號6樓","安侯建業聯合會計師事務所","許振隆","陳永祥","Y.S.TECH","No. 6, Renfa 6th Rd., Renwu DistKaohsiung City, Taiwan, ROC","(07)3742027","ystech@ystech.com.tw","www.ystech.com.tw","劉賢文","總經理","(07)3713588","ystech@ystech.com.tw","https://www.ystech.com.tw/investors_15.html","https://www.ystech.com.tw/sustainability_3.html"
"6276","安鈦克科技股份有限公司","安鈦克","電腦及週邊設備業","－","台北市內湖區洲子街107號8樓","	34235759","李益昌","李知達","陳明勇","營運長","陳束燕","02-2799-0022","1978/10/21","2003/10/30",新台幣                 10.0000元,220430000,22043000,9699498,0,合併,每年,董事會,"永豐金證券股務代理部","02-23816288","台北市博愛路17號3樓","安侯建業聯合會計師事務所","吳俊源","陳政學","Antec","8F., No. 107, Jhouzih St., Neihu District,Taipei City 11493, Taiwan, R.O.C.　","02-2799-3435","investor@antec.com","http://www.antec.com","羅淑惠","公司治理主管","02-2799-0022","investor@antec.com","https://antec.com/investor-box","https://antec.com/investor-box"
"6279","胡連精密股份有限公司","胡連","電子零組件業","－","新北市汐止區福德一路342巷1號","	20759430","張子雄","胡盛清","高士翔","總經理室IR經理","張嘉琪","(02)26940551","1977/07/09","2003/11/26",新台幣                 10.0000元,1190157360,119015736,0,0,合併,每年,股東會,"永豐金證券股份有限公司","(02)23816288","台北市博愛路17號3樓","勤業眾信聯合會計師事務所","施俊弘","鄭旭然","HU LANE　","No. 1, Ln. 342, Fude 1st Rd., Xizhi DistNew Taipei City 221010 , Taiwan (R.O.C.)","(02)26941062","hulane@hulane.com.tw","https://www.hulane.com.tw/","高士翔","總經理室IR經理","(02)26940551#60010","john.kao@hulane.com.tw","https://www.hulane.com.tw/corporate-governance?id=3053#viewfile","https://www.hulane.com.tw/corporate-governance"
"6284","佳邦科技股份有限公司","佳邦","電子零組件業","－","苗栗縣竹南鎮公義里11鄰科義街11號","	16599215","焦佑衡","陳培真","曾華成","財務會計中心代處長","吳弋凡","037 585 555","1998/06/23","2004/06/29",新台幣                 10.0000元,1489803410,148980341,0,0,合併,每年,股東會,"元大證券股份有限公司股務代理部","(02)2586-5859","台北市大安區敦化南路2段67號地下一樓","安侯建業","黃海寧","于紀隆","INPAQ　　","No.11, Ke-Yi St.,Chunan, Miaoli 350,Taiwan, R.O.C.　　","037 585 511","gary.tseng@inpaq.com.tw","www.inpaq.com.tw","曾華成","財務會計中心代處長","037-585555","gary.tseng@inpaq.com.tw","www.inpaq.com.tw","https://www.inpaq.com.tw/governance1.php"
"6290","良維科技股份有限公司","良維","電子零組件業","－","台北市長安東路一段36號10樓","	11298247","李淳正","李淳正","李博宇","董事長特助","魏奚鈴","02-25433567","1972/09/05","2005/06/03",新台幣                 10.0000元,1591307240,159130724,0,0,合併,每年,董事會,"中國信託商業銀行股份有限公司","02-66365566","台北市重慶南路一段83號5樓","資誠聯合會計師事務所","蕭春鴛","林佳鴻","LONGWELL　　","10th FL., No.36, Sec. 1, Chang An E. RoadTaipei, Taiwan, R.O.C.　　","02-25681488","LW6290@longwell.com.tw","http://www.longwell.com","李博宇","董事長特助","02-25433567#314","paul.lee@longwell.com.tw","http://www.longwell.com.tw/Investment/tou-zi.asp","－"
"6291","沛亨半導體股份有限公司","沛亨","半導體業","－","新竹縣竹北市博愛街945號","	86541238","黃子瑋","陳銘俊","黃子瑋","董事長","陳銘俊","03-5535565","1992/01/20","2004/01/28",新台幣                 10.0000元,420000000,42000000,0,0,合併,每年,董事會,"中國信託商業銀行代理部","02-66365566","台北市重慶南路一段83號5樓","安侯建業聯合會計師事務所","黃海寧","鄭安志","AIC","No.945, Bo'ai St., Zhubei City,Hsinchu, Taiwan, R.O.C.","03-5772500","PR@analog.com.tw","www.analog.com.tw","林春美","專案副理","03-5535565","PR@analog.com.tw","https://www.analog.com.tw/investors_D_01.html","https://www.analog.com.tw/investors_B.html"
"6292","迅德興業股份有限公司","迅德","電子零組件業","－","桃園縣龜山鄉民生北路一段38-1號","	22133530","陳嘉雄","蕭春桂","張美薇","財務行政部經理","劉靜宜","03-3554556","1986/05/19","2003/11/26",新台幣                 10.0000元,466007120,46600712,0,0,合併,每年,董事會,"永豐金證券股份有限公司","02-23816288","台北市博愛路17號3樓","資誠聯合會計師事務所","吳偉豪","鄭雅慧","　　AXIS","　　38-1,Ming Shen N. Rd.,Sec. 1,Kuei-Shan,　　Taoyuan , Taiwan","03-3554558","publicfin@axis.com.tw","www.axis.com.tw","張美薇","財務行政部經理","03-3554556 ext661","publicfin@axis.com.tw","www.axis.com.tw","－"
"6294","智基科技開發股份有限公司","智基","文化創意業","－","台南市北區成功路114號10樓之1","	97306837","邱仕榮","宋彩蓮","黃盈圖","財務協理","林宛柔","06-2258899","1996/12/21","2004/01/13",新台幣                 10.0000元,260471060,26047106,0,0,合併,每年,董事會,"福邦證券股份有限公司股務代理部","02-23711658","台北市中正區忠孝西路一段６號６樓","資誠聯合會計師事務所","葉芳婷","徐惠榆","Tekom","10F.-1, No.114, Chenggong Rd., North Dist., Tainan City 704, Taiwan (R.O.C.)Tainan City , Taiwan (R.O.C.)","06-2207979","ianhuang@cek.com.tw","http://www.tekom.com.tw/","黃盈圖","財務協理","04-22221878","ianhuang@cek.com.tw","http://www.tekom.com.tw/","－"
"6411","晶焱科技股份有限公司","晶焱","半導體業","－","235603新北市中和區建八路2號18樓","	28081989","李俊昌","姜信欽","洪如真","營運長暨市場部副總","張偉達","(02)82278989","2006/01/20","2014/03/11",新台幣                 10.0000元,992306310,99230631,0,0,合併,每年,董事會,"群益金鼎證券股份有限公司","(02)27023999","台北市大安區敦化南路2段97號B2","安侯建業聯合會計師事務所","陳明輝","郭欣頤","Amazing","18F., No. 2, Jian 8th Rd., Zhonghe Dist.,New Taipei City 235603, Taiwan","(02)82278969","finance@amazingIC.com","www.amazingIC.com","王志隆","稽核主管","(02)82278989","Finance@amazingIC.Com","www.amazingIC.com","www.amazingIC.com"
"6417","韋僑科技股份有限公司","韋僑","通信網路業","－","台中市大里區仁化工二路99號","	16877131","曾穎堂","江鴻佑","張祐棋","總經理室協理","陳小萍","04-24925298","1999/03/23","2015/10/08",新台幣                 10.0000元,422740000,42274000,0,0,合併,每年,股東會,"元大證券股份有限公司股務代理部","02-25865859","106臺北市大安區敦化南路2段67號地下一樓","勤業眾信聯合會計師事務所","許瑞隆","劉力維","SAG","NO. 99, Renhuagong 2nd Rd., Dali Dist.Taichung 412. Taiwan","04-24927388","public@sag.com.tw","www.sag.com.tw","張祐棋","總經理室協理","04-24925298","public@sag.com.tw","https://www.sag.com.tw/investor-relations/","https://www.sag.com.tw/corporate-governance-structure/"
"6418","詠昇電子股份有限公司","詠昇","電子零組件業","－","桃園市中壢區中福路二段十巷二號","	22774892","張祐銘","林孝勳","林孝勳","總經理","魏惠茹","03-4527666","1988/02/03","2019/02/18",新台幣                 10.0000元,345220000,34522000,0,0,合併,每年,股東會,"統一綜合證券股份有限公司","02-27463797","台北市松山區東興路8號地下一樓","資誠聯合會計師事務所","葉翠苗","于智帆","Y-S ELEC.","No.2, Lane 10, Sec. 2, ZhongFu Road,ZhongLi Dist. Taoyuan, Taiwan, R.O.C.","03-4527661","yselec@yselec.com.tw","https://www.yselec.com.tw","魏惠茹","財務長","03-4528098","yselec@yselec.com.tw","https://tw.yselec.com.tw/service_2/88.htm","https://tw.yselec.com.tw/service_2/88.htm"
"6419","京晨科技股份有限公司","京晨科","光電業","－","新北市中和區建八路16號18樓之2","	28212547","楊文彬","楊文彬","楊文彬暫代","總經理","楊文彬","(037)-776168","2006/08/17","2014/12/29",新台幣                 10.0000元,131591700,13159170,2725997,0,合併,每年,董事會,"永豐金證券股務代理部","(02)23816288","台北市博愛路17號3樓","眾智聯合會計師事務所","游佩靜","王智立","NUUO","18F.-2, No. 16, Jian 8th Rd., Zhonghe Dist.New Taipei City 235, Taiwan (R.O.C.)","(02)87732260","efin@nuuo.com","http://www.nuuo.com","謝秉暾","經理","(037)-776168","anderson_hsieh@nuuo.com","https://nuuo.com/nvestor-relations-stakeholder-contacts/","https://nuuo.com/corporate-governance-2/"
"6423","億而得微電子股份有限公司","億而得","半導體業","－","新竹縣竹北市台元二街12號11樓之2","	12894399","黃文謙","黃文謙","陳香綺","協理","賴盈君","03-5526035","2001/09/04","2026/01/22",新台幣                 10.0000元,310160000,31016000,0,0,個別,每年,董事會,"元大證券(股)公司股務代理部","02-25865859","臺北市大安區敦化南路2段67號地下一樓","勤業眾信聯合會計師事務所","林心彤","林政治","YMC","11F-2, No. 12, Taiyuan 2nd St., Zhubei City,Hsinchu County 302082 , Taiwan (R.O.C.)","03-5526036","ir@ymc.com.tw","www.ymc.com.tw","賴盈君","經理","035526035","ir@ymc.com.tw","https://www.ymc.com.tw/index.php?action=investor&cid=2&id=5","https://www.ymc.com.tw/index.php?action=investor&cid=3"
"6425","易發精機股份有限公司","易發","電機機械","－","桃園市中壢區自強四路3-2號","	22994919","羅文進","劉國麟","洪士傑","董事長室特助","邱耀進","03-4514199","1988/08/22","2019/01/18",新台幣                 10.0000元,486020000,48602000,0,0,合併,每年,股東會,"福邦證券股份有限公司","02-23711658","台北市中正區忠孝西路一段6號6樓","勤業眾信聯合會計師事務所","張至誼","洪國田","EFC","No.3-2, Ziqiang 4th Rd., Zhongli CityTaoyuan County 320, Taiwan (R.O.C.)","03-4517898","pr@efctw.com","https://www.efctw.com","邱耀進","管理部副總","03-4514199","pr@efctw.com","https://www.efctw.com","https://www.efctw.com"
"6432","今展科技股份有限公司","今展科","電子零組件業","－","新北市三重區重新路五段646號14樓","	12688172","王琴賢","王琴賢","任若琳","財務長","楊偉堅","02-29998313","2001/02/20","2015/05/20",新台幣                 10.0000元,333168800,33316880,0,0,合併,每年,股東會,"永豐金證券股務代理部","02-23816288","台北市博愛路17號3樓","勤業眾信聯合會計師事務所","劉建良","呂相瑩","ARLITECH","14F , NO. 646 ESC . 5,CHUNG HSING RD.,SANCHUNG.NEW TAIPEI CITY,TAIWAN,R.O.C","02-29997582","vivian_jen@arlitech.com.tw","www.arlitech.com.tw","任若琳","財務長","02-29998313","vivian_jen@arlitech.com.tw","www.arlitech.com.tw","－"
"6435","大中積體電路股份有限公司","大中","半導體業","－","新竹科學園區篤行一路6號5樓","	28112723","薛添福","薛添福","薛添福","董事長暨總經理","吳顯威","(03)563-5818","2008/08/14","2016/01/07",新台幣                 10.0000元,374613000,37461300,0,0,個別,每年,董事會,"元富證券股份有限公司股務代理部","(02)2768-6668","台北市光復北路11巷35號B1","資誠聯合會計師事務所","李典易","白淑蒨","Sinopower","5F,No.6,Dusing 1st Rd.,Hsinchu Science Park,Hsinchu 300,Taiwan","(03)563-5080","ir@sinopowersemi.com","www.sinopowersemi.com","陳麗嬌","處長","(03)563-5818","joycechen@sinopowersemi.com","https://www.sinopowersemi.com/investors/","https://www.sinopowersemi.com/investors/"
"6441","廣錠科技股份有限公司","廣錠","電腦及週邊設備業","－","新北市汐止區新台五路一段93號24樓","	53562649","廖良彬","林建驊","陳證交","營運長","黃慧蘭","77535888","2011/12/13","2017/09/27",新台幣                 10.0000元,533184290,53318429,0,0,合併,每年,股東會,"中國信託代理部","(02)6636-5566","100台北市重慶南路一段83號5樓","安侯建業聯合會計師事務所","潘俊名","張淑瑩","IBS","24F., No. 93, Sec. 1, Xintai 5th Rd., Xizhi Dist.,New Taipei City 221, Taiwan (R.O.C.)","26975988","ibg@ibasegaming.com","https://www.ibasesolution.com.tw","黃慧蘭","財務長","77535888","tina@ibasesolution.com","https://www.ibasesolution.com.tw","https://www.ibasesolution.com.tw/investor-company-rules"
"6461","益得生物科技股份有限公司","益得","生技醫療業","－","台北市內湖區瑞光路358巷36號3樓","	53104031","林智暉","Manish Chawla","皮先智","發言人","暫缺","02-77218877","2010/10/28","2018/03/28",新台幣                 10.0000元,1784047610,178404761,14533761,0,個別,每年,股東會,"元大證券(股)公司股務代理部","02-25865859","臺北市大安區敦化南路2段67號地下一樓","勤業眾信聯合會計師事務所","洪偉倫","陳招美","Intech","3F., No.36, Ln. 358, Ruiguang Rd.,Neihu Dist., Taipei City 114, Taiwan","02-77218800","investor@intechbiopharm.com","http://www.intechbiopharm.com","皮先智","發言人","02-77218877","investor@intechbiopharm.com","investor@intechbiopharm.com","－"
"6462","神盾股份有限公司","神盾","半導體業","－","台北市內湖區瑞光路360號2樓之1","	28835517","羅森洲","羅森洲","李宜平","資深副總經理","張心玲","(02)26589768","2007/12/26","2015/12/23",新台幣                 10.0000元,912507540,91250754,7868000,0,合併,每年,董事會,"元大證券股務代理部","(02)25865859","台北市大安區敦化南路二段67號B1","安永聯合會計師事務所","許新民","陳智忠","EGIS","2F-1, No. 360, Ruiguang Road, Neihu DistrictTaipei City , Taiwan (R.O.C.)","(02)26588368","ir@egistec.com","http://www.egistec.com","李宜平","資深副總經理","(02)26589768","ir@egistec.com","https://www.egistec.com/zh-hant/stakeholder/","https://www.egistec.com/zh-hant/company_govern/"
"6465","威潤科技股份有限公司","威潤","通信網路業","－","台北巿內湖區潭美街539號6樓","	24497254","吳佳蓉","吳佳蓉","吳柏慶","技術長","鄭憲涵","02-2797-5852","2010/01/19","2015/11/20",新台幣                 10.0000元,470736850,47073685,25068529,0,合併,每年,董事會,"台新綜合證券股份有限公司","02-2504-8125","台北市建國北路一段96號B1","資誠聯合會計師事務所","于智帆","葉翠苗","ATrack","6F., No. 539, Tanmei StNeihu Dist., Taipei City 114","02-2797-4030","ir@atrack.com.tw","http://www.atrack.com.tw","吳柏慶","技術長","02-2797-5852","ir@atrack.com.tw","https://www.atrack.com.tw/tw/investor/49","https://www.atrack.com.tw/tw/investor/40"
"6469","大樹醫藥股份有限公司","大樹","生技醫療業","－","桃園市桃園區復興路186號18樓","	12803476","鄭明龍","鄭明龍","盧山峰","副總經理","吳淑宜","03-4333123","2001/05/15","2016/03/30",新台幣                 10.0000元,1496992020,149699202,0,0,合併,每年,董事會,"台新綜合證券(股)公司股務代理部","(02)2504-8125","台北市建國北路一段96號地下一樓","安永聯合會計師事務所","鄭清標","張志銘","Great Tree","18F.,No.186, Fuxing Rd.,Taoyuan Dist.,Taoyuan City 330, Taiwan, R.O.C","03-4333033","stock@greattree.com.tw","http://www.greattree.com.tw","吳淑宜","財務部協理","03-4333123","stock@greattree.com.tw","http://www.greattree.com.tw/article-page/investor","http://www.greattree.com.tw/article-page/investor"
"6470","宇智網通股份有限公司","宇智","通信網路業","－","新竹市金山八街1號3樓","	27375986","袁允中","袁允中","袁允中","董事長","王英傑","03-5797969","2004/06/15","2015/11/03",新台幣                 10.0000元,376941000,37694100,0,0,合併,每年,董事會,"宏遠證券股份有限公司","(02)7719-8899","台北市大安區信義路4段236號3樓","勤業眾信聯合會計師事務所","蔡美貞","林心彤","U-MEDIA","3F,No.1,Jin-Shan 8th St.,Hsinchu 300,Taiwan,R.O.C.","03-5798718","ir@u-media.com.tw","http://www.u-media.com.tw","王英傑","董事長特助","03-5797969","ir@u-media.com.tw","http://www.u-media.com.tw","http://www.u-media.com.tw"
"6474","華豫寧股份有限公司","華豫寧","電子通路業","－","台中市北區進化北路238號4樓之8","	84094369","連智民","黃炳順","蔡武安","財會部協理","李昇達","04-24622560","1992/12/23","2025/11/25",新台幣                 10.0000元,525261990,52526199,0,0,合併,每年,股東會,"華南永昌綜合證券股份有限公司","02-27186425","台北市松山區民生東路四段五十四號四樓","勤業眾信聯合會計師事務所","蘇定堅","曾棟鋆","WFE","4F-8.NO.238.CHIN HUA N. RD.,N. DIST.TAICHUNG CITY , TAIWAN","04-24622285","ir@wfe.com.tw","http:// www.wfe.com.tw","蔡武安","財會部協理","04-24622560","ir@wfe.com.tw","https://www.wfe.com.tw/csr.php?A_0=60","https://www.wfe.com.tw/csr.php?A_0=62"
"6482","弘煜科技事業股份有限公司","弘煜科","文化創意業","－","台中市臺灣大道二段186號15樓之2","	25064206","洪而立","洪而立","劉素幸","協理","劉昱昌","04-2322-2886","2009/11/05","2016/06/13",新台幣                 10.0000元,286344630,28634463,0,0,合併,每年,股東會,"富邦綜合證券(股)公司股務代理部","(02)2361-1300","100台北市中正區許昌街17號11樓","安侯建業聯合會計師事務所","陳燕慧","郭士華","FUN YOURS","15F.,NO.186 Sec.2,Taiwan Blvd.,Taichung,Taiwan","04-2322-2971","public@fy.com.tw","www.fy.com.tw","劉素幸","協理","04-23222886","susan@fy.com.tw","http://fy.com.tw/investors/investors_1.htm","https://www.fy.com.tw/investors/investors2_3.htm"
"6485","點序科技股份有限公司","點序","半導體業","－","新竹縣竹北市環科一路31號8樓之1","	28927852","劉坤旺","顏文鴻、陳孟豪","陳美智","處長","吳佩芬","03-5736032","2008/02/13","2015/11/17",新台幣                 10.0000元,452470080,45247008,2175000,0,合併,每年,股東會,"元大證券股份有限公司股務代理部","(02)2586-5859","臺北市大安區敦化南路二段67號B1","勤業眾信聯合會計師事務所","&#28201;智源","蔡美貞","ASolid","8F.-1, No. 31, Huanke 1st Rd., Zhubei City,Hsinchu County 302 , Taiwan (R.O.C)","03-5736300","IR@asolid-tek.com","www.asolid-tek.com","陳美智","處長","03-5736032","IR@asolid-tek.com","www.asolid-tek.com","https://asolid-tek.com/§????H±M°?/???q?v?z/"
"6486","互動國際數位股份有限公司","互動","通信網路業","－","新北市五股區五工五路三十八之一號","	80192260","黃文芳","劉美蘭","陳美琪","副總經理","吳耀庭","(02)2298-3456","2003/05/14","2016/09/13",新台幣                 10.0000元,508932860,50893286,0,0,合併,每年,董事會,"富邦綜合證券股份有限公司","(02)2361-1300","台北市中正區許昌街十七號十一樓","安侯建業聯合會計師事務所","黃明宏","張惠貞","IDT","No.38-1,Wugong 5th Rd.,Wugu District,New Taipei City,Taiwan,R.O.C.","(02)2299-0399","invest@idtech.com.tw","http://www.idtech.com.tw/","陳美琪","副總經理","(02)2298-3456","invest@idtech.com.tw","https://www.idtech.com.tw/stakeholder","https://www.idtech.com.tw/investor-corporate"
"6488","環球晶圓股份有限公司","環球晶","半導體業","－","新竹科學園區新竹市工業東二路八號","	28113286","徐秀蘭","Mark England","彭欣瑜","董事長特別助理","何禧樂","03-5772255","2011/10/18","2015/09/25",新台幣                 10.0000元,4781137250,478113725,0,0,合併,每半會計年度,董事會,"元大證券(股)公司股務代理部","02-2586-5859","台北市大安區敦化南路二段67號地下一樓","安侯建業聯合會計師事務所","黃泳華","吳俊源","GWC","No. 8. Industrial East Road 2, Hsinchu Science Park, Taiwan, R.O.C.Taiwan R.O.C","03-5781706","GWCIR@sas-globalwafers.com","http://www.sas-globalwafers.com","彭欣瑜","發言人","03-5772255","GWCIR@sas-globalwafers.com","https://www.sas-globalwafers.com/stakeholder/","https://www.sas-globalwafers.com/corporate/"
"6492","生華生物科技股份有限公司","生華科","生技醫療業","－","新北市新店區北新路3段225號10樓","	54021973","胡定吾","黃品諺","張小萍","執行副總經理暨財務長","黃品諺","(02)89119856","2012/11/16","2017/04/24",新台幣                 10.0000元,899036200,89903620,0,0,合併,每年,股東會,"永豐金證券(股)公司股務代理部","(02)23816288","台北市博愛路17號3樓","資誠聯合會計師事務所","蔡蓓華","鄧聖偉","SH","10F., No. 225, Sec. 3, Peihsin Rd., Hsintien Dist.,New Taipei City, Taiwan","(02)89119956","service@senhwabio.com","http://www.senhwabio.com","柯鈞騰","投資人關係經理","02-89119856#207","jonathanko@senhwabio.com","https://www.senhwabio.com/tw/communication-and-collaboration","https://www.senhwabio.com/tw/about"
"6494","九齊科技股份有限公司","九齊","半導體業","－","新竹市水利路81號7樓之1","	28509490","陳建隆","陳建隆","黃英傑","資深經理","汪乃儀","03-5169077","2006/10/30","2016/05/09",新台幣                 10.0000元,315596900,31559690,0,0,合併,每年,董事會,"群益金鼎證券股份有限公司","02-27035000","台北市大安區敦化南路二段97號B2","勤業眾信聯合會計師事務所","劉書琳","張至誼","Nyquest","7F-1, No.81, Shuilli  RoadHsinchu, Taiwan, R.O.C.","03-5169076","ir@nyquest.com.tw","www.nyquest.com.tw","汪乃儀","管理部處長","(03)5169077","ir@nyquest.com.tw","www.nyquest.com.tw/tw/investor/stakeholder_issue","www.nyquest.com.tw/tw/investor/company_board"
"6496","科懋生物科技股份有限公司","科懋","生技醫療業","－","台北市南港區忠孝東路七段508號5樓","	23024594","陳澤民","陳澤民","陳銘策","財務會計處處長","陳佳琳","(02)2655-7568","1988/07/21","2016/01/07",新台幣                 10.0000元,475027550,47502755,0,0,合併,每年,股東會,"元富證券股份有限公司股務代理部","(02)2768-6668","台北市光復北路11巷35號B1","安侯建業聯合會計師事務所","黃柏淑","黃采絹","Excelsior","5F, No. 508, Sec. 7, Zhongxiao E. Rd., Nangang Dist.Taipei City 115011, Taiwan","(02)2655-7916","ir@excelsiorgroup.com.tw","http://www.excelsiorgroup.com.tw","陳銘策","財務會計處處長","0965716496","ir@excelsiorgroup.com.tw","http://www.excelsiorgroup.com.tw/Stakeholders.aspx","－"
"6498","久禾光電股份有限公司","久禾光","光電業","－","臺中市西屯區工業區六路8號3樓","	80579685","王世岳","鄭錫勳","鄭錫勳","總經理","程銀娜","04-2355-0816","2003/11/03","2025/05/20",新台幣                 10.0000元,471648920,47164892,0,0,合併,每年,董事會,"永豐金證券(股)公司","02-2381-6288","台北市中正區博愛路17 號3 樓","安侯建業聯合會計師事務所","辛郁婷","王怡文","PTIC","No.8, Gongyequ 6th RdTaichung City 40755, Taiwan (R.O.C.)","04-2355-0806","6498@ptic.co","https://ptic.com.tw/","程銀娜","財務暨管理部協理","0929-886498","6498@ptic.co","https://ptic.com.tw/zh-tw/stakeholder.php","https://ptic.com.tw/zh-tw/governance.php"
"6499","益安生醫股份有限公司","益安","生技醫療業","－","台北市士林區後港街116號7F","	54150856","張有德","張有德","陳靖宜","副總經理","張&#28702;文","02-28816686","2012/12/22","2016/07/27",新台幣                 10.0000元,969448930,96944893,0,0,合併,每年,董事會,"群益金鼎證券股份有限公司","02-27023999","台北市大安區敦化南路2段97號B2","資誠聯合會計師事務所","林冠宏","梁華玲","Medeon","7F., No.116, Hougang St., Shilin Dist.Taipei City 111, Taiwan","02-28816907","IR@medeonbio.com","www.medeonbiodesign.com","陳靖宜","副總經理","02-28816686","IR@medeonbio.com","www.medeonbiodesign.com","https://www.medeonbiodesign.com/investors-corporate-governance/?lang=zh"
"6506","雙邦實業股份有限公司","雙邦","紡織纖維","－","南投縣南投市永興路3號","	23531297","張崇棠","許瑜娟","許瑜娟","總經理","林敏珠","049-2257450","1989/11/17","2011/05/03",新台幣                 10.0000元,823608260,82360826,0,0,合併,每年,董事會,"群益金鼎證券股份有限公司","02-27023999","台北市敦化南路二段97號B2","維揚聯合會計師事務所","柯俊禎","林惠芬","SBI　　","NO.3, Yongsing Road, Nantou City,　　Nantou County 540, Taiwan, R. O. C.","049-2257436","contact@sbinet.com.tw","http://www.shuang-bang.com","林敏珠","財務主管","049-2257450#301","nitalin@sbinet.com.tw","http://www.shuang-bang.com/stake.html","https://www.shuang-bang.com/invest-8.html"
"6508","惠光股份有限公司","惠光","農業科技","－","台南市麻豆區麻佳路一段259號","	69546202","陳冠華","陳冠華","朱秋碧","副總經理","黃叔眉","06-5702181","1965/12/17","2004/03/22",新台幣                 10.0000元,865388640,86538864,0,0,合併,每年,董事會,"永豐金證券股務代理部","02-23816288","台北市中正區博愛路17號3樓","資誠聯合會計師事務所","徐惠榆","葉芳婷","HKC　　","259 Section 1 Majia Road, MadouTainan , Taiwan","06-5700065","anita@huikwang.com","http://www.huikwang.com/index.php?c=index","朱秋碧","副總經理","06-5702181分機218","anita@huikwang.com","http://www.huikwang.com/index.php?c=index","http://www.huikwang.com/index.php?c=index"
"6509","聚和國際股份有限公司","聚和","化學工業","－","高雄市大寮區潮寮里華東路28號","	04243562","郭聰田","郭聰田","鄭仲生","執行副總","于雯慧","07-7887600","1975/02/07","2004/04/12",新台幣                 10.0000元,1965433260,196543326,0,0,合併,每年,董事會,"中國信託商業銀行代理部","02-6636-5566","台北市重慶南路一段83號5樓","勤業眾信聯合會計師事務所","吳秋燕","許凱甯","HOPAX　","No. 28, Hua Dong Rd., Chaoliao VillageDaliao Dist., Kaohsiung City, Taiwan","07-7875853","investor@hopax.com.tw","www.hopax.com","鄭仲生","執行副總","07-7887600","investor@hopax.com.tw","https://www.hopax.com/zh-tw/investor/overview","https://www.hopax.com/zh-tw/investor/enterprise-law"
"6510","中華精測科技股份有限公司","精測","半導體業","－","桃園巿平鎮區工業三路15號","	27879121","洪維國","黃水可","黃水可","總經理","許憶萍","(03)4691234","2005/08/26","2016/03/24",新台幣                 10.0000元,327890220,32789022,0,0,合併,每年,股東會,"台新證券股務代理部","(02)25048125","10489台北市建國北路一段96號B1","資誠聯合會計師事務所","劉倩瑜","李典易","CHPT","15 Gongye 3rd Road, Pingjhen Dist,Taoyuan City 324, Taiwan, R.O.C","(03)4693119","chpt@chpt.com","https://www.chpt.com","曾婷芝","主任管理師","(03)4691234","investor@chpt.com","https://www.chpt.com/xmdoc/cont?xsmsid=0J364622675227810670","https://www.chpt.com/xmdoc/cont?xsmsid=0G328562260181412833"
"6512","啟發電子股份有限公司","啟發電","其他電子業","－","新竹縣竹北市復興一街251號5樓之1","	28133327","張鈺欽","張鈺欽","吳佳芳","協理","葉向林","03-6681958","2006/03/28","2016/03/25",新台幣                 10.0000元,252600000,25260000,0,0,合併,每年,股東會,"兆豐證券股份有限公司","02-33930898","台北市忠孝東路二段95號1樓","勤業眾信聯合會計師事務所","林政治","葉東煇","GoMax","5F.-1, No.251, Fuxing 1st St., Zhubei City30271 Hsinchu , Taiwan (R.O.C.)","03-6681908","IR@gomax-electronics.com.tw","http://www.gomax-electronics.com.tw/","吳佳芳","協理","0965-186512","IR@gomax-electronics.com.tw","http://www.gomax-electronics.com.tw/","https://www.gomax-electronics.com.tw/tw/investors"
"6516","勤崴國際科技股份有限公司","勤崴國際","資訊服務業","－","台北市中正區羅斯福路二段100號4樓","	28835663","柯應鴻","黃晟中","黃晟中","總經理","尤鈺菁","(02)2363-5445","2007/12/26","2019/05/06",新台幣                 10.0000元,563369350,56336935,0,0,個別,每年,股東會,"元大證券(股)公司","(02)2586-5859","臺北市大安區敦化南路2段67號地下一樓","勤業眾信聯合會計師事務所","高逸欣","江美艷","KINGWAY","4F.,No 100, Sec 2, Roosevelt Rd.,Taipei City 100, Taiwan. R.O.C","(02)2363-5497","i_service@kingwaytek.com","www.kingwaytek.com","尤鈺菁","協理","(02)2363-5445#168","i_service@kingwaytek.com","www.kingwaytek.com/stakeholders.html","www.kingwaytek.com/management.html"
"6517","保勝光學股份有限公司","保勝光學","光電業","－","台中市潭子區建國路14號","	55174031","方幼玲","葉霖松","黃雅蓉","財會主管","廖惠蘭","04-25320168","1970/07/30","2022/12/15",新台幣                 10.0000元,305790530,30579053,0,0,合併,每年,股東會,"凱基證券股份有限公司","0223892999","10044台北市中正區重慶南路一段2號5樓","勤業眾信聯合會計師事務所","呂宜真","張至誼","BASO","14,Chien-Kuo Road,Taichung Export Processing ZoneTantzu,Taichung,Taiwan","04-25332501","Investor@baso.com.tw","http://www.baso.com.tw","黃雅蓉","財會主管","04-25320168","Investor@baso.com.tw","http://www.baso.com.tw/cht/investor1.aspx","https://www.baso.com.tw/investors/4"
"6523","達爾膚生醫科技股份有限公司","達爾膚","生技醫療業","－","台北市中山區南京東路三段70號13樓","	80167706","吳奕叡","吳奕叡","鄭淑菁","財務長","吳奕叡","(02)2517-9888","2003/03/10","2016/06/16",新台幣                 10.0000元,450476250,45047625,0,0,合併,每季,董事會,"中國信託商業銀行(股)公司代理部","(02)6636-5566","台北市中正區重慶南路一段83號5樓","資誠聯合會計師事務所","于智帆","葉翠苗","DR.WU","13F., No. 70, Sec. 3, Nanjing E. Rd., Zhongshan Dist.,Taipei City 104, Taiwan, R.O.C.","(02)2517-8333","ir@drwu.com","http://www.drwu.com","鄭淑菁","財務長","(02)2517-9888","ir@drwu.com","https://www.drwu.com/pages/investor","－"
"6527","明達醫學科技股份有限公司","明達醫","生技醫療業","－","桃園市桃園區中山路956巷116號","	25057697","李重儀","莊仲平","莊仲平","總經理","暫缺","(03)3607711","2009/10/26","2019/12/25",新台幣                 10.0000元,254585500,25458550,0,0,合併,每年,董事會,"兆豐證券股份有限公司股務代理部","(02)33930898","台北市忠孝東路二段95號1樓","安侯建業聯合會計師事務所","許詩淳","唐慈杰","Crystalvue","No.116, Ln. 956, Zhongshan Rd., Taoyuan Dist.,Taoyuan City 33072, Taiwan","(03)3607722","Shareholder@crystalvue.com.tw","http://www.crystalvue.com.tw","莊仲平","總經理","(03)3607880","Shareholder@crystalvue.com.tw","https://www.crystalvue.com.tw/zh-tw/social_responsibility.php","https://www.crystalvue.com.tw/zh-tw/investor_regulations.php"
"6530","創威光電股份有限公司","創威","通信網路業","－","新北市新店區寶中路119號6樓","	13067290","陳文宗","陳文宗","陳鵬宇","財務經理","黃宗豪","(02)89111840","2002/04/15","2018/01/23",新台幣                 10.0000元,337500000,33750000,0,0,個別,每年,股東會,"宏遠證券股份有限公司","(02)2326-8818","台北市大安區信義路四段236號3樓","勤業眾信聯合會計師事務所","王攀發","彭以驊","Axcen","6F No. 119 Baozhong Road, Xindian DistrictNew Taipei City, Taiwan R.O.C.","(02)89111825","admin@axcen.com.tw","www.axcen.com.tw","陳鵬宇","財務經理","(02)89111840","admin@axcen.com.tw","https://axcen.com.tw/tw/doc/2","https://axcen.com.tw/tw/about/10?root=7"
"6532","瑞耘科技股份有限公司","瑞耘","半導體業","－","新竹縣湖口鄉新竹工業區大同路19號","	16394917","呂學恒","呂學恒","呂學恒","董事長","吳瑞嬌","03-5976789","1998/03/05","2016/09/26",新台幣                 10.0000元,374451470,37445147,0,0,合併,每年,董事會,"群益金鼎證券股份有限公司","(02)2703-5000","台北市大安區敦化南路二段97號B2","資誠聯合會計師事務所","李典易","白淑蒨","CT","No.19,Datong Rd., Hsin-Chu Industrial Park, Hukou Township,Hsinchu County 303035, Taiwan","03-5972266","ir@calitech.com.tw","http://www.calitech.com.tw","吳瑞嬌","副總經理","03-5976789","ir@calitech.com.tw","http://www.calitech.com.tw/zh-tw/investor/interested","－"
"6535","順天醫藥生技股份有限公司","順藥","生技醫療業","－","台北市南港區園區街3-2號4樓","	12663974","王素琦","葉聖文","班韜","事業發展處經理","李叔樺","02-2655-7918","2000/11/13","2016/09/26",新台幣                 10.0000元,1688168250,168816825,32948000,0,合併,每年,股東會,"群益金鼎證券股份有限公司","27035000","台北市大安區敦化南路2段97號B2","資誠聯合會計師事務所","蔡蓓華","顏裕芳","LUMOSA","4F, NO. 3-2, PARK ST., NANGANG DIST.,TAIPEI CITY, TAIWAN","02-2655-7919","spokesperson@lumosa.com.tw","www.lumosa.com.tw","班韜","事業發展處經理","02-2655-7918","02-2655-7918","https://www.lumosa.com.tw/tw/investor/stakeholder_and_contact_window","https://www.lumosa.com.tw/tw/investor/corporate_governance_structure"
"6538","倉和股份有限公司","倉和","電子零組件業","－","桃園市龜山區萬壽路一段492之16號3樓","	84819223","陳柑富","林經洲","李正&#29641;","協理","鄧淑子","(03)3295666","1994/04/01","2016/10/21",新台幣                 10.0000元,380730000,38073000,0,0,合併,每年,董事會,"元大證券股份有限公司股務代理部","(02)25865859","臺北市大安區敦化南路2段67號地下一樓","勤業眾信聯合會計師事務所","郭乃華","周以隆","Brave Screen","3F, 492-16, Wan Shou Road, Sec.1, KweishanTaoyuan, Taiwan R.O.C","(03)3292555","spokesman@bch.com.tw","http://www.bch.com.tw","李正&#29641;","協理","03-3295666","spokesman@bch.com.tw","https://www.bch.com.tw/relationship","https://www.bch.com.tw/data-192656"
"6542","隆中網絡股份有限公司","隆中","文化創意業","－","臺中市北區健行路360號2樓之3","	53114404","顧剛維","顧剛維","蘇建東","財務副總","林佩宜","04-22360500","2010/12/06","2016/09/08",新台幣                 10.0000元,420006300,42000630,0,0,合併,每年,董事會,"元大證券股務代理部","02-25865859","臺北市大安區敦化南路2段67號地下一樓","資誠聯合會計師事務所","賴宗羲","徐建業","GAMESPARCS","Room. 3, 2F., No.360, Jianxing Road., North District.,Taichung City 40459, Taiwan (R.O.C.)","04-22360560","investor@gamesparcs.com","https://www.gamesparcs.com/","蘇建東","財務副總","04-22360500 #861","investor@gamesparcs.com","https://www.gamesparcs.com/esg/sustainable-governance/stakeholder","https://www.gamesparcs.com/investor/governance/overview"
"6546","正基科技股份有限公司","正基","通信網路業","－","新竹縣竹北市環科一路23號六樓之二","	12673109","陳明哲","魏瀅洳","魏瀅洳","總經理","蕭銘毅","03-6009666","2000/12/14","2022/05/24",新台幣                 10.0000元,668484490,66848449,0,0,合併,每年,股東會,"元富證券股務代理部","02-27686668","台北市松山區光復北路11巷35號B1","勤業眾信聯合會計師事務所","方涵妮","楊靜婷","AMPAK","6F-2., No. 23, Huanke 1st Rd., Zhubei City, Hsinchu County 302047, TaiwanHsinchu County 302047, Taiwan(R.O.C.)","03-6562838","Investor@ampak.com.tw","http://www.ampak.com.tw","蕭銘毅","協理","03-6009666","Investor@ampak.com.tw","http://www.ampak.com.tw","https://www.ampak.com.tw/tw/investor/goverance"
"6547","高端疫苗生物製劑股份有限公司","高端疫苗","生技醫療業","－","新竹科學工業園區新竹縣竹北市生醫三路68號","	53943057","張銘政","李思賢","李思賢","總經理","陳正揚","03-6684866","2012/10/12","2018/04/17",新台幣                 10.0000元,3287490500,328749050,0,0,合併,每年,股東會,"永豐金證券(股)公司股務代理部","02-23816288","100台北市博愛路17號3樓","安永聯合會計師事務所","郭紹彬","黃建澤","MVC","No.68, Shengyi 3rd Rd., Zhubei City,Hsinchu County 30261 , Taiwan","03-6684865","ir@medigenvac.com","http://www.medigenvac.com","李思賢","總經理","02-26515088","ir@medigenvac.com","https://www.medigenvac.com/investors_stakeholders.php","https://www.medigenvac.com/investors_board.php"
"6548","長華科技股份有限公司","長科*","半導體業","－","高雄市楠梓區開發路24號","	70849957","洪全成","洪全成","顏淑萍","經理","張輔仁","07-9628202","2009/12/24","2016/09/13",新台幣                  0.4000元,380195480,950488700,0,0,合併,每季,董事會,"永豐金證券股份有限公司","02-23816288","台北市博愛路17號3樓","勤業眾信聯合計師事務所","郭麗園","廖鴻儒","CWTC","NO. 24,Kai-Fa Road Nan-Tze Dist., Kaohsiung. Taiwan, R.O.C.Kaohsiung Taiwan, R.O.C.","07-9628203","cwtkh@cwtcglobal.com","www.cwtcglobal.com","張輔仁","總經理特助","07-3653592#216","cwtkh@cwtcglobal.com","www.cwtcglobal.com","https://www.cwtcglobal.com/%E8%91%A3%E4%BA%8B%E6%9C%83"
"6556","勝品電通股份有限公司","勝品","光電業","－","桃園市桃園區大誠路 10 號","	53184695","李宏銘","林貞宏","林貞宏","總經理","簡翊如","03-3628528","2010/10/07","2017/10/31",新台幣                 10.0000元,287500000,28750000,5750000,0,合併,每年,董事會,"台新證券股務代理部","02-25048125","台北巿建國北路一段96號地下一樓","勤業眾信聯合會計師事務所","陳彥君","鄭欽宗","Topview","No.10, Dacheng Rd., Taoyuan Dist.,Taoyuan City 330, Taiwan, ROC.","03-3648528","pr@topviewcorp.com","www.topviewcorp.com","林貞宏","總經理","033628528","pr@topviewcorp.com","https://www.topviewcorp.com/posts/en/investor_relations/","https://www.topviewcorp.com/posts/en/investor_relations/"
"6560","欣普羅光電股份有限公司","欣普羅","光電業","－","新北市新莊區思源路23號6F","	70643081","陳義文","陳義文","劉繼鴻","副總經理","陳義文","02-89944718","1999/10/05","2017/01/24",新台幣                 10.0000元,324747150,32474715,6600000,0,個別,每年,股東會,"富邦綜合證券(股)公司股務代理部","(02)2361-1300","台北市中正區許昌街17號11樓","勤業眾信聯合會計師事務所","陳彥君","方蘇立","APPROPHO","6F, No.23, Siyuan Rd.Xinzhuang Dist., New Taipei City, Taiwan","02-89944716","appro@appropho.com","http://www.appropho.com","劉繼鴻","副總經理","02-89944718","charles@appropho.com","http://www.appropho.com","https://www.appropho.com/investor02.html?type=11"
"6561","是方電訊股份有限公司","是方","通信網路業","－","台北市內湖區瑞光路68號2樓","	86000036","邵泓嘉","劉耀元","劉耀元","總經理","張霖棟","(02)2657-6688","1991/01/19","2018/06/05",新台幣                 10.0000元,779583700,77958370,0,0,合併,每半會計年度,董事會,"元大證券股份有限公司股務代理部","(02)2586-5859","臺北市大安區敦化南路2段67號B1","資誠聯合會計師事務所","陳憲正","周筱姿","Chief","2F, No. 68, Ruiguang Rd., Nei-hu Dist.,Taipei City, Taiwan","(02)2792-0087","ir_chief@chief.com.tw","www.chief.com.tw","劉耀元","總經理","(02)2657-6688","ir_chief@chief.com.tw","www.chief.com.tw/esg/stakeholder/","www.chief.com.tw/investor/chief_corporate_governance/"
"6568","宏觀微電子股份有限公司","宏觀","半導體業","－","新竹縣竹北市成功十二街28號8樓","	28514260","Cheng David(鄭揚)","陳俊傑","陳俊傑","總經理","蘇琴雅","(03)5506258","2006/11/06","2016/12/28",新台幣                 10.0000元,308290000,30829000,0,0,合併,每年,董事會,"中國信託商業銀行代理部","(02)66365566","台北市重慶南路一段83號5樓","資誠聯合會計師事務所","廖阿甚","李典易","Rafael Micro","8F., No.28, Chenggong 12th St., Zhubei CityHsinchu County , Taiwan (R.O.C.)","(03)5506228","rafael.ir@rafaelmicro.com","http://www.rafaelmicro.com","陳俊傑","總經理","(03)5506258","rafael.ir@rafaelmicro.com","https://www.rafaelmicro.com/investor-relations/","https://www.rafaelmicro.com/corporate-governance"
"6569","醫揚科技股份有限公司","醫揚","生技醫療業","－","新北市新店區寶橋路235巷135號4樓","	29135647","莊永順","莊富鈞","陳盈德","副總經理","楊祥芝","(02)8919-2188","2010/02/02","2016/12/21",新台幣                 10.0000元,390707450,39070745,0,0,合併,每年,股東會,"台新證券股務代理部","(02)2504-8125","台北市建國北路一段96號B1","資誠聯合會計師事務所","張淑瓊","謝瑋莉","onyx","4F., No.135, Ln. 235, Baoqiao Rd.,Xindian Dist., New Taipei City 231, ROC","(02)8919-1699","speaker@onyx-healthcare.com","http://www.onyx-healthcare.com/","陳盈德","副總經理","(02)8919-2188","speaker@onyx-healthcare.com","https://www.onyx-healthcare.com/investor_tw_1.php","https://www.onyx-healthcare.com/csr_tw_1.php"
"6570","維田科技股份有限公司","維田","電腦及週邊設備業","－","新北市中和區建一路186號15樓之1","	27271130","李傳德","劉則瑩","劉則瑩","總經理","李素貞","(02)8226-2881","2004/04/21","2017/12/11",新台幣                 10.0000元,371191700,37119170,0,0,合併,每年,董事會,"中國信託商業銀行","(02)6636-5566","台北市100中正區重慶南路一段八十三號五樓","勤業眾信聯合會計師事務所","邱鏞銘","施錦川","APLEX","15F-1, No.186, Jian Yi Rd., Zhonghe Dist.,New Taipei City ,235 Taiwan","(02)8226-2883","aplexreport@aplex.com","https://www.aplex.com/","李素貞","管理處經理","(02)8226-2881","maggielee@aplex.com","https://www.aplex.com/","https://www.aplex.com/"
"6574","霈方國際股份有限公司","霈方","生技醫療業","－","台北市大安區忠孝東路四段310號6樓","	80281973","呂慶盛","呂慶盛","呂慶盛","董事長","楊涵晴","02-2775-5566","2002/10/02","2017/09/04",新台幣                 10.0000元,219900000,21990000,0,0,合併,每季,董事會,"永豐金證券股份有限公司","02-2382-3332","台北市中正區博愛路17號3樓","勤業眾信聯合會計師事務所","郭乃華","李麗凰","MIKOBEAUTE","6F., No.310, Sec. 4, Zhongxiao E. Rd., Da’an Dist., Taipei City 10694, TaiwanTAIWAN","02-2775-1225","investor@mikobeaute.com","www.mikobeaute.com","呂慶盛","董事長","02-2775-5566","investor@mikobeaute.com","www.mikobeaute.com","－"
"6576","逸達生物科技股份有限公司","逸達","生技醫療業","－","台北市南港區三重路19-3號9樓之2","	54165507","簡銘達","簡銘達","詹孟恭","財務長","蔡亞昕","(02)77500188","2013/02/08","2018/06/29",新台幣                 10.0000元,1574937630,157493763,3700000,0,合併,每年,董事會,"中國信託商業銀行代理部","(02)66365566","台北市中正區重慶南路一段83號5樓","資誠聯合會計師事務所","蔡蓓華","顏裕芳","Foresee","9F-2., No.19-3, Sanchong Rd., Nangang Dist.,Taipei City 115, Taiwan (R.O.C.)","(02)77500199","info@foreseepharma.com","www.foreseepharma.com","蔡亞昕","投資人關係副理","(02)7750-0188","ir@foreseepharma.com","http://www.foreseepharma.com/investors/2","－"
"6577","勁豐電子股份有限公司","勁豐","電腦及週邊設備業","－","台北市內湖區環山路一段30號1樓","	70565509","杜懷琪","陳冠宇","杜懷琪","董事長","林燕秋","02-26590606","2000/05/29","2017/03/21",新台幣                 10.0000元,600601450,60060145,0,0,合併,每年,董事會,"元大證券(股)公司股務代理部","02-25865859","臺北市大安區敦化南路2段67號地下一樓","勤業眾信聯合會計師事務所","郭乃華","池瑞全","PSC","1F, No.30, Section. 1, Huanshan Rd. Neihu DistrictTaipei 11442, Taiwan","02-26591106","fion_lin@promate.com","https://www.promate.com/cht/","林燕秋","公司治理主管","02-26590606","fion_lin@promate.com","https://www.promate.com/cht/stakeholder/","https://www.promate.com/cht/corporate_governance/corporate-governance-structure-c/"
"6578","達邦蛋白生技股份有限公司","達邦蛋白","農業科技","－","台南市安南區工業三路52號","	13000453","陳威辰","陳威辰","陳威辰","總經理","姚雅惠","(06)384-0771","2001/12/28","2018/09/18",新台幣                 10.0000元,719419010,71941901,20000000,0,合併,每年,股東會,"兆豐證券(股)公司股務代理本部","02-3393-0898","100台北市中正區忠孝東路二段95號1樓","資誠聯合會計師事務所","徐惠榆","林姿妤","DaBomb","52, Gongye 3rd RoadTainan City, Taiwan","(06)384-0772","info@dabombprotein.com","www.dabombprotein.com","陳威辰","總經理","06-3840771","felix@dabombprotein.com","www.dabombprotein.com","www.dabombprotein.com"
"6584","南俊國際股份有限公司","南俊國際","電子零組件業","－","桃園市桃園區幸福路202號6樓","	36268804","李金蘭","吳仁山","吳仁山","總經理","任忠仁","03-3642777","1984/06/19","2023/05/18",新台幣                 10.0000元,667625110,66762511,0,0,合併,每年,股東會,"凱基證券股份有限公司股務代理部","02-2389-2999","台北市中正區重慶南路一段2號5樓","安侯建業聯合會計師事務所","楊樹芝","許明芳","NAN JUEN","6F., No. 202, Xingfu Rd., Taoyuan Dist.,Taoyuan City 330063, Taiwan (R.O.C.)","03-3762777","vincent.jen@repon.com.tw","http://www.repon.com.tw/","任忠仁","總經理室特助","03-3642777Ext.81725","vincent.jen@repon.com.tw","http://www.repon.com.tw/","－"
"6588","東典光電科技股份有限公司","東典光電","通信網路業","－","宜蘭縣五結鄉利工一路二段70號","	70507419","孫正強","蘇立群","翁誠懋","營運長","許珠寶","03-9908671","2000/05/15","2020/07/01",新台幣                 10.0000元,347008250,34700825,0,0,合併,每年,股東會,"兆豐證券股份有限公司股務代理部","(02)3393-089","台北市忠孝東路二段95號","安侯建業聯合會計師事務所","張淑瑩","潘俊名","EOC","No. 70, Sec. 2, Ligong 1st Rd., Wujie TownshipYilan County , Taiwan (R.O.C.)","03-9908553","service@east-tender.com","www.east-tender.com","翁誠懋","營運長","03-9908671","ir@east-tender.com","https://www.east-tender.com/investors/","https://www.east-tender.com/tw/esg/10/"
"6590","普鴻資訊股份有限公司","普鴻","資訊服務業","－","台北市松山區光復南路1號9樓之2","	70584647","林群國","林群國","黃可清","財會協理","蕭辰倢","23452366","2000/07/22","2018/12/24",新台幣                 10.0000元,249640380,24964038,0,0,合併,每半會計年度,董事會,"群益金鼎證券股份有限公司","27035000","臺北市敦化南路二段97號B2","勤業眾信聯合會計師事務所","邱政俊","劉怡青","Provision","9F.-2, No. 1, Guangfu S. Rd., Songshan Dist.,Taipei City Taiwan (R.O.C.)","23451600","public_1@provision.com.tw","www.provision.com.tw","黃可清","財會協理","02-2345-2366","Public_1@provision.com.tw","N/A","www.provision.com.tw/?????g??/??·~?v?z/"
"6593","台灣銘板股份有限公司","台灣銘板","資訊服務業","－","桃園市龜山區華亞一路36號","	20675832","許嘉濬","印文正","蘇文輝","副總經理","陳舒懷","03-3270567","1970/12/04","2017/11/03",新台幣                 10.0000元,309114720,30911472,3000000,0,合併,每年,股東會,"群益金鼎證券股務代理部","(02)2702-3999","台北市大安區敦化南路二段97號B2","國富浩華聯合會計師事務所","卓慶全","蕭又文","TNP","33383  NO.36, HUAYA 1ST RD., GUISHAN DIST.,TAOYUAN CITY, TAIWAN","03-3272688","whsu@tnp.com.tw","www.tnp.com.tw","蘇文輝","副總經理","03-3270567","whsu@tnp.com.tw","www.tnp.com.tw","https://esg.tnp.com.tw/"
"6596","寬宏藝術經紀股份有限公司","寬宏藝術","文化創意業","－","臺北市中山區樂群二路267號6樓","	27530185","林建寰","林建寰","汪聖柏","財務長","王雅新","(02)2532-6677","2004/11/05","2018/01/04",新台幣                 10.0000元,380000000,38000000,0,0,合併,每年,董事會,"福邦證券股份有限公司股務代理部","(02)23711658","台北市忠孝西路一段6號6樓","勤業眾信聯合會計師事務所","廖婉怡","張耿禧","KHAM Inc.","6F., No.267, Lequn 2nd Rd., Zhongshan Dist.,Taipei city 10462, Taiwan","(02)2532-9111","IR@khmail.com.tw","http://www.khaminc.com.tw","汪聖柏","財務長","(02)2533-8777","ir@khmail.com.tw","http://www.khaminc.com.tw","https://www.khaminc.com.tw/investor4_1.aspx"
"6597","立誠光電股份有限公司","立誠","電子零組件業","－","桃園市蘆竹區南山路二段303號2樓","	53125710","周萬順","李忠義","孫思隆","協理","林政潮","03-324-5050","2011/01/14","2025/05/08",新台幣                 10.0000元,300422500,30042250,0,0,個別,每年,董事會,"福邦證券股份有限公司","02-2371-1658","台北市中正區忠孝西路一段6號6樓","資誠聯合會計師事務所","林雅慧","楊蕙慈","ECOCERA","2F., No. 303, Sec. 2, Nanshan Rd., Luzhu Dist.,Taoyuan City , Taiwan, R.O.C.","03-324-7981","spokesman@ecocera.com.tw","www.ecocera.com.tw","孫思隆","協理","03-324-5050","spokesman@ecocera.com.tw","www.ecocera.com.tw","www.ecocera.com.tw"
"6603","富強鑫精密工業股份有限公司","富強鑫","電機機械","－","台南市關廟區埤頭里保東路269號","	86122164","王伯壎","王俊賢","張銀鶯","董事長特助","劉崇敬","06-5950688","1991/07/17","2004/04/05",新台幣                 10.0000元,1672205920,167220592,0,0,合併,每半會計年度,股東會,"中國信託商業銀行代理部","02-66365566","台北市中正區重慶南路一段83號5F","安永聯合會計師事務所","胡子仁","李芳文","FCS","269, Bao Dong Road, Pi Tou Village, Guanmiao Dist.,Tainan , Taiwan, R.O.C.","06-5964038","fcs1933@fcs.com.tw","www.fcs.com.tw","張銀鶯","董事長特助","06-5950688-8877","ying@fcs.com.tw","www.fcs.com.tw/tw/interested.php","－"
"6609","台灣瀧澤科技股份有限公司","瀧澤科","電機機械","－","桃園市平鎮區延平路三段505號","	44549792","原田一八","林振詠","林振詠","總經理","廖毓婷","03-4643166","1971/07/24","2003/09/23",新台幣                 10.0000元,724562460,72456246,0,0,合併,每年,股東會,"群益金鼎證券股份有限公司","02-27023999","台北市大安區敦化南路二段97號B2","勤業眾信聯合會計師事務所","姚勝雄","林淑如","TTT","NO.505,Sec. 3, Yanping Rd., Pingzhen Dist.Taoyuan City, Taiwan.","03-4643674","A1004@takisawa.com.tw","www.takisawa.com.tw","廖毓婷","管理本部協理","03-4643166","ting@takisawa.com.tw","https://www.takisawa.com.tw/tw/service-line.html","https://www.takisawa.com.tw/tw/stockholder.php"
"6612","應用奈米醫材科技股份有限公司","奈米醫材","生技醫療業","－","新竹縣竹北市生醫路2段16號4樓","	28113167","樂亦宏","陳秉淳","陳丹荔","財會部副總","陳秉淳","03-6579530","2011/07/14","2018/07/18",新台幣                 10.0000元,475145840,47514584,0,0,合併,每年,董事會,"台新綜合證券(股)公司股務代理部","(02)2504-8125","台北市建國北路一段96號地下一樓","安侯建業聯合會計師事務所","傅泓文","洪士剛","ICARES","4F, No16, Sec.2, Sheng Yi RoadZhubei, Hsinchu 30261 Taiwan, R.O.C.","03-6579533","ir@icaresmedicus.com","www.icaresmedicus.com","陳丹荔","財會部副總","03-6579530","ir@icaresmedicus.com","https://www.icaresmedicus.com/investors/corporategovernance/","https://www.icaresmedicus.com/investors/corporategovernance/"
"6613","朋億股份有限公司","朋億*","其他電子業","－","新竹縣竹北市嘉豐南路二段76號10樓之1","	16034271","梁進利","馬蔚","馬蔚","總經理","歐俊彥","(03)6676868","1997/06/13","2017/12/28",新台幣                  5.0000元,389007425,77801485,0,0,合併,每半會計年度,董事會,"凱基證券股份有限公司股務代理部","(02)23892999","臺北市重慶南路一段2號5樓","安侯建業聯合會計師事務所","呂倩慧","陳政學","Novatech","10F-1., No.76, Sec. 2, Jiafeng S. Rd., Jhubei City,Hsin-Chu County 302054,Taiwan,R.O.C.","(03)6676869","IR@novatech.com.tw","www.novatech.com.tw","馬蔚","總經理","(03)6676868","IR@novatech.com.tw","www.novatech.com.tw","www.novatech.com.tw/investors/corporate/about"
"6615","慧智基因股份有限公司","慧智","生技醫療業","－","台北市中正區重慶南路1段66之1號4樓之2","	53710986","蘇怡寧","洪加政","洪加政","總經理","張伏見","(02)2382 6615","2012/06/15","2018/01/22",新台幣                 10.0000元,215934000,21593400,0,0,合併,每年,董事會,"福邦證券股份有限公司股務代理部","(02)2371-1658","10041台北市中正區忠孝西路一段6號6樓","資誠聯合會計師事務所","于智帆","支秉鈞","SOFIVA","4F.-2, No. 66-1, Sec. 1, Chongqing S. Rd., Zhongzheng Dist.,Taipei City 100, Taiwan (R.O.C.)","(02)2382 6612","IR@sofiva.com.tw","http://www.sofivagenomics.com.tw","張伏見","財務處長","(02)2382 6615","IR@sofiva.com.tw","http://www.sofivagenomics.com.tw","https://www.sofivagenomics.com.tw/Investor/GovernanceIndex"
"6616","特昇國際股份有限公司","特昇-KY","居家生活","KY","4F,Harbour Place,103 South Church St,POBox10240 CaymanIsland","	72488249","黃凱斌","黃凱傑","余麗群","稽核主管","張明煌","+60-6-9873999","2016/06/14","2018/01/10",新台幣                 10.0000元,354784730,35478473,0,0,合併,每半會計年度,股東會,"永豐金證券股份有限公司","02-23816288","台北市博愛路17號3樓","安侯建業聯合會計師事務所","趙敏如","張純怡","TIL","PTD4093,Kaw Perindustrian Prt Jamil,Prt Jawa,84150Muar JohorJohor, Malaysia","+60-6-9872881","investor@techcential.com","https://www.techcential-international.com/","余麗群","稽核主管","04-22975559","investor@techcential.com","https://www.techcential-international.com/related_party/","－"
"6617","共信醫藥科技控股股份有限公司","共信-KY","生技醫療業","KY","P.O.Box 32052, Grand Cayman KY1-1208, Cayman Islands","	42486336","吳崇漢","林懋元","林懋元","總經理","胡威男","02-2503-5282","2014/03/27","2024/06/18",新台幣                 10.0000元,1275061000,127506100,0,0,合併,每年,股東會,"永豐金證券股務代理部","02-2381-6288","臺北市博愛路17號3樓","資誠聯合會計師事務所","鄧聖偉","顏裕芳","Gongwin","3F, No. 80, Sec. 1, Jianguo North Road, Zongshan Dist.Taipei , Taiwan","02-2503-5281","share@gongwinbiopharm.com","www.gongwinbiopharm.com","胡威男","協理","02-2503-5282#201","williamhu@gongwinbiopharm.com","???m??","https://www.gongwinbiopharm.com/data-189384"
"6620","漢達生技醫藥股份有限公司","漢達","生技醫療業","－","南部科學園區 臺南市新市區南科三路23號3樓之1、3樓之2","	24546157","劉芳宇","陳俊良","楊啟余","財務副總","邱瓊儀","065057508","2014/05/08","2025/12/23",新台幣                 10.0000元,1699831000,169983100,17000000,0,合併,每年,董事會,"宏遠證券股份有限公司股務代理部","02-23268818","台北市大安區信義路四段236號","勤業眾信聯合會計師事務所","黃秀椿","蔡侑玲","Handa Pharma","3F-1&3F-2, No23, Nanke 3rd Rd.,Xinshi Dist.,Tainan City 74147,Taiwan","065057502","IR@handapharma.com.tw","http://www.handapharma.com.tw","楊啟余","財務副總","0287518717","IR@handapharma.com.tw","http://www.handapharma.com.tw","－"
"6624","萬年清環境工程股份有限公司","萬年清","綠能環保","－","台中市西屯區龍富路五段261號","	16863495","張祐銘","缺額","曾曉文","財務主管","林靜屏","04-22550168","1999/02/26","2019/05/28",新台幣                 10.0000元,224366280,22436628,0,0,合併,每年,股東會,"群益金鼎證券股份有限公司","02-27023999","台北市大安區敦化南路二段97號B2","安永聯合會計師事務所","羅文振","柯雅婷","EC","No.261, Sec.5, Longfu Rd., Xitun Dist., Taichung City 40755, TaiwanTaichung City 40755, Taiwan","04-22550178","eclear@seed.net.tw","http://www.ever-clear.com.tw/","林靜屏","管理部協理","04-22550168","BelindaLin@ever-clear.com.tw","http://www.ever-clear.com.tw/","https://www.ever-clear.com.tw/investors/company"
"6629","泰金投資控股股份有限公司","泰金-KY","居家生活","KY","台北市中山區松江路152號13樓","	76347621","許偵容","許文誌","黃晟修","財務長","張佩琪","02-25149960","2016/02/03","2019/06/06",新台幣                 10.0000元,383712180,38371218,0,0,合併,每半會計年度,董事會,"中國信託商業銀行代理部","02-66365566","台北市中正區重慶南路一段83號5樓","安侯建業聯合會計師事務所","江家齊","張純怡","TK-KY","13F., No.152, Songjiang Rd.,Zhongshan Dist., Taipei CityTaipei, Taiwan","02-25149961","patty@royalfth.com","www.thai-kin.com","黃晟修","財務長","02-25149960","derek@royalfth.com","www.thai-kin.com","https://www.thai-kin.com/governance/governance-structure/"
"6637","醫影股份有限公司","醫影","生技醫療業","－","台北巿信義區忠孝東路五段510號19樓之2","	86700973","謝穗徽","謝穗徽","車昕穎","財務長","何嘉娣","02-27279535","1992/05/07","2024/06/18",新台幣                 10.0000元,268100000,26810000,0,0,合併,每年,股東會,"永豐金證券股務代理部","(02)2381-6288","100台北市博愛路17號 3樓","安侯建業聯合會計師事務所","洪士剛","傅泓文","MIC","19F.-2, No.510, Sec. 5, Zhongsiao E. Rd., Xinyi Dist., Taipei CityTaiwan(R.O.C)","02-27271655","mic.tw@msa.hinet.net","http://www.mic-tw.com","車昕穎","財務長","02-27279535","mic.tw@msa.hinet.net","http://www.mic-tw.com","https://www.mic-tw.com/investdirector.php#A1"
"6640","均華精密工業股份有限公司","均華","半導體業","－","新北市土城區民生街2-1號","	53186146","梁又文","石敦智","石敦智","總經理","何雅雯","22682216","2010/10/15","2018/10/23",新台幣                 10.0000元,282765000,28276500,0,0,合併,每年,董事會,"凱基證券(股)公司股務代理部","23892999","10044台北市重慶南路1段2號5樓","資誠聯合會計師事務所","吳偉豪","江采燕","GMM","No. 2-1, Minsheng Street, Tucheng District,New Taipei City 23679, Taiwan","22680665","investor@gmmcorp.com.tw","http://www.gmmcorp.com.tw","石敦智","總經理","22682216","investor@gmmcorp.com.tw","http://www.gmmcorp.com.tw/?page_id=876","http://www.gmmcorp.com.tw/?page_id=574"
"6642","富致科技股份有限公司","富致","電子零組件業","－","新北市五股區五工一路111號","	70670235","陳繼聖","陳繼聖","吳敏男","管理部協理","卓巧婷","02-89902113","1999/12/02","2019/09/23",新台幣                 10.0000元,373996620,37399662,0,0,合併,每年,董事會,"永豐金證券股務代理部","02-23816288","台北市中正區博愛路17號3樓","資誠聯合會計師事務所","林雅慧","阮呂曼玉","FUZETEC","No.111 Wu-Gung 1 Road. Wu Gu Dist.,New Taipei City, Taiwan","02-89902110","ir@fuzetec.com.tw","www.fuzetec.com","吳敏男","管理部協理","02-89902113","ir@fuzetec.com.tw","www.fuzetec.com/cht/invest.php","－"
"6643","&#20870;星科技股份有限公司","M31","半導體業","－","新竹縣竹北市台元二街8號9樓","	53621915","陳慧玲","張原熏","張原熏","總經理","黃雁君","(03)560-1866","2011/10/21","2019/01/23",新台幣                 10.0000元,417981600,41798160,0,0,合併,每年,董事會,"永豐金證券股份有限公司股代部","(02)2381-6288","台北市中正區博愛路17號3樓","勤業眾信聯合會計師事務所","蔡美貞","&#28201;智源","M31","9F, No.8, Taiyuan 2nd St.,Zhubei City, Hsinchu County, Taiwan","(03)560-1868","ir@m31tech.com","https://www.m31tech.com","張原熏","總經理","(03)560-1866","ir@m31tech.com","https://www.m31tech.com/esg/sustainable-governance/stakeholder-management/","https://www.m31tech.com/investors/corporate-governance-01/"
"6649","台灣生醫材料股份有限公司","台生材","生技醫療業","－","新竹科學園區新竹縣竹北市生醫路一段188號1樓","	54008079","宗緒福","馬茂&#23791;","王文熙","業務副總","李允泉","03-6683088","2012/11/12","2019/06/05",新台幣                 10.0000元,420000000,42000000,0,0,個別,每年,董事會,"元大證券股務代理部","02-25865859","臺北市大安區敦化南路2段67號地下一樓","安侯建業聯合會計師事務所","黃海寧","呂倩慧","TWBM","1F., No. 188, Sec. 1, Shengyi Rd.,Hsinchu Science Park,Zhubei City,Hsinchu County,Taiwan,R.O.C","03-6683099","investor@twbm.com.tw","www.twbm.com.tw","王文熙","業務副總","03-6683088","investor@twbm.com.tw","https://www.twbm.com.tw/%E5%88%A9%E5%AE%B3%E9%97%9C%E4%BF%82%E4%BA%BA","https://www.twbm.com.tw/%E5%85%AC%E5%8F%B8%E6%B2%BB%E7%90%86"
"6651","全宇昕科技股份有限公司","全宇昕","半導體業","－","新北市中和區中正路716號15樓之7","	13063718","李徐華","李徐華","李徐華","董事長兼總經理","陳秀茹","(02)82273827","2002/04/10","2021/02/01",新台幣                 10.0000元,346015410,34601541,0,0,個別,每年,董事會,"福邦證券股份有限公司","(02)23711658","台北市中正區忠孝西路一段6號6樓","勤業眾信聯合會計師事務所","蔡宗遠","張耿禧","CYSTEK","15F-7,No716,Zhongzheng Rd.,Zhonghe District,New Taipei City Taiwan","(02)77315510","spokesperson@cystek.com.tw","http://www.cystekec.com","陳秀茹","財務處協理","(02)82273827#0","spokesperson@cystek.com.tw","http://www.cystekec.com","http://www.cystekec.com"
"6654","天正國際精密機械股份有限公司","天正國際","其他電子業","－","高雄市仁武區仁發六路2號","	53900846","萬文財","陳博鈞","郭彥甫","財務長","梁昱文","(07)371-3213","2012/12/26","2018/10/23",新台幣                 10.0000元,409627200,40962720,7700000,0,合併,每年,董事會,"台新證券股務代理部","(02)2504-8125","台北市建國北路一段96號地下一樓","勤業眾信聯合會計師事務所","劉裕祥","陳秀雯","TZI","No. 2, Renfa 6th Rd., Renwu Dist.Kaohsiung City 814018, Taiwan( R.O.C.)","(07)371-0670","tian-zheng@tz-int.com","http://www.tz-int-ltd.com","郭彥甫","財務長","07-3713213","alan-kuo@tz-int.com","https://www.tz-int-ltd.com/list/cate-360503.htm","https://www.tz-int-ltd.com/list/cate-297627.htm"
"6661","威健股份有限公司","威健生技","生技醫療業","－","台北市南港區園區街3號12樓","	80158777","陳貴弘","林怡杏","陳盈任","管理處副總經理","方韶瓏","(02)66160001","2003/01/30","2021/01/27",新台幣                 10.0000元,233042480,23304248,0,0,合併,每年,董事會,"兆豐證券股務代理部","(02)33930898","台北市忠孝東路二段95號","勤業眾信聯合會計師事務所","陳文香","蘇郁琇","WELGENE","12F., No.3, Park St., Nangang Dist.,Taipei City 115, Taiwan (R.O.C.)","(02)26557569","80158777@welgene.com.tw","http?G//www.welgene.com.tw","陳盈任","管理處副總經理","(02)66160001","80158777@welgene.com.tw","https://www.welgene.com.tw/shareholder","https://www.welgene.com.tw/directors"
"6662","樂斯科生物科技股份有限公司","樂斯科","生技醫療業","－","台北市南港區重陽路316號2樓","	12862410","陳振忠","陳永豪","陳永煥","策劃暨專案發展部協理","張志豪","02-26518669","2001/05/10","2019/03/26",新台幣                 10.0000元,256124000,25612400,0,0,個別,每年,董事會,"中國信託商業銀行 代理部","02-66365566","台北市中正區重慶南路一段83號5樓","勤業眾信聯合會計師事務所","翁博仁","薛峻泯","BioLASCO","2F., No. 316, Chongyang Rd.,Nangang Dist., Taipei City 11573, Taiwan","02-26518969","investor@biolasco.com.tw","www.biolasco.com.tw","陳永煥","策劃暨專案發展部協理","02-26518669","investor@biolasco.com.tw","www.biolasco.com.tw","www.biolasco.com.tw"
"6664","群翊工業股份有限公司","群翊","電子零組件業","－","桃園市楊梅區和平路188號","	23555277","陳安順","李榮坤","余添和","副總經理","洪健庭","03-4853536","1990/01/24","2018/09/12",新台幣                 10.0000元,608065700,60806570,0,0,合併,每年,董事會,"福邦證券股份有限公司股務代理部","02-23711658","台北市中正區忠孝西路一段6號6樓","安侯建業聯合會計師事務所","陳蓓琪","許明芳","Group Up","No.188, Heping Rd.,Yangmei Dist., Taoyuan City 326, Taiwan","03-4856336","gp@gpline.com.tw","http://www.gpline.com.tw/","余添和","副總經理","03-4853536","bill.yue@gpline.com.tw","http://www.gpline.com.tw/investor.shtml","https://www.gpline.com.tw/governances_tw.php?id=36"
"6667","信紘科技股份有限公司","信紘科","其他電子業","－","苗栗縣竹南鎮公義里友義路66號","	89728356","簡士堡","龔楚喬","王怡文","共同執行長","龔楚喬","037-580791","1995/10/17","2018/11/13",新台幣                 10.0000元,492788780,49278878,0,0,合併,每年,董事會,"第一金證券(股)公司股務代理部","02-2563-5711","台北市大安區安和路一段27號六樓","勤業眾信聯合會計師事務所","胡家熀","蔡侑玲","Trusval","No.66, Youyi Rd.,Zhunan Township, Miaoli County , Taiwan","037-580792","IR@trusval.com.tw","http://www.trusval.com.tw","王怡文","共同執行長","037-580791","IR@trusval.com.tw","http://www.trusval.com.tw","http://www.trusval.com.tw"
"6679","鈺太科技股份有限公司","鈺太","半導體業","－","新竹科學園區篤行路6-1號5樓","	27979753","邱景宏","邱景宏","林俊弘","財務協理","李政衛","035777509","2005/12/12","2019/05/09",新台幣                 10.0000元,549753350,54975335,0,0,合併,每半會計年度,董事會,"福邦證券股份有限公司","0223711658","台北市中正區忠孝西路一段六號六樓","勤業眾信聯合會計師事務所","陳明煇","林心彤","ZILLTEK","5F.,No.6-1,Dusing Rd., Hsinchu Science ParkHsinchu City,Taiwan","035777390","ir@zilltek.com","www.zilltek.com","林俊弘","財務協理","035777509","ir@zilltek.com","www.zilltek.com","https://www.zilltek.com/zh-tw/Responsibility#"
"6680","鑫創電子股份有限公司","鑫創電子","電腦及週邊設備業","－","新北市中和區中原街95號8樓","	24332747","許育瑞","許育瑞","張甄珍","協理","柯淑萍","(02)82280101","2009/03/20","2019/09/16",新台幣                 10.0000元,238712100,23871210,0,0,合併,每年,董事會,"兆豐證券股份有限公司股務代理部","(02)33930898","台北巿忠孝東路二段95號1樓","安侯建業聯合會計師事務所","王怡文","簡思娟","SINTRONES","8F., No. 95, Zhongyuan St.,Zhonghe Dist., New Taipei City ,Taiwan","(02)82280100","ir@sintrones.com","http://www.sintrones.com/","張甄珍","協理","0905766680","ir@sintrones.com","http://www.sintrones.com/","https://www.sintrones.com.tw/InvestorRelations/board-of-directors/"
"6683","雍智科技股份有限公司","雍智科技","半導體業","－","新竹縣竹北市環科一路33號九樓之二","	28398895","李職民","劉安炫","黃榮彬","協理","林詩堯","03-5509980","2006/09/11","2019/04/23",新台幣                 10.0000元,275571610,27557161,0,0,合併,每年,股東會,"凱基證券股份有限公司股務代理部","(02)2314-8800","台北市重慶南路一段2號5樓","勤業眾信聯合會計師事務所","陳重成","陳薔旬","KSMT","9F-2, No. 33, Huanke 1st Rd., Zhubei City,Hsinchu County, Taiwan (R.O.C.)","03-550-1128","ksmt@ksmt.com.tw","https://www.ksmt.com.tw","黃榮彬","協理","(03)550-9980#6150","ksmt_ir@ksmt.com.tw","https://www.ksmt.com.tw/investor4_02","https://www.ksmt.com.tw/investor3_01"
"6684","安格科技股份有限公司","安格","半導體業","－","新竹縣竹北市高鐵二路55號","	53172585","羅森洲","藍世旻","呂妍儀","經理","呂妍儀","03-6675345","2010/10/21","2021/08/11",新台幣                 10.0000元,445594960,44559496,0,0,合併,每年,股東會,"福邦證券股份有限公司股務代理部","02-23836888","台北市中正區忠孝西路一段6號6樓","安永聯合會計師事務所","陳智忠","許新民","AlgolTek","No. 55, Gaotie 2nd Rd., Zhubei City,Hsinchu County, Taiwan (R.O.C.)","03-6675346","agir@algoltek.com.tw","www.algoltek.com.tw","呂妍儀","經理","03-6675345","agir@algoltek.com.tw","https://www.algoltek.com.tw/investor","https://www.algoltek.com.tw/investor-105"
"6690","安碁資訊股份有限公司","安碁資訊","數位雲端","－","臺北市南港區南港路三段9號13樓","	70565450","施宣輝","吳乙南","譚百良","財務長","凌秋玉","02-8979-6286","2000/05/29","2019/10/30",新台幣                 10.0000元,299997200,29999720,0,0,合併,每年,董事會,"台新證券股務代理部","02-2504-8125","台北市建國北路一段96號地下一樓","安侯建業聯合會計師事務所","趙敏如","張惠貞","ACSI","13F., No. 9, Sec. 3, Nangang Rd., Nangang Dist.Taipei City 115, Taiwan (R.O.C.)","02-2756-6286","ir@acercsi.com","www.acercsi.com/","凌秋玉","總監","02-8979-6286","ir@acercsi.com","https://www.acercsi.com/","－"
"6692","進金生能源服務股份有限公司","進能服","綠能環保","－","臺北市內湖區新湖二路257號6樓","	24758118","陳加屏","厲國欽","厲國欽","總經理","周宜炘","02-87912886","2014/10/16","2024/02/02",新台幣                 10.0000元,588238900,58823890,0,0,合併,每年,股東會,"統一證券股務代理部","02-27463797","台北市松山區東興路8號B1樓","資誠聯合會計師事務所","涂展源","支秉鈞","AES","6F., No.257, Xinhu 2nd Rd., Neihu Dist.Taipei City 114, Taiwan (R.O.C.)","02-87911236","invest@acmepointes.com","http://www.acmepointes.com","周宜炘","財務長","02-87912886","sharonchou@acmepointes.com","https://acmepointes.com/governance/stakeholder/","https://acmepointes.com/governance/"
"6693","廣閎科技股份有限公司","廣閎科","半導體業","－","新竹縣竹北市台元二街8號8樓之3","	28870892","林明璋","林明璋","潘嘉君","管理處處長","邱琬婷","03-5525766","2007/11/01","2022/03/01",新台幣                 10.0000元,457200000,45720000,0,0,合併,每年,股東會,"元大證券股份有限公司股務代理部","02-25865859","臺北市大安區敦化南路2段67號B1","安侯建業聯合會計師事務所","楊雲筑","陳雅琳","inergy","8F.-3, No.8, Taiyuan 2nd St., Zhubei CityHsinchu County 302, Taiwan(R.O.C)","03-5525788","IR@inergy.com.tw","http://www.inergy.com.tw/","潘嘉君","管理處處長","03-5525766","IR@inergy.com.tw","http://www.inergy.com.tw/","https://www.inergy.com.tw/investor/39/"
"6697","東捷資訊服務股份有限公司","東捷資訊","資訊服務業","－","台北市南港區三重路19-8號5樓","	23929058","高尚偉","王智&#32675;","黃錦郎","副總經理","王智&#32675;","26552525","1990/12/01","2019/12/26",新台幣                 10.0000元,273233640,27323364,0,0,合併,每年,董事會,"台新證券股務代理部","02-25048125","台北市建國北路一段96號B1","資誠聯合會計師事務所","涂展源","支秉鈞","ITTS","5F, NO.19-8, SANCHONG ROAD, NAN KANGTAIPEI, TAIWAN","26551010","ir@itts.com.tw","http://www.itts.com.tw","黃錦郎","副總經理","26552525","ir@itts.com.tw","https://www.itts.com.tw/zh-tw/stakeholder","https://www.itts.com.tw/zh-tw/corporate-governance"
"6703","軒郁國際股份有限公司","軒郁","生技醫療業","－","台北市松山區民生東路三段109號5樓","	24347235","胡蕙郁","楊尚軒","陳慧玲","行政管理處資深副總","林佳雯","02-8712-1319","2009/05/18","2020/10/20",新台幣                 10.0000元,329838270,32983827,0,0,合併,每半會計年度,董事會,"福邦證券股份有限公司股務代理部","02-2371-1658","台北市中正區忠孝西路一段6號6樓","安永聯合會計師事務所","黃建澤","林孟賢","SHINY","5 F., No. 109, Sec. 3, Minsheng E. Rd.,Songshan Dist.Taipei City 105, Taiwan (R.O.C.)","02-8712-1656","IR@shinybrands.com","https://www.shinybrands.com/","陳慧玲","行政管理處資深副總","02-8712-1319","irenechen@shinybrands.com","https://reurl.cc/Ejlk91","https://reurl.cc/XAZA2E"
"6708","天擎積體電路股份有限公司","天擎","半導體業","－","新竹科學園區新竹市力行一路1號3樓C5室","	12748729","呂惠平","呂惠平","何宗明","副總經理","林玫珍","035775799","2001/02/15","2022/12/29",新台幣                 10.0000元,290087790,29008779,0,0,合併,每年,董事會,"凱基證券股份有限公司","02-23892999","台北市中正區重慶南路1段2號5樓","勤業眾信聯合會計師事務所","陳明煇","吳鈞麟","MARS","3FC5,No.1 Li-Shin RD. 1,Science ParkHsinchu, Taiwan, R.O.C.","035631501","service@mars-semi.com.tw","www.mars-semi.com.tw","何宗明","副總經理","035775799","ir@mars-semi.com.tw","www.mars-semi.com.tw/investor/investor-shareholders/","https://www.mars-semi.com.tw/corporate-governance/"
"6712","長聖國際生技股份有限公司","長聖","生技醫療業","－","中部科學工業園區臺中市大雅區科雅路30號4樓","	60274720","劉銖淇","黃文良","許錦婷","專案管理部經理","李柏嶔","04-23252888","2016/12/06","2021/01/08",新台幣                 10.0000元,969209630,96920963,0,0,合併,每年,董事會,"元富證券股份有限公司股務代理部","02-27686668","台北市松山區光復北路11巷35號B1","安永聯合會計師事務所","柯雅婷","黃子評","Ever Supreme","4F., No.30, Keya Rd., Daya Dist.Taichung City, Taiwan (R.O.C.)","04-23258666","service@ever-supreme.com.tw","www.ever-supreme.com.tw","李柏嶔","財務經理","04-23252888","service@ever-supreme.com.tw","https://www.ever-supreme.com.tw/download8/all/1","https://www.ever-supreme.com.tw/about2/1"
"6716","應廣科技股份有限公司","應廣","半導體業","－","新竹市公道五路三段1號6樓之6","	27619977","唐燦弼","唐燦弼","李仁修","協理","廖仁昌","03-5728688","2005/02/17","2020/03/27",新台幣                 10.0000元,302698140,30269814,0,0,合併,每年,董事會,"兆豐證券股份有限公司股務代理部","02-33930898","臺北市中正區忠孝東路二段95號1樓","勤業眾信聯合會計師事務所","林政治","葉東煇","PDK","6F-6, No.1, Sec. 3, Gongdao 5th Rd.HsinChu City 300042, Taiwan, R.O.C.","03-5728998","spokesmen@padauk.com.tw","http://www.padauk.com.tw","廖仁昌","資深經理","03-5728688","spokesmen@padauk.com.tw","https://www.padauk.com.tw/tw/social/index.aspx?kind=34","https://www.padauk.com.tw/tw/investment/index.aspx?kind=70"
"6720","久昌科技股份有限公司","久昌","半導體業","－","新竹科學園區新竹市東區篤行路6-1號2樓","	53502805","葉錦祥","葉錦祥","吳孟家","財務行政處經理","周詩淳","(03)5752568","2011/08/02","2024/12/04",新台幣                 10.0000元,300817410,30081741,0,0,合併,每年,董事會,"中國信託商業銀行代理部","(02)66365566","台北市中正區重慶南路一段83號五樓","安侯建業聯合會計師事務所","莊鈞維","于紀隆","MP","2F., NO. 6-1, Dusing Rd., East Dist., Hsinchu  Science  Park,Hsinchu City, Taiwan (R.O.C.)","(03)5752528","ir@major-power.com.tw","www.major-power.com.tw","吳孟家","財務行政處經理","(03)5752568","ir@major-power.com.tw","www.major-power.com.tw","－"
"6721","信實保全股份有限公司","信實","其他","－","新竹縣竹北市台元二街8號6樓之一","	24210110","楊文榮","楊文榮","趙雪吟","副總","楊文榮","03-5535778","2008/07/31","2022/04/29",新台幣                 10.0000元,225000000,22500000,0,0,合併,每年,股東會,"第一金證券股務代理部","02-25635711","台北市大安區安和路一段27號六樓","勤業眾信聯合會計師事務所","翁雅玲","辛宥呈","Sincere group","6F.-1, No.8, Taiyuan 2nd St.,Zhubei City,Hsinchu County 302082, Taiwan (R.O.C.)","03-5535779","IR@sincere-group.com.tw","http://www.sincere-group.com.tw","黃品瑜","協理","03-5535778#330","IR@sincere-group.com.tw","http://www.sincere-group.com.tw/%e5%88%a9%e5%ae%b3%e9%97%9c%e4%bf%82%e4%ba%ba/","－"
"6725","台灣矽科宏晟科技股份有限公司","矽科宏晟","其他電子業","－","新竹縣竹北市竹北里台元一街5號13樓之2","	54803147","郭錦松","柯燦塗","柯燦塗","總經理","陳明賢","03-5532720","2014/04/15","2025/12/30",新台幣                 10.0000元,371300000,37130000,0,0,合併,每年,股東會,"台新綜合證券(股)公司股務代理部","02-25048125","台北市中山區建國北路一段96號B1","勤業眾信聯合會計師事務所","辛宥呈","黃惠敏","CHCT","13 F.-2, No. 5, Taiyuan 1st St., Zhubei Vil.,Zhubei City, Hsinchu County 302, Taiwan","03-5532807","ir@cicahuntek.com.tw","www.cicahuntek.com.tw","柯燦塗","總經理","03-5532720","ir@cicahuntek.com.tw","www.cicahuntek.com.tw","www.cicahuntek.com.tw"
"6727","亞泰金屬工業股份有限公司","亞泰金屬","電子零組件業","－","桃園市楊梅區民富路二段199巷16號","	04393941","鄒貴銓","黃源財","梁秀如","財會主管","黃源財","(03)4727111","1973/10/29","2020/12/01",新台幣                 10.0000元,268841770,26884177,0,0,合併,每年,董事會,"元大證券股份有限公司股務代理部","02-2586-5859","臺北市大安區敦化南路2段67號地下一樓","勤業眾信聯合會計師事務所","洪偉倫","黃海悅","AMI","No.16, Ln. 199, Sec. 2, Minfu Rd., Yangmei Dist.Taoyuan City 32663, Taiwan (R.O.C.)","(03)4723418","amiservice@asiametalinc.com","www.asiametalinc.com","梁秀如","財會主管","(03)4727111","amiservice@asiametalinc.com","https://www.asiametalinc.com/services/services-e","https://www.asiametalinc.com/services/services-b"
"6728","上洋產業股份有限公司","上洋","居家生活","－","新北市五股區五權六路39號","	12978735","吳明富","吳國華","吳國華","總經理","陳俊宇","(02)22984567","2002/01/17","2020/12/25",新台幣                 10.0000元,301100000,30110000,0,0,合併,每年,董事會,"台新證券股務代理部","(02)2504-8125","台北市中山區建國北路一段96號地下一樓","勤業眾信聯合會計師事務所","莊文源","陳致源","UP YOUNG","No. 39, Wuquan 6th Rd., Wugu Dist.,New Taipei City Taiwan (R.O.C.)","(02)22981155","ir6728@upyoung.com.tw","http://www.upyoung.com.tw","陳俊宇","財務長","(02)22984567","ir6728@upyoung.com.tw","http://www.upyoung.com.tw","https://www.upyoung.com.tw/portal_c2_cnt.php?owner_num=c2_69596&button_num=c2&folder_id=4977"
"6730","常廣股份有限公司","常廣","生技醫療業","－","台中市大甲區工一路29號","	80722654","陳政宏","陳正雄","陳正雄","總經理","邱文國","04-26820790","2004/03/09","2025/12/10",新台幣                 10.0000元,362981510,36298151,0,0,合併,每年,董事會,"中國信託商業銀行 代理部","02-66365566","台北市中正區重慶南路一段83號5樓","安侯建業聯合會計師事務所","陳燕慧","陳政學","LAGIS","No.29,Gong 1st Rd.,DajiaTaichung City,Taiwan(R.O.C)","04-26820737","finance@lagis.com.tw","http://www.lagis.com.tw","邱文國","管理部經理","04-26820790","finance@lagis.com.tw","http://www.lagis.com.tw","－"
"6732","昇佳電子股份有限公司","昇佳電子","半導體業","－","新竹縣竹北市台元二街6號11樓","	25079572","李盛樞","楊祝原","魏良光","副總經理","林思妤","03-5601000","2009/12/01","2020/06/08",新台幣                 10.0000元,489126180,48912618,0,0,個別,每年,董事會,"台新證券股務代理部","02-25048125","台北市建國北路一段 96 號 B1","勤業眾信聯合會計師事務所","張雅芸","陳明煇","sensortek","11F.,  No.  6,  Taiyuan  2nd  St.Jhubei City,Hsinchu County 302, Taiwan","03-5601234","spokesperson@sensortek.com.tw","http://www.sensortek.com.tw","黃英記","資深經理","03-5601000","tom_huang@sensortek.com.tw","https://www.sensortek.com.tw/index.php/investor-relations-2/stakeholder/","https://www.sensortek.com.tw/index.php/investor-relations-2/corporate-governance/"
"6733","博晟生醫股份有限公司","博晟生醫","生技醫療業","－","台北市南港區園區街3之2號4樓","	42404010","陳德禮","陳德禮","趙叔威","協理","陳德禮","02-26558366","2016/07/07","2021/01/28",新台幣                 10.0000元,1243560260,124356026,0,0,合併,每年,股東會,"群益金鼎證券(股務代理部)","02-27035000","台北市大安區敦化南路二段97號B2","資誠聯合會計師事務所","林冠宏","陳憲正","BioGend","4F, No.3-2, Yuang St.Nangang DistrictTaipei City, Taiwan, R.O.C.","02-26558367","ir@biogend.com.tw","https://www.biogend.com.tw/","趙叔威","財務長","02-26558366","ir@biogend.com.tw","https://www.biogend.com.tw/","https://reurl.cc/bW33jE"
"6735","美達科技股份有限公司","美達科技","其他電子業","－","新北市中和區連城路268號15樓","	13115906","陳林杰","陳林杰","王羿人","業務經理","吳文玉","02-82273822","2002/05/10","2022/04/29",新台幣                 10.0000元,461822920,46182292,0,0,合併,每年,股東會,"群益金鼎證券股份有限公司","02-2702-3999","台北市大安區敦化南路二段97號B2","資誠聯合會計師事務所","林瑟凱","文雅芳","AMIDA","15F., No. 268, Liancheng Rd., Zhonghe DistrictNew Taipei City, Taiwan ROC.","02-82273818","stock@amidatec.com","http://www.amidatec.com/","王羿人","業務經理","02-82273822","stock@amidatec.com","http://www.amidatec.com/","https://www.amidatec.com/investors-corporate.aspx"
"6739","竹陞科技股份有限公司","竹陞科技","其他電子業","－","新竹縣竹北市保泰六路1號1樓","	56712683","方泰又","方泰又","劉冠君","副總經理","時定森","03-5541777","2017/07/25","2024/09/02",新台幣                 10.0000元,233682500,23368250,0,0,合併,每年,董事會,"群益金鼎證券(股)公司股務代理部","(02)2702-3999","台北市大安區敦化南路二段97號B2","資誠聯合會計師事務所","蔡欣怡","江采燕","GUTC","No.1, Baotai 6th Rd.Zhubei City, Hsinchu County, Taiwan","03-5540598","ir@gutc.com.tw","https://www.gutc.com.tw","劉冠君","副總經理","03-5541777","ir@gutc.com.tw","https://www.gutc.com.tw","https://www.gutc.com.tw/zh/structure/"
"6741","91APP, Inc.","91APP*-KY","數位雲端","KY","P.O. Box 10655, Grand Cayman, KY1-1006, Cayman Islands","	88176897","何英圻","楊明芳","楊明芳","總經理","普美鮮","02-26538091","2013/07/08","2021/05/25",新台幣                  5.0000元,602889985,120577997,0,0,合併,每年,董事會,"元大證券股份有限公司股務代理部","02-25865859","台北市大安區敦化南路二段67號B1","勤業眾信聯合會計師事務所","曾建銘","王攀發","91APP","6F., No. 5, Ln. 768, Sec. 4, Bade Rd., Nangang Dist.Taipei City 115 , Taiwan (R.O.C.)","02-26538890","stock@91app.com","https://www.91app.com","楊明芳","總經理","02-66236741","IR@91app.com","https://ir.91app.com/tw/","https://ir.91app.com/tw/board.php"
"6751","智聯服務股份有限公司","智聯服務","資訊服務業","－","新竹縣竹北市環科一路33號6樓之3","	57604000","施宣輝","韓政達","韓政達","總經理","吳哲榕","03-533-9141","2017/09/13","2020/12/25",新台幣                 10.0000元,222000000,22200000,0,0,合併,每年,董事會,"福邦證券股份有限公司股務代理部","02-2371-1658","台北市中正區忠孝西路一段6號6樓","勤業眾信聯合會計師事務所","王浚宇","陳建瑋","AST","6F.-3 No. 33, Huanke 1st Rd., Zhubei CityHsinchu County 302, Taiwan (R.O.C.)","03-542-4157","IR.AST@acer-ast.com","https://www.acer-ast.com/","吳哲榕","財務長","03-533-9141","IR.AST@acer-ast.com","https://www.acer-ast.com/finance/#block1970","https://www.acer-ast.com/finance/#block234"
"6752","叡揚資訊股份有限公司","叡揚","資訊服務業","－","台北市中山區德惠街9號5樓","	22425662","張培鏞","陳世安","林秋丹","處長","王佳琪","02-25867890","1987/03/16","2020/12/10",新台幣                 10.0000元,371441470,37144147,0,0,合併,每年,董事會,"群益金鼎證券股份有限公司","02-27023999","台北市大安區敦化南路二段97號B2","安侯建業聯合會計師事務所","陳蓓琪","許明芳","GSS","5F., No.9, Dehui St., Zhongshan DistrictTaipei,Taiwan","02-25868787","GSSIR@gss.com.tw","https://www.gss.com.tw","林秋丹","處長","02-25860689","GSSIR@gss.com.tw","https://www.gss.com.tw/csr","－"
"6761","穩得實業股份有限公司","穩得","電子零組件業","－","新北市新店區寶橋路188號6樓及6樓之1","	05052033","高治宏","詹博翔","楊正男","財務長","林佳樺","(02)2917-5770","1979/06/27","2021/11/08",新台幣                 10.0000元,349558670,34955867,0,0,合併,每年,董事會,"富邦綜合證券股份有限公司","(02)2361-1300","台北市中正區許昌街17號11樓","資誠聯合會計師事務所","陳晉昌","邱昭賢","Wendell","6F&6F-1 No.188 Baoqiao Road, Xindian DistrictNew Taipei City 23145, Taiwan R.O.C","(02)2917-3752","invest@wendell.com.tw","https://www.wendell.com.tw/zh/","楊正男","財務長","(02)2917-5770","invest@wendell.com.tw","https://www.wendell.com.tw/zh/investors/","https://www.wendell.com.tw/zh/investors/"
"6762","達亞國際股份有限公司","達亞","生技醫療業","－","桃園市蘆竹區南山路一段200號","	27491562","許雅雯","許雅雯","魏鴻文","副總經理","林韡倫","(03) 311-6588","2004/11/16","2020/12/18",新台幣                 10.0000元,351717020,35171702,0,0,個別,每年,董事會,"中國信託商業銀行代理部","(02)6636-5566","台北市重慶南路一段83號5樓","資誠聯合會計師事務所","林冠宏","梁華玲","Delta Asia","No. 200, Sec. 1, Nanshan Rd., Luzhu Dist.,Taoyuan City, Taiwan, R.O.C.","(03) 311-6589","IR@deltaasia.com.tw","https://www.deltaasia.com.tw/","魏鴻文","副總經理","(03) 311-6588","IR@deltaasia.com.tw","https://www.deltaasia.com.tw/","https://www.deltaasia.com.tw/investors/investors-01?lang=tw"
"6763","綠界科技股份有限公司","綠界科技*","數位雲端","－","台北市南港區三重路19-2號6樓之2","	97025978","梁維誠","劉士維","劉士維","總經理","丘志羚","02-26550557","1996/06/04","2022/03/15",新台幣                  1.0000元,184039130,184039130,0,0,合併,每半會計年度,董事會,"中國信託商業銀行代理部","02-66365566","台北市中正區重慶南路一段83號5樓","勤業眾信聯合會計師事務所","張青霞","王浚宇","Green World","6F.-2, No. 19-2, Sanchong Rd.,Nangang District, Taipei City 115,Taiwan","02-26551755","financial_material@ecpay.com.tw","https://www.ecpay.com.tw/","劉士維","總經理","02-26550557","financial_material@ecpay.com.tw","https://corp.ecpay.com.tw/#company_info","https://corp.ecpay.com.tw/company_info/"
"6767","台灣微創醫療器材股份有限公司","台微醫","生技醫療業","－","新竹科學園區新竹縣竹北市生醫路2段26號1樓","	25098389","梁晃千","李家茂","蘇義鈞","協理","蕭慧雯","03-6107168","2009/12/29","2021/01/25",新台幣                 10.0000元,391836300,39183630,10074630,0,合併,每年,股東會,"凱基證券","02-23892999","台北市中正區重慶南路一段2號5樓","勤業眾信聯合會計師事務所","吳少君","曾棟鋆","Wiltrom","1F., No.26, Sec. 2, Shengyi Rd.Zhubei City, 30261, Taiwan (R.O.C.)","03-6580006","service@wiltrom.com.tw","http://wiltrom.com.tw","蘇義鈞","協理","03-6107168","service@wiltrom.com.tw","http://wiltrom.com.tw/big5/investor6.php","https://wiltrom.com.tw/big5/investor3.php"
"6785","昱展新藥生技股份有限公司","昱展新藥","生技醫療業","－","台中市大雅區科雅路32號5樓","	52310651","林東和","文永順","文永順","總經理","康宇寧","04-24637115","2016/09/23","2024/01/24",新台幣                 10.0000元,668000000,66800000,0,0,個別,每年,股東會,"台新證券股務代理部","(02)2504-8125","台北市中山區建國北路1段96號B1","勤業眾信聯合會計師事務所","王浚宇","趙永祥","Alar","5F., No.32, Keya Rd., Daya Dist.Taichung City, Taiwan (R.O.C.)","04-22569658","alar@alarpharm.com","www.alarpharm.com","文永順","總經理","04-24637115","alar@alarpharm.com","www.alarpharm.com","www.alarpharm.com"
"6788","華景電通股份有限公司","華景電","半導體業","－","苗栗縣竹南鎮科義街41號","	12613876","陳榮華","古震維","管恩虎","董事長室特助","程檉森","(037)580-708","2000/09/07","2021/09/29",新台幣                 10.0000元,387396830,38739683,0,0,合併,每年,董事會,"富邦綜合證券(股)股務代理部","(02)2361-1300","台北市中正區許昌街17號11樓","資誠聯合會計師事務所","鄭雅慧","白淑蒨","Brillian","No. 41, Keyi St., Zhunan Township,Miaoli County 350, Taiwan (R.O.C.)","(037)580-728","ir@brillian.com.tw","www.brillian.com.tw","管恩虎","董事長室特助","(037)580-708","ir@brillian.com.tw","?L","https://www.brillian.com.tw/§????H±M°?.html"
"6791","虎門科技股份有限公司","虎門科技","資訊服務業","－","新北市板橋區縣民大道二段68號11樓","	30921876","林麗俐","楊涪嵐","楊涪嵐","總經理","蔡弘祥","(02)2956-7575","1980/07/31","2022/11/14",新台幣                 10.0000元,208470000,20847000,0,0,合併,每年,董事會,"富邦綜合證券(股)公司股務代理部","(02)2361-1300","台北市中正區許昌街17號11樓","安侯建業聯合會計師事務所","吳政諺","陳富仁","TADC","11F., No. 68, Sec. 2, Xianmin Blvd., Banqiao DistNew Taipei City 220, Taiwan (R.O.C.)","(02)2956-5180","ir@cadmen.com","https://www.cadmen.com/","楊涪嵐","總經理","0928576791","ir@cadmen.com","https://www.cadmen.com/esg/stakeholder","https://www.cadmen.com/esg/governance"
"6803","崑鼎綠能環保股份有限公司","崑鼎","綠能環保","－","台北市北投區福善路16號12樓","	70758512","廖俊吉吉","刁秀華","刁秀華","總經理","姚丹青","(02)2162-1688","1999/12/13","2010/05/27",新台幣                 10.0000元,726541800,72654180,0,0,合併,每年,董事會,"凱基證券股份有限公司股務代理部","(02)2389-2999","10044台北市中正區重慶南路一段二號5樓","資誠聯合會計師事務所","廖福銘","林一帆","ECOVE Corp.","12Fl, No. 16, Fushan Road, Beitou DistrictTaipei City 112037, Taiwan (R.O.C.)","(02)2162-1680","Spokesman@ecove.com","http://www.ecove.com","姚丹青","會計主管兼代理發言人","2-21621688","Spokesman@ecove.com","http://www.ecove.com","http://www.ecove.com"
"6804","明係事業股份有限公司","明係","運動休閒","－","彰化縣大村鄉大橋村中山路三段1 號","	05839152","江永平","黃慶忠","吳佩純","財務協理","趙珮君","048535898","1985/12/30","2022/03/31",新台幣                 10.0000元,350000000,35000000,0,0,合併,每年,董事會,"兆豐證券股份有限公司股務代理部","0233930898","台北市忠孝東路二段95號1樓","國富浩華聯合會計師事務所","黃千真","林明壽","Axman","No. 1, Sec. 3, Zhongshan Rd., Dacun Township,Changhua County, 515 Taiwan (R.O.C)","048531299","ir@axman-bike.com","www.axman.com.tw","吳佩純","財務協理","048535898","ir@axman-bike.com","www.axman.com.tw","－"
"6811","宏碁資訊服務股份有限公司","宏碁資訊","數位雲端","－","台北市南港區南港路三段9號18樓","	53739409","陳俊聖","周幸蓉","鄭和星","財務長","邱美凌","(02)27841000","2012/02/22","2022/08/09",新台幣                 10.0000元,414490000,41449000,0,0,合併,每年,董事會,"台新證券股務代理部","(02)25048125","台北市建國北路一段96號地下一樓","安侯建業聯合會計師事務所","施威銘","高靚玟","AEB","18F, No. 9, Sec. 3, Nangang Rd., Nangang Dist., Taipei City,11563, Taiwan (R.O.C.)","(02)86911016","ir.aeb@aceraeb.com","https://www.aceraeb.com/","邱美凌","資深專案經理","02-27841000;26960888","ir.aeb@aceraeb.com","https://www.aceraeb.com/","https://www.aceraeb.com/mainssl/modules/MySpace/index.php?sn=acer&cn=ZC60724"
"6821","聯寶電子股份有限公司","聯寶","電子零組件業","－","新北市新店區寶橋路235巷125號5樓之2","	23065258","譚明珠","譚偉傑","譚偉傑","總經理","賴彥良","02-8919-1380","1988/09/22","2023/05/22",新台幣                 10.0000元,314549650,31454965,0,0,合併,每年,董事會,"凱基證券股份有限公司","02-2389-2999","台北市中正區重慶南路一段2號5樓","安侯建業聯合會計師事務所","蔡孟娟","鄭安志","LKM","5F.-2, No. 125, Ln. 235, Baoqiao Rd.Xindian Dist., New Taipei City., Taiwan","02-8919-1370","IR@linkcom.com.tw","www.linkcom.com.tw","譚偉傑","總經理","02-8919-1380","IR@linkcom.com.tw","www.linkcom.com.tw/zh-tw/investor_spokesman.php","https://www.linkcom.com.tw/zh-tw/investor_overview.php"
"6823","濾能股份有限公司","濾能","半導體業","－","桃園市楊梅區中山里中山北路一段199巷98號2樓","	54795527","黃銘文","謝長融","葉博雅","財務長","許維洋","03-4856365","2014/03/24","2022/06/30",新台幣                 10.0000元,305084750,30508475,2770000,0,合併,每年,董事會,"中國信託商業銀行代理部","02-66365566","台北市中正區重慶南路一段83號5樓","資誠聯合會計師事務所","葉翠苗","于智帆","GreenFILTEC","2F., No. 98, Ln. 199, Sec. 1, Zhongshan N. Rd., Yangmei Dist.Taoyuan City 326, Taiwan (R.O.C.)","03-4856567","finance@greenfiltec.com","https://www.greenfiltec.com/","葉博雅","財務長","03-4856365","6823@greenfiltec.com","https://www.greenfiltec.com/","－"
"6829","千附精密股份有限公司","千附精密","半導體業","－","中部科學園區台中巿后里區后科南路28號","	83599094","張瓊如","賴明村","陳姝朱(代)","經理","陳姝朱","04-2558-8638","2020/07/20","2022/03/11",新台幣                 10.0000元,591690000,59169000,0,0,個別,每年,股東會,"統一綜合證券(股)公司股務代理部","02-27463797","台北市松山區東興路8號","勤業眾信聯合會計師事務所","曾建銘","劉書琳","CFPREC","No. 28, Houke S. Rd., Houli Dist., Taichung City,Central Taiwan Science ParkTaichung, Taiwan 421012, R.O.C.","04-25589925","ir@cfprec.com.tw","https://www.cfprec.com.tw/","投資人關係專員","專員","02-66263082","ir@cfprec.com.tw","https://www.cfprec.com.tw/","https://www.cfprec.com.tw/"
"6840","東研信超股份有限公司","東研信超","其他電子業","－","臺北市114內湖區舊宗路二段171巷18號4樓","	22652384","吳仲超","吳仲超","張馨予","財務處副總","邱致清","(02)2657-3299","1987/10/19","2023/03/24",新台幣                 10.0000元,307414100,30741410,0,0,合併,每年,董事會,"永豐金證券股份有限公司","(02)2381-6288","台北市中正區博愛路17號3樓","勤業眾信聯合會計師事務所","吳恪昌","張至誼","BTL","No.18, Ln. 171, Sec. 2, Jiuzong Rd., Neihu DistTaipei City , Taiwan","(02)2657-3331","ir6840@newbtl.com","www.btl.com.tw","張馨予","財務處副總","(02)2657-3299","ir6840@newbtl.com","www.btl.com.tw","www.btl.com.tw/Investor.php?cid=484"
"6841","長佳智能股份有限公司","長佳智能","生技醫療業","－","臺中市北屯區經貿路1段360號8樓","	50824681","陳明豐","李友錚","李友錚","總經理兼總管理處長","王帝皓","04-2321-3838","2018/06/28","2023/03/01",新台幣                 10.0000元,951980000,95198000,0,0,合併,每年,股東會,"元富證券股份有限公司股務代理部","02-27686668","台北市松山區光復北路11巷35號B1","聯捷聯合會計師事務所","邱烺民","林季亭","EFAI","8F, No. 360, Sec. 1, Jingmao Rd., Beitun Dist.,Taiwan  Taichung City","04-23222727","service@everfortuneai.com.tw","https://www.everfortuneai.com.tw/","林玟町","財務經理","04-2321-3838","yvanie.lin@everfortuneai.com.tw","https://www.everfortuneai.com.tw/","－"
"6843","進典工業股份有限公司","進典","電機機械","－","桃園市楊梅區青年路6-1號","	35924015","范義鑫","范義鑫","黃彥文","副總經理","翁鳳姻","03-4965066","1978/08/12","2022/11/21",新台幣                 10.0000元,333040000,33304000,0,0,合併,每年,股東會,"永豐金證券(股)公司股務代理部","02-23816288","台北市博愛路 17 號 3 樓","勤業眾信聯合會計師事務所","呂宜真","謝明忠","JDV","No,6-1, Qingnian Rd., Yangmei Dist,Taoyuan City,ROC","03-4963526","matt@jdv.com.tw","www.jdv.com.tw","黃彥文","副總經理","03-4965066","matt@jdv.com.tw","www.jdv.com.tw","－"
"6844","諾貝兒寶貝股份有限公司","諾貝兒","生技醫療業","－","高雄市三民區大昌二路87號","	16115725","楊宏培","許耀鴻","許耀鴻","總經理","方惠祺","07-7356888","1997/10/08","2024/03/08",新台幣                 10.0000元,374284400,37428440,5000000,0,個別,每年,董事會,"台新綜合證券股份有限公司","02-25048125","台北市中山區建國北路一段96號B1","安侯建業聯合會計師事務所","許振隆","高鈺倫","NORBEL","NO.87, TACHANG 2ND RD.,KAOHSIUNG TAIWAN R.O.C.","07-7356777","norbel@norbelbaby.com.tw","https://www.norbelbaby.com.tw","許耀鴻","總經理","07-7356888","hsu@norbelbaby.com.tw","https://www.norbelbaby.com.tw/InvestorZone/stakeHolder.jsp","https://www.norbelbaby.com.tw/InvestorZone/shareHolder.jsp#info"
"6846","綠茵生技股份有限公司","綠茵","食品工業","－","台中市大雅區科雅路43號5樓","	54059626","吳嘉峰","徐榜奎","曾秋雪","財會處協理","李俊毅","04-22382867","2012/07/18","2023/05/15",新台幣                 10.0000元,270282190,27028219,0,0,合併,每年,董事會,"福邦證券股份有限公司","02-23711658","台北市忠孝西路一段6號6樓","勤業眾信聯合會計師事務所","簡明彥","蔡侑玲","GREENYN","5F., No. 43, Keya Rd., Daya Dist.,Taichung City 428 , Taiwan (R.O.C.)","04-22389677","public@greenyn.com.tw","http://greenynbio.com","曾秋雪","財會處協理","04-22382867","public@greenyn.com.tw","http://greenynbio.com/page.php?menu_id=5","https://www.greenynbio.com/investors/article/2/"
"6855","數泓科技股份有限公司","數泓科","其他電子業","－","臺中市潭子區北環路15-1號","	28345862","游祥鎮","李明華","李明華","總經理","陳琪玲","(04)25320382","2006/06/26","2022/10/06",新台幣                 10.0000元,232497160,23249716,0,0,個別,每年,董事會,"台新綜合證券(股)公司股務代理部","(02)25048125","臺北市中山區建國北路一段96號B1F","安永聯合會計師事務所","黃宇廷","羅文振","Eclatorq","No. 15-1, Beihuan Rd., Tanzi Dist.Taichung City, Taiwan (R.O.C.)","(04)25320381","eclatorq@eclatorq.com","http://www.eclatorq.com","李明華","總經理","(04)25320382","eclatorq@eclatorq.com","http://www.eclatorq.com","－"
"6856","鑫傳國際多媒體科技股份有限公司","鑫傳","文化創意業","－","臺中市大里區國光路一段68號","	16089901","廖紫岑","王盛春","王盛春","總經理","林惠娟","04-37050011","1997/08/20","2023/10/27",新台幣                 10.0000元,282000000,28200000,0,0,合併,每年,股東會,"中國信託商業銀行代理部","02-66365566","台北市重慶南路一段83號5樓","安侯建業聯合會計師事務所","陳燕慧","張字信","ST media","No. 68, Sec. 1, Guoguang Rd., Dali Dist.,Taichung City, Taiwan 412 R.O.C.","04-37050022","6856@st-media.com.tw","https://st-media.com.tw","林惠娟","副理","04-37050011","6856@st-media.com.tw","https://st-media.com.tw/invertor/shareholders/","－"
"6859","伯特光電股份有限公司","伯特光","光電業","－","台中市潭子區潭富路一段87巷35號","	70848654","陳柏輯","陳柏輯","陳永軒","財務長","林雅雯","(04)2535-8876","2003/11/12","2022/11/28",新台幣                 10.0000元,415886000,41588600,0,0,合併,每年,董事會,"福邦證券股份有限公司股務代理部","(02)2371-1658","台北市中正區忠孝西路一段6號6樓","勤業眾信聯合會計師事務所","梁盛泰","謝建新","BEST OPT","No.35, Ln. 87, Sec. 1, Tanfu Rd., Tanzih Dist., Taichung City 42753, Taiwan.Taichung City, Taiwan.","(04)2535-3470","IR@best88.com.tw","https://www.best-opto.com","陳永軒","財務長","(04)2535-8067","IR@best88.com.tw","https://www.best-opto.com","－"
"6865","偉康科技股份有限公司","偉康科技","數位雲端","－","台北市松山區南京東路五段161號4樓","	16590299","連泓鈞","陳怡良","黃閔(糸秀)","策略長","陳之研","(02)77015899","1998/05/28","2023/01/11",新台幣                 10.0000元,158301450,15830145,0,0,個別,每年,董事會,"凱基證券股份有限公司","(02)23892999","台北市中正區重慶南路一段2號5樓","安侯建業聯合會計師事務所","傅泓文","莊鈞維","WebComm","4F., No. 161, Sec. 5, Nanjing E. Rd., Songshan Dist.,Taipei City 105409, Taiwan (R.O.C.)","(02)77020899","ir@webcomm.com.tw","https://www.webcomm.com.tw/","黃閔(糸秀)","策略長","(02)77015899","ir@webcomm.com.tw","https://www.webcomm.com.tw/web/tw/investor/","https://www.webcomm.com.tw/web/tw/investor/"
"6870","騰雲科技服務股份有限公司","騰雲","數位雲端","－","新北市汐止區新台五路一段99號11樓之11","	45900358","梁基文","梁基文","張婷婷","執行副總經理","陳家柔","(02)26973968","2016/03/29","2023/09/14",新台幣                 10.0000元,233482400,23348240,0,0,合併,每年,董事會,"福邦證券股份有限公司股務代理部","02-2371-1658","台北市中正區忠孝西路一段6號6樓","安永聯合會計師事務所","馬君廷","林孟賢","Turn Cloud","11F-11, No. 99, Sec. 1, Xintai 5th Rd., Xizhi Dist.,New Taipei City, Taiwan (R.O.C.)","(02)26973160","press@turn2cloud.com","https://www.turn2cloud.com","張婷婷","執行副總經理","(02)26973968","press@turn2cloud.com","https://www.turn2cloud.com","https://www.turn2cloud.com/investor/history/investor00"
"6872","浩宇生醫股份有限公司","浩宇生醫","生技醫療業","－","台北市南港區忠孝東路七段508號16樓","	24731239","陳正","龍震宇","昌廷光","資深協理","陳長興","02-25860560","2015/03/12","2025/03/07",新台幣                 10.0000元,707505110,70750511,0,0,合併,每年,股東會,"群益金鼎證券股務代理部","02-27035000","台北市大安區敦化南路二段 97 號 B2","資誠聯合會計師事務所","周筱姿","林冠宏","NaviFUS","16F., No. 508, Sec. 7, Zhongxiao E. Rd., Nangang Dist.,Taipei City 103, Taiwan(R.O.C.)","02-25376373","info@navifus.com","https://navifus.com/","昌廷光","資深協理","02-25860560","info@navifus.com","https://navifus.com/investor-relations/","https://navifus.com/investor-relations/"
"6874","倍力資訊股份有限公司","倍力","資訊服務業","－","臺北市松山區南京東路四段16號12樓","	70435529","許金隆","許金隆","陳信益","執行副總經理","彭靖翰","(02)2731-6868","1999/09/10","2022/12/14",新台幣                 10.0000元,220000000,22000000,0,0,個別,每年,股東會,"富邦綜合證券(股)公司股務代理部","(02)2361-1300","臺北市中正區許昌街17號11樓","安侯建業聯合會計師事務所","張純怡","江家齊","M-POWER","12F., No.16, Sec. 4, Nanjing E. Rd., Songshan Dist.Taipei, Taiwan,R.O.C","(02)2731-3636","ir@mpinfo.com.tw","https://www.mpinfo.com.tw/","陳信益","執行副總經理","(02)2731-6868","ir@mpinfo.com.tw","www.mpinfo.com.tw","－"
"6875","國邑藥品科技股份有限公司","國邑*","生技醫療業","－","台北市南港區忠孝東路七段508號11樓","	70516563","王建治","甘霈","甘霈","總經理","楊淑萍","(02)27827561","2000/05/25","2024/03/26",新台幣                  5.0000元,645764020,129152804,0,0,合併,每年,董事會,"凱基證券股份有限公司股務代理部","(02) 23892999","台北市重慶南路一段2號5樓","資誠聯合會計師事務所","游淑芬","顏裕芳","PBI","11F, No. 508, Sec. 7, Zhongxiao E. Rd., Nangang Dist.,Taipei City 11511, Taiwan (R.O.C.)","(02)27829013","ir@pharmosa.com.tw","https://www.pharmosa.com.tw","楊淑萍","財會處副總經理","(02)27827561","ir@pharmosa.com.TW","https://www.pharmosa.com.tw","https://www.pharmosa.com.tw/performance_categories"
"6877","鏵友益科技股份有限公司","鏵友益","其他電子業","－","高雄市路竹區北嶺六路88號","	24664196","杜泰源","營運長:曹如德 ; 總經理:朱俊龍","瞿淑婷","財務部經理","朱俊龍","07-6955722","2014/10/02","2023/06/16",新台幣                 10.0000元,469671220,46967122,6843419,0,合併,每年,董事會,"元大證券股份有限公司股務代理部","02-25865859","106臺北市大安區敦化南路2段67號地下一樓","安侯建業聯合會計師事務所","許振隆","高鈺倫","HYE","No. 88, Beiling 6th Rd., Luzhu Dist.,Kaohsiung City 821011, Taiwan (R.O.C.)","07-6955712","hye-ir@hye.com.tw","https://www.hyetech.com.tw/","瞿淑婷","財務部經理","07-6955932","hye@hye.com.tw","https://www.hyetech.com.tw/","－"
"6881","潤德室內裝修設計工程(股)公司","潤德","其他","－","台北市中山區八德路二段308號11樓之1","	86306655","盧玉璜","許茲榮","許茲榮","總經理","盧玉璜","02-81619800","1991/11/14","2024/05/21",新台幣                 10.0000元,150000000,15000000,0,0,個別,每年,股東會,"第一金證券股務代理部","02-25635711","台北市大安區安和路一段27號6樓","資誠聯合會計師事務所","黃金連","張淑瓊","RTD","Rm.1 11F, No.308,Sec.2 Bade Road.Taipei, Taiwan, R.O.C.","02-81619801","RTD@mail.ruentex.com.tw","https://rd.ruentex.com.tw","許茲榮","總經理","02-81619800","rt009095@mail.ruentex.com.tw","https://rd.ruentex.com.tw/zh/shareholders-meeting-information","https://rd.ruentex.com.tw/zh/organization"
"6884","海柏特股份有限公司","海柏特","資訊服務業","－","新北市汐止區新台五路一段82號7樓","	50872352","侯知遠","林俊男","林俊男","執行長","陳瑋浩","(02)26960660","2018/09/14","2025/12/17",新台幣                 10.0000元,183900000,18390000,0,0,合併,每年,董事會,"福邦證券股份有限公司股務代理部","(02)23711658","台北市中正區忠孝西路一段6號6樓","安侯建業聯合會計師事務所","張純怡","江家齊","HSNC","7F., No. 82, Sec. 1, Xintai 5th Rd., Xizhi Dist.,New Taipei City 221421, Taiwan (R.O.C.)","(02)26960680","ir.hsn@hsnservice.com","https://www.hsnservice.com","陳瑋浩","財務長","(02)26960660","ir.hsn@hsnservice.com","https://www.hsnservice.com/tw/governance","https://www.hsnservice.com/tw/governance"
"6894","衛司特科技股份有限公司","衛司特","綠能環保","－","台中市西屯區何成里大墩19街186號12樓之1","	12739475","林世民","林世民","林浚丞","經理","洪瓊瑤","04-2328-3939","2001/01/19","2023/11/29",新台幣                 10.0000元,238000000,23800000,0,0,合併,每年,董事會,"兆豐證券股份有限公司","02-3393-0898","台北巿中正區忠孝東路二段95號1樓","安永聯合會計師事務所","羅文振","陳明宏","WRT","12F.-1, No. 186, Dadun 19th St., Xitun Dist.Taichung,Taiwan","04-2328-3535","waste@recotech.com.tw","http://www.recotech.com.tw","林浚丞","發言人","04-2328-3939","waste@recotech.com.tw","https://www.recotech.com.tw/zh-tw/stakeholders","https://www.recotech.com.tw/zh-tw/corporate-governance/regulations"
"6895","宏碩系統股份有限公司","宏碩系統","半導體業","－","35151 苗栗縣頭份市中正路598巷31號","	80112843","酈唯誠","陳漢穎","杜玉凌","處長","李義祥","037-685793","2002/12/31","2023/08/22",新台幣                 10.0000元,341000000,34100000,0,0,個別,每年,董事會,"兆豐證券股份限公司","02-33930898","台北市中正區忠孝東路二段95號1樓","資誠聯合會計師事務所","葉芳婷","徐惠榆","WPTI","No.31, Lane 598, Zhongzheng Rd.,Toufen City, Miaoli County 35151, Taiwa","037-689487","IR@wavepower.com.tw","https://www.wavepower.com.tw","杜玉凌","處長","037-685793","IR@wavepower.com.tw","https://www.wavepower.com.tw","－"
"6899","創為精密材料股份有限公司","創為精密","光電業","－","基隆市安樂區武訓街84號","	70515157","趙書華","林昇耀","&#28201;呈祥","財務部經理","靖心恒","02-2430-2666","2000/05/24","2024/04/08",新台幣                 10.0000元,423984910,42398491,0,0,合併,每半會計年度,董事會,"凱基證券股份有限公司股務代理部","02-23148800","台北市中正區重慶南路一段2號4樓","資誠聯合會計師事務所","潘慧玲","黃珮娟","AMT","No.84, WuXun Street, Anle Dist., Keelung City 2040009, Taiwan, R.O.C.Keelung City 2040009, Taiwan, R.O.C.","02-2430-3255","amt1@amtouch.com.tw","https://www.amtouch.com.tw","&#28201;呈祥","財務部經理","02-2430-2666","amt1@amtouch.com.tw","https://www.amtouch.com.tw/zh-TW/page/stakeholder.html","https://www.amtouch.com.tw/zh-TW/page/corporate-governance.html"
"6903","巨漢系統科技股份有限公司","巨漢","其他電子業","－","新竹市東區東園里中華路1段324號8樓","	23473992","王滄鍊","羅瑞鴻","羅瑞鴻","總經理","蔡宗澔","(03)5326677","1989/10/13","2024/06/12",新台幣                 10.0000元,666760000,66676000,0,0,個別,每年,董事會,"富邦綜合證券股份有限公司","(02)23611300","台北市中正區許昌街17號11樓","勤業眾信聯合會計師事務所","蔡美貞","陳明煇","JH","8 F., NO. 324, SEC. 1, ZHONGHUA RD., EAST DISTHSINCHU CITY 300002, TAIWAN (R.O.C.)","(03)5320225","service@jiuhan.com.tw","https://www.jiuhan.com.tw/","陳軒儀","處長","(03)5326677","service@jiuhan.com.tw","https://www.jiuhan.com.tw/ESG","https://www.jiuhan.com.tw/esg/Governance/244/"
"6904","伯鑫工具股份有限公司","伯鑫","其他","－","台中市神岡區中山路893巷9-2號","	55982771","復盛應用科技股份有限公司 代表人：江慶生","吳傳福","吳昌旻","副總經理","黃素月","(04)2562-7786","1984/04/24","2023/12/05",新台幣                 10.0000元,185000000,18500000,0,0,合併,每年,股東會,"元大證券股務代理部","(02)2586-5859","臺北市大安區敦化南路2段67號地下一樓","資誠聯合會計師事務所","劉美蘭會計師","王玉娟會計師","PROXENE","No. 9-2, Ln. 893, Zhongshan Rd., Shengang Dist.,Taichung City 429, Taiwan (R.O.C.)","(04)2562-8308","sp@proxene.com.tw","https://www.proxene.com.tw/","黃素月","財務處長暨代理發言人","04-25627786","sp@proxene.com.tw","https://www.proxene.com.tw/","https://www.proxene.com.tw/webls-zh-tw/msg/message-CSR-31.html"
"6907","雅特力科技(開曼)股份有限公司","雅特力-KY","半導體業","KY","PO Box 309, Ugland House, Grand Cayman, KY1-1104, Cayman","	61215582","王國雍","(待補)","黃源旗","產品處長","劉宥鱗","03-5778788","2016/03/15","2026/01/29",新台幣                 10.0000元,621740000,62174000,0,0,合併,每年,董事會,"宏遠證券股份有限公司股務代理部","(02)2326-8818","台北市大安區信義路4段236號3樓","安永聯合會計師事務所","胡慎緁","郭紹彬","ATK-KY","5F., No.1, Jinshan 8th St., East Dist.Hsinchu City,Taiwan","03-5788188","IR@arterytek.com","https://www.arterychip.com/tw/","劉宥鱗","財務經理","03-5778788","IR@arterytek.com","https://www.arterychip.com/tw/about/StakeholderEngagement.jsp","https://www.arterychip.com/tw/about/CorporationGovernance.jsp"
"6910","德鴻科技股份有限公司","德鴻","數位雲端","－","台北市大同區重慶北路2段243號13樓","	86870646","林宏興","史習聖","曾政行","資深副總經理","林仲芸","(02)6611-0777","1992/09/19","2025/12/11",新台幣                 10.0000元,305210000,30521000,0,0,合併,每年,董事會,"中國信託商業銀行代理部","(02)2311-1838","台北市中正區重慶南路一段83號5樓","勤業眾信聯合會計師事務所","黃堯麟","莊文源","Grandsys","13F., No. 243, Sec. 2, Chongqing N. Rd., Datong Dist.,Taipei City 103, Taiwan (R.O.C.)","(02)6611-8099","ir@grandsys.com","https://www.grandsys.com.tw","林仲芸","財務長","(02)6611-0777","ir@grandsys.com","https://www.grandsys.com.tw","－"
"6913","鴻呈實業股份有限公司","鴻呈","電子零組件業","－","新北市中和區中正路880號7樓","	89238750","簡忠正","林星宏","林星宏","總經理","邱寶桂","(02)3234-3038","1994/08/13","2024/10/01",新台幣                 10.0000元,438488630,43848863,0,0,合併,每年,董事會,"兆豐證券股份有限公司","(02)3393-0898","台北市中正區忠孝東路二段95號1樓","勤業眾信聯合會計師事務所","葉淑娟","黃國寧","VSO","7F, No.880 Jhong-Jheng Road, Jhong He DistNew Taipei City 23586, Taiwan","(02)3234-3056","marketing@vso-corp.com","https://www.vso-corp.com","邱寶桂","財務副總","(02)3234-3038","ir@vso-corp.com","https://www.vso-corp.com/zh-tw/esg-area/Stakeholders_Engagement","https://www.vso-corp.com/zh-tw/esg-area/Corporate_Governance"
"6922","宸曜科技股份有限公司","宸曜","電腦及週邊設備業","－","新北市中和區建八路198號11樓","	29169532","高明和","高明和","藍林忠","業務副總","石宇君","(02)2223-6182","2010/07/14","2023/11/09",新台幣                 10.0000元,271553850,27155385,0,0,合併,每年,董事會,"宏遠證券股份有限公司股務代理部","(02)2326-8818","台北市信義路4段236號3樓","安侯建業聯合會計師事務所","郭欣頤","寇惠植","Neousys","11F., No. 198, Jian 8th Rd., Zhonghe Dist.,New Taipei City 235042, Taiwan","(02)2223-6183","IR@neousys-tech.com","https://www.neousys-tech.com/","藍林忠","業務副總","(02)2223-6182","IR@neousys-tech.com","https://www.neousys-tech.com/","https://www.neousys-tech.com/tw/investor-relations/corporate-governance"
"6925","意藍資訊股份有限公司","意藍","數位雲端","－","台北市中正區杭州北路26號12樓","	28477069","陳甫彥","楊立偉","楊立偉","總經理","張建文","2755-1533","2007/03/12","2025/05/28",新台幣                 10.0000元,200003000,20000300,0,0,個別,每年,董事會,"凱基證券股份有限公司股務代理部","2389-2999","台北市中正區重慶南路一段二號五樓","勤業眾信聯合會計師事務所","許秀明","邵志明","eLand","12 F., No. 26, Hangzhou N. Rd., Zhongzheng DistTaipei City 100010, Taiwan (R.O.C.)","2755-7311","contact@eland.com.tw","www.eland.com.tw","顏聰富","財務長","2755-1533","investor@eland.com.tw","www.eland.com.tw","－"
"6929","佑全藥品股份有限公司","佑全","生技醫療業","－","台中市西屯區台灣大道四段925號20樓之1","	70741647","劉志平","文德蘭","文德蘭","總經理","劉慧君","04-23582999","2000/04/13","2024/03/28",新台幣                 10.0000元,450675000,45067500,0,0,個別,每年,股東會,"元大證券股份有限公司股務代理部","02-25865859","臺北市大安區敦化南路2段67號地下一樓","安侯建業聯合會計師事務所","陳宗哲","韓沂璉","We Can","20th Floor-1, No. 925, Section 4, Taiwan Avenue, Xitun DistrictTaichung,Taiwan","04-23582078","pub6929@yourchance.com.tw","http://www.yourchance.com.tw/","劉慧君","財務部經理","04-23582999","pub6929@yourchance.com.tw","http://www.yourchance.com.tw/","http://www.yourchance.com.tw/"
"6953","家碩科技股份有限公司","家碩","半導體業","－","新竹縣竹北市嘉豐十一路一段117號","	47086838","邱銘乾","詹印豐","劉孟娟","業務部經理","羅儀珊","03-550-6279","2016/07/18","2024/05/13",新台幣                 10.0000元,300146000,30014600,0,0,合併,每年,董事會,"元大證券股份有限公司股務代理部","02-2586-5859","臺北市大安區敦化南路2段67號地下一樓","勤業眾信聯合會計師事務所","曾建銘","王攀發","GDE","No. 117, Sec. 1, Jiafeng 11th Rd., Zhubei CityHsinchu County , Taiwan","03-550-6277","IR@gdauto.com.tw","https://www.gdauto.com.tw","劉孟娟","業務部經理","03-550-6279","IR@gdauto.com.tw","https://www.gdauto.com.tw","https://www.gdauto.com.tw/investor-03-01"
"6961","旅天下聯合國際旅行社(股)公司","旅天下","觀光餐旅","－","台北市中山區民生東路3段10號6樓","	24943536","李嘉寅","李嘉寅","許哲郎","副總經理","徐堅銘","(02)7701-0660","2015/03/10","2026/01/22",新台幣                 10.0000元,268340000,26834000,0,0,合併,每年,董事會,"福邦證券股份有限公司股務代理部","2383-6888","台北市中正區忠孝西路一段6號6樓","安侯建業聯合會計師事務所","李逢暉","蕭雅文","Uni Travel","6F., No. 10, Sec. 3, Minsheng E. Rd., Zhongshan Dist., Taipei City 104Taipei, Taiwan","(02)2515-9801","uni6961@gounitravel.com","https://www.gounitravel.com","許哲郎","副總經理","7701-0660","uni6961@gounitravel.com","https://www.gounitravel.com","－"
"6967","汎瑋材料科技股份有限公司","汎瑋材料","電子零組件業","－","臺中市西屯區協和里工業區38路185之2號","	86575187","李家旺","李輝祥","李輝祥","總經理","蔡博安","04-23592471","1992/03/03","2024/09/25",新台幣                 10.0000元,249044770,24904477,0,0,合併,每年,董事會,"凱基證券股份有限公司股務代理部","(02)2389-2999","台北市中正區重慶南路1段2號5樓","勤業眾信聯合會計師事務所","李麗凰","陳重成","TRANS-SUN","No. 185-2, Gongyequ 38th Rd., Xiehe Vil., Xitun Dist.,Taichung City 407020, Taiwan","04-23592446","service@trans-sun.com.tw","https://www.trans-sun.com.tw/","蔡博安","財務主管","04-23592471","eason@trans-sun.com.tw","https://www.trans-sun.com.tw/","https://www.trans-sun.com.tw/"
"6968","萬達寵物事業股份有限公司","萬達寵物","居家生活","－","台北市中山區長安東路1段23號4樓之3","	53416750","陳樂維","李俊廣","王湘志","協理","陳威志","(02)2542-8800","2011/06/20","2024/08/14",新台幣                 10.0000元,494473330,49447333,4944733,0,合併,每年,股東會,"福邦證券股份有限公司股務代理部","(02)2383-6888","台北市忠孝西路一段６號6樓","資誠聯合會計師事務所","葉翠苗","黃世鈞","WONDERPETS","4 F.-3, No. 23, Sec. 1, Chang'an E. Rd., Zhongshan Dist.Taipei City 104403, Taiwan (R.O.C.)","(02)2542-8882","ir@wonderpet.asia","https://www.wonderpet.asia/","王湘志","協理","(02)2542-8800","ir@wonderpet.asia","https://www.wonderpet.asia/ip/§Q?`???Y?H±M°?/","https://www.wonderpet.asia/ip/???q?????P?????]??/"
"6971","惠民實業股份有限公司","惠民實業","綠能環保","－","台北市松山區民生東路三段135號5樓","	97418116","吳萬益","葉正吉/楊仁彰","楊仁彰","總經理","吳庭樂","02-27656655","1997/04/08","2025/10/02",新台幣                 10.0000元,386680000,38668000,0,0,合併,每年,股東會,"福邦證券(股)公司股務代理部","02-23711658","100台北市中正區忠孝西路一段6號6樓","安侯建業聯合會計師事務所","韓沂璉","潘俊名","HM Env. Tech","5F., No. 135, Sec. 3, Minsheng E. Rd., Songshan Dist.,Taipei City, Taiwan","02-87870478","hm_fin_acc@huimin.com.tw","https://www.huimin.com.tw","吳庭樂","總經理特助","02-27656655","IR@huimin.com.tw","https://www.huimin.com.tw","https://www.huimin.com.tw/corporate-governance.aspx"
"6982","大井泵浦工業股份有限公司","大井泵浦","電機機械","－","新北市三芝區大片頭83之14號","	04481037","黃景豐","黃錦雲","張登溪","財務長","張文晉","2768-0189","1978/04/11","2024/12/18",新台幣                 10.0000元,406491000,40649100,0,0,合併,每年,股東會,"中國信託商業銀行股份有限公司","(02)6636-5566","台北市中正區重慶南路一段83號5樓","資誠聯合會計師事務所","陳晉昌","廖福銘","WALRUS PUMP","No. 83-14, Dapiantou, Sanzhi Dist., New Taipei City 252002, Taiwan (R.O.C.)New Taipei City 252002, Taiwan (R.O.C.)","2768-2255","ir@walrus.com.tw","https://www.walruspump.com","張登溪","財務長","2768-0189","ir@walrus.com.tw","https://www.walruspump.com/investment","https://www.walruspump.com/investment/category-431.html"
"6996","力領科技股份有限公司","力領科技","半導體業","－","新竹縣竹北市台元一街5號6樓之9","	25086406","毛穎文","郭文源","楊尚仁","業務 副處長","彭鈺婷","03-5601180","2009/12/11","2024/12/10",新台幣                 10.0000元,420053330,42005333,0,0,個別,每年,董事會,"台新綜合證券股務代理部","02-25048125","台北市中山區建國北路一段96號B1","勤業眾信聯合會計師事務所","張雅芸","蔡美貞","forcelead","6F-9, No 5, Taiyuan 1st St.,Zhubei City , Hsinchu County, Taiwan","03-5601181","ir@forcelead.com.tw","https://www.forcelead.com.tw/zh/index-zh/","黃英記","企業永續暨投資人關係處長","03-5601180","ir@forcelead.com.tw","https://www.forcelead.com.tw/zh/index-zh/investor/stakeholder/","https://www.forcelead.com.tw/zh/index-zh/investor/corporate-governance/"
"6997","博弘雲端科技股份有限公司","博弘","數位雲端","－","臺北市中山區樂群二路267號5樓之8","	28497918","井琪","何冠生","何冠生","總經理","張嘉庭","02-8501-5055","2006/10/13","2024/12/16",新台幣                 10.0000元,221005000,22100500,0,0,合併,每年,股東會,"亞東證券股份有限公司股務代理部","02-7753-1699","新北市板橋區新站路16號13樓","勤業眾信聯合會計師事務所","趙永祥","陳彥君","Nextlink","5F.-8, No. 267, Lequn 2nd Rd., Zhongshan Dist.,Taipei City 104 , Taiwan (R.O.C.)","02-8101-2308","IR@nextlink.com.tw","https://www.nextlink.cloud/","張嘉庭","財務長","02-8501-5055","IR@nextlink.com.tw","https://www.nextlink.cloud/social-responsibility/","https://www.nextlink.cloud/investor-center/company-management/"
"7402","邑錡股份有限公司","邑錡","光電業","－","台北市內湖區瑞光路588號9樓","	80538664","陳世哲","陳世哲","周裕欽","策略發展品牌行銷協理","謝螢玉","02-87510306","2003/11/06","2015/12/29",新台幣                 10.0000元,352806460,35280646,0,0,個別,每年,股東會,"台新證券股務代理部","02-25048125","台北市中山區建國北路一段96號地下一樓","勤業眾信聯合會計師事務所","張正修","劉怡青","Brinno","9th Floor, No. 588, Ruiguang Road, Neihu District, Taipei CityTaipei City 114728, Taiwan (R.O.C)","02-87510549","carol@brinno.com","www.brinno.com","周裕欽","策略發展品牌行銷協理","02-87510306","gary@brinno.com","http://www.brinno.com/tw/stakeholder","https://brinno.com/zh/pages/????§????H±M°?"
"7547","碩網資訊股份有限公司","碩網","數位雲端","－","新北市新店區北新路1段86號20樓","	70364799","張育達","邱仁鈿","邱仁鈿","總經理","李宜蓁","(02)2912-2100","1999/05/24","2025/07/29",新台幣                 10.0000元,332040000,33204000,0,0,合併,每年,股東會,"永豐金證券(股)股務代理部","(02)2381-6288","台北市中正區博愛路17號3樓","安侯建業聯合會計師事務所","簡思娟","王怡文","INTUMIT","20F, No.86, Sec.1, Beixin Rd.,Xindian Dist., New Taipei City Taiwan","(02)2912-2108","am@intumit.com","https://www.intumit.tw/","李宜蓁","副總","(02)2912-2100","joyce@intumit.com","https://www.intumit.tw/esg_zh/governance_zh/","https://www.intumit.tw/esg_zh/governance_zh/"
"7556","意德士科技股份有限公司","意德士科技","半導體業","－","台北市民生東路二段170號4樓","	70381684","闕聖哲","李順富","莊雅月","副總經理","周明璇","(02)25063000","1999/07/15","2020/10/30",新台幣                 10.0000元,273196630,27319663,0,0,合併,每年,董事會,"永豐金證券股份有限公司","(02)23816288","台北市中正區博愛路17號3樓","安侯建業聯合會計師事務所","楊樹芝","洪士剛","YEEDEX","4F.,No.170,Sec.2,Minsheng E.Rd.,Zhongshan Dist.,Taipei City 104, Taiwan (R.O.C.)","(02)25062128","info@yeedex.com.tw","www.yeedex.com.tw","周明璇","協理","(02)25063000","info@yeedex.com.tw","https://www.yeedex.com.tw/Stakeholders.html","https://www.yeedex.com.tw/governance.html"
"7584","樂意傳播股份有限公司","樂意","文化創意業","－","新北市新店區北新路三段205-3號9樓","	53773813","梁敏永","梁敏永","梁敏永","執行長","黃喻崢","(02)8913-1363","2012/06/13","2024/07/25",新台幣                 10.0000元,164628080,16462808,0,0,合併,每年,董事會,"群益金鼎證券(股)公司股務代理部","(02)2702-3999","台北市大安區敦化南路二段97號B2","安侯建業聯合會計師事務所","傅泓文","洪士剛","HAPPYTUK","9F., No. 205-3,Sec. 3, Beixin Rd.,Xindian Dist.,New Taipei City 231631, Taiwan (R.O.C.)","(02)8913-1520","ir@mangot5.com","www.mangot5.com","梁敏永","執行長","(02)8913-1363","ir@mangot5.com","https://company.mangot5.com/company/index","https://landing.mangot5.com/template/ir_company/ir_2024/index.html?_gl=1*1v38zw1*_gcl_au*MTY3OTc4MDU"
"7642","昶瑞機電股份有限公司","昶瑞機電","電機機械","－","臺中市龍井區台西南路272號","	53607701","蔡翔如","楊偉成","呂志峰","財務部經理","黃巧姍","04-26380989","2011/09/23","2025/05/22",新台幣                 10.0000元,301500000,30150000,0,0,個別,每年,董事會,"兆豐證券股份有限公司股務代理部","(02)33930898","台北市忠孝東路2段95號1樓","安永聯合會計師事務所","羅文振","陳明宏","Champ-Ray","No.272, Taixi S. Rd., Longjing Dist.,Taichung City 43455, Taiwan (R.O.C)","04-26380589","info@champ-ray.com","www.champ-ray.com","呂志峰","財務部經理","04-26380989","info@champ-ray.com","www.champ-ray.com","－"
"7703","銳澤實業股份有限公司","銳澤","其他電子業","－","新竹縣竹北市嘉豐南路二段76號9樓之1","	28881286","梁進利","曾建程","曾建程","總經理","趙宥琮","(03)5500958","2007/11/20","2024/11/13",新台幣                 10.0000元,347450000,34745000,0,0,合併,每年,董事會,"凱基證券股份有限公司股務代理部","(02)23892999","臺北市重慶南路一段2號5樓","安侯建業聯合會計師事務所","呂倩慧","陳政學","RAYZHER","Rm. 1, 9F., No. 76, Sec. 2, Jiafeng S. Rd., Zhubei City,Hsinchu County , Taiwan, R.O.C","(03)5500952","IR@rayzher.com.tw","https://www.rayzher.com.tw/","曾建程","總經理","(03)5500958","IR@rayzher.com.tw","https://www.rayzher.com.tw/","https://www.rayzher.com.tw/?page_id=3453"
"7704","明遠精密科技股份有限公司","明遠精密","半導體業","－","新竹縣竹北市中和街191巷31號","	53156804","寇崇善","焦元煜","洪本原","營運長","李政娟","03-6565510","2010/09/21","2024/12/16",新台幣                 10.0000元,337698040,33769804,0,0,合併,每年,董事會,"國票綜合證券股份有限公司","02-2528-8988","105411台北市南京東路5段188號15樓","勤業眾信聯合會計師事務所","林政治","林心彤","Finesse","No.31, Ln. 191, Zhonghe St.,Zhubei City Hsinchu County, Taiwan","03-5530109","service@finesse-tech.com","https://www.finesse-tech.com/","洪本原","營運長","03-6565510","benhong@finesse-tech.com","https://www.finesse-tech.com/","－"
"7708","全家國際餐飲股份有限公司","全家餐飲","觀光餐旅","－","台北市中山區中山北路二段61號3樓","	53089762","吳勝福","辛紫綾","辛紫綾","總經理","林金德","(02)2523-5775","2010/09/06","2024/11/15",新台幣                 10.0000元,255000000,25500000,0,0,合併,每年,董事會,"元大證券股份有限公司股務代理部","(02)2586-5859","106臺北市大安區敦化南路2段67號B1","資誠聯合會計師事務所","蔡亦臺","鄭裕仁","FIG","3F.,No.61,Section2,Chung-Shan N.Road.Taipei,Taiwan,R.O.C","(02)2523-0128","ir@familygourmet.com.tw","http://www.familygourmet.com.tw/","林金德","本部長","(02)2523-5775","ir@familygourmet.com.tw","http://www.familygourmet.com.tw/","－"
"7709","榮田精機股份有限公司","榮田","電機機械","－","高雄市湖內區中山路二段6號","	22503723","陳松田","陳政鈞","李振宏","財務主管","陳淑娟","(07)975-9888","1987/05/21","2025/02/25",新台幣                 10.0000元,391027400,39102740,0,0,個別,每年,董事會,"台新證券股務代理部","(02)2504-8125","台北市中山區建國北路一段96號B1","勤業眾信聯合會計師事務所","劉裕祥","許瑞軒","Honor","No. 6, Sec. 2, Chung-shan Rd., Hu-nei District,Kaohsiung City, Taiwan","(07)975-9999","honor@honorseiki.com","https://www.honorseiki.com","李振宏","協理","(07)975-9888","ir@honorseiki.com","https://www.honorseiki.com/index.php?option=module&lang=cht&task=showlist&id=22","https://www.honorseiki.com/index.php?option=module&lang=cht&task=showlist&id=20"
"7712","博盛半導體股份有限公司","博盛半導體","半導體業","－","新竹縣竹北市高鐵二路３２號６樓之3","	54808255","孟祥集","孟祥集","彭卓蘭","行政管理處副總經理","何全煜","(03)668-2068","2014/04/30","2024/12/26",新台幣                 10.0000元,325618730,32561873,0,0,合併,每年,董事會,"兆豐證券股份有限公司股務代理部","(02)3393-0898","台北市中正區忠孝東路二段95號1樓","安侯建業聯合會計師事務所","韓沂璉","賴麗真","POTENS","6F-3, No. 32, Gaotie 2nd Rd.Zhubei City, Hsinchu County 302, Taiwan","(03)668-2279","ir@potens-semi.com","http://www.potens-semi.com","彭卓蘭","行政管理處副總經理","(03)668-2068","ir@potens-semi.com","http://www.potens-semi.com","http://www.potens-semi.com"
"7713","威力德生醫股份有限公司","威力德生醫","生技醫療業","－","高雄市三民區民族一路80號19樓之1、2","	70424425","周國忠","陳泓仁","羅怡君","副總經理","詹舒涵","(07)380-0773","2003/04/28","2025/02/24",新台幣                 10.0000元,454788430,45478843,0,0,合併,每年,董事會,"元大證券股份有限公司股務代理部","(02)2586-5859","臺北市大安區敦化南路2段67號地下一樓","勤業眾信聯合會計師事務所","陳珍麗","吳秋燕","WeLeader","19F-1、2,No.80,Minzu 1st Rd.,Sanmin District,Kaohsiung City,Taiwan .R.O.C.","(07)380-0751","weleader@weleader.com.tw","https://www.weleader.com.tw","羅怡君","副總經理","(07)380-0773","IR@weleader.com.tw","https://www.weleader.com.tw/stakeholder.htm","https://www.weleader.com.tw/cg.htm"
"7714","創泓科技股份有限公司","創泓科技","數位雲端","－","臺北市內湖區洲子街77號10樓","	53120898","黃健寧","朱陳儀珍","曾耀德","副總經理","蘇柔安","02-26583077","2010/12/29","2025/01/15",新台幣                 10.0000元,210000000,21000000,0,0,合併,每半會計年度,董事會,"中國信託商業銀行代理部","02-66365566","臺北市中正區重慶南路一段83號5樓","勤業眾信聯合會計師事務所","龔則立","周仕杰","UFTC","10F., No. 77, Zhouzi St., Neihu Dist.Taipei City, Taiwan (R.O.C.)","02-26583097","finance@uniforce.com.tw","www.uniforce.com.tw","曾耀德","副總經理","02-26583077","finance@uniforce.com.tw","https://www.uniforce.com.tw/article.php?lang=tw&tb=1&id=21","https://www.uniforce.com.tw/article.php?lang=tw&tb=1&id=21"
"7715","裕山環境工程股份有限公司","裕山","綠能環保","－","高雄市三民區民族一路80號30樓之二","	84339006","劉原宏","張育祺","官長勝","專案事業部營運長","伍俊彥","07-3985500","1993/11/09","2025/01/15",新台幣                 10.0000元,337345000,33734500,0,0,合併,每年,董事會,"中國信託商業銀行(股)公司代理部","(02)6636-5566","台北市中正區重慶南路一段83號5樓","安永聯合會計師事務所","陳政初會計師","洪國森會計師","Yuh Shan","30F.-2, No. 80, Minzu 1st Rd., Sanmin Dist.,Kaohsiung City 807413 , Taiwan (R.O.C)","07-3983300","services@yseec.com","http://www.yseec.com","官長勝","營運長","07-3985500","services@yseec.com","http://www.yseec.com","https://www.yseec.com/tw/ir_corporate"
"7716","昱臺國際股份有限公司","昱臺國際","航運業","－","台北市中山區南京東路三段28號4樓","	84938207","劉枋","林興芳","蕭家辭","財務長","沈正豪","02-25166856","1994/09/01","2025/10/28",新台幣                 10.0000元,225000000,22500000,0,0,合併,每年,股東會,"中國信託商業銀&#64008;代理部","(02)6636-5566","台&#63843;市中正區重慶南&#63799;一段 83 號 5 &#63820;","安侯建業&#63895;合會計師事務所","黃柏淑","吳仲舜","ITI","4FL. No.28, Sec.3, Nanjing East RoadTaipei, Taiwan ROC","02-25092304","itigroup@iti-international.com","https://www.iti-international.com/","蕭家辭","財務長","2516-6856","","https://www.iti-international.com/","－"
"7717","英屬開曼群島商萊德光電(股)公司","萊德光電-KY","通信網路業","KY","新北市中和區中正路872號15樓之1","	93676577","環隆科技股份有限公司 代表人：歐仁傑","沈培生","沈培生","執行長","李昕容","(02)2222-8699","2014/08/08","2025/11/17",新台幣                 10.0000元,247776980,24777698,0,0,合併,每年,股東會,"中國信託商業銀行股務代理部","(02)6636-5566","台北市中正區重慶南路一段83號5樓","資誠聯合會計師事務所","梁嬋女","郭加龍","Lightel-KY","15F.-1, No. 872, Zhongzheng Rd.,Zhonghe Dist., New Taipei City, Taiwan","(02)2223-2699","IR@lightel.com","http://www.lightel-ky.com","李昕容","財務主管","(02)2222-8699","IR@lightel.com","http://www.lightel-ky.com","https://www.lightel-ky.com/governance/"
"7718","友鋮股份有限公司","友鋮","鋼鐵工業","－","台南市東區東門路一段358號9樓之4","	12906711","張宏誠","張宏誠","張棟卿","管理部門副總經理","方建泓","(06)236-0687","2001/10/02","2025/03/18",新台幣                 10.0000元,463564840,46356484,0,0,合併,每年,股東會,"富邦綜合證券股務代理部","(02)2361-1300","台北市中正區許昌街17號11樓","安永聯合會計師事務所","洪國森會計師","李芳文會計師","SPEC","9F.-4, No. 358, Sec. 1, Dongmen Rd., East Dist.,Tainan City 701002, Taiwan(R.O.C.)","(06)236-1588","spec.pro@spec.com.tw","https://www.spec.com.tw/","張棟卿","管理部門副總經理","(06)236-0687#701","spec.pro@spec.com.tw","https://www.spec.com.tw/","－"
"7723","築間餐飲事業股份有限公司","築間","觀光餐旅","－","台中市西屯區臺灣大道三段789號14樓之2","	83293333","林楷傑","周秀花","高偉傑","財務長","李秋燕","04-24228966","2020/12/15","2025/04/30",新台幣                 10.0000元,506195500,50619550,0,0,合併,每半會計年度,董事會,"凱基證券股份有限公司","02-23892999","台北市重慶南路一段2號5樓","安侯建業聯合會計師事務所","洪士剛","莊鈞維","JHU JIAN","Rm. 2, 14F., No. 789, Sec. 3, Taiwan Blvd., Xitun Dist.Taichung City 407 , Taiwan (R.O.C.)","04-24226411","investor@jhujian.com.tw","https://www.jhujian.com.tw/","高偉傑","財務長","04-24228966","investor@jhujian.com.tw","https://www.jhujian.com.tw/","https://www.jhujian.com.tw/8"
"7728","光焱科技股份有限公司","光焱科技","其他電子業","－","高雄市路竹區路科五路96號1樓","	24362164","柯歷亞","廖華賢","廖清霖","協理","黃沛健","07-6955669","2009/03/02","2025/03/06",新台幣                 10.0000元,138540800,13854080,0,0,合併,每年,董事會,"台新綜合證券(股)公司股務代理部","(02)2504-8125","台北市建國北路一段96號地下一樓","安永聯合會計師事務所","陳政初","李芳文","Enlitech","1F., No.96, Luke 5th Rd., Luzhu Dist., Kaohsiung City ,TaiwanKaohsiung City ,Taiwan","07-6955785","qeservice@enli.com.tw","https://enlitechnology.com/zh-hant/","黃沛健","協理","07-6955669","qeservice@enli.com.tw","https://enlitech-sensor.com/zh-hant/","https://enlitechnology.com/zh-hant/investor/"
"7734","印能科技股份有限公司","印能科技","半導體業","－","新竹市香山區大湖路173號","	28800030","洪誌宏","洪誌宏","蘇桓平","副總經理","王炳坤","03-5375068","2007/09/27","2025/02/26",新台幣                 10.0000元,280000000,28000000,0,0,合併,每年,股東會,"台新證券股務代理部","(02)2504-8125","台北市中山區建國北路一段96號B1","勤業眾信聯合會計師事務所","陳明煇會計師","林政治會計師","APT","No. 173, Dahu Road, Xiangshan DistrictHsinchu City 300110, Taiwan (R.O.C.)","03-5375058","IR@ableprint.com.tw","http://www.ableprint.com.tw","蘇桓平","副總經理","03-5375068","IR@ableprint.com.tw","http://www.ableprint.com.tw","http://www.ableprint.com.tw"
"7738","東聯互動股份有限公司","東聯互動","數位雲端","－","新北市土城區中央路四段51號7樓-1","	65279409","吳侑勳","吳侑勳","吳侑勳","董事長兼總經理","方靖傑","02-22425511","2016/08/26","2025/10/16",新台幣                 10.0000元,273557990,27355799,0,0,合併,每年,董事會,"兆豐證券股份有限公司","(02)33930898","台北市忠孝東路二段95號1樓","安永聯合會計師事務所","呂倩雯","余倩如","EUI","7F.-1, No. 51, Sec. 4 , Zhongyang Rd., Tucheng Dist.,New Taipei City , Taiwan (R.O.C.)","02-22423339","PA@eui.money","https://www.eui.money","吳侑勳","董事長兼總經理","02-22425511","PA@eui.money","https://www.eui.money/esg","－"
"7743","金利食安科技股份有限公司","金利食安","食品工業","－","屏東縣屏東市前進里5鄰園西街15號","	53414676","廖日興","殷豪","殷豪","總經理","陳翠玲","08-7562188","2011/06/09","2025/05/20",新台幣                 10.0000元,364833380,36483338,0,0,合併,每年,董事會,"凱基證券股份有限公司股務代理部","02-23892999","台北市中正區重慶南路一段2號5樓","勤業眾信聯合會計師事務所","謝明忠","呂宜真","KFS","No. 15, Yuanxi St.Pingtung City, 90037, Taiwan (R.O.C.)","08-7562180","kfs-service@kfs-foodtech.com","http://www.kfs-foodtech.com/","蘇惠菊","財務主管","08-7562188","kfs-service@kfs-foodtech.com","http://www.kfs-foodtech.com/","－"
"7744","崴寶精密科技股份有限公司","崴寶","電子零組件業","－","臺中市西屯區市政北七路186號11樓之9","	90290162","姚旭初","姚旭初","范崇德","副總經理","劉欣宜","04-2254-9456","2022/06/30","2025/11/27",新台幣                 10.0000元,320000000,32000000,0,0,合併,每年,股東會,"元富證券股份有限公司股務代理部","02-2768-6668","台北市松山區光復北路11巷35號B1","安永聯合會計師事務所","黃宇廷","黃子評","WB","11 F.-9, No. 186, Shizheng N. 7th Rd., Xitun Dist.Taichung City, Taiwan","04-2254-9456","ir@wnbtech.com","https://wnbtech.com/zh/","范崇德","副總經理","04-2254-9456","ir@wnbtech.com","https://wnbtech.com/zh/","－"
"7747","昕奇雲端科技股份有限公司","昕奇雲端","數位雲端","－","臺北市內湖區瑞光路76巷33號2樓","	55639539","許承強","許承強(暫代)","黃國&#23791;","副總經理","張秋華","02-87923677","2017/10/11","2025/07/11",新台幣                 10.0000元,274260000,27426000,0,0,合併,每年,董事會,"元大證券股務代理部","02-2586-5859","臺北市大安區敦化南路2段67號地下一樓","安侯建業聯合會計師事務所","江家齊","趙敏如","GCS","2F., No. 33, Ln. 76, Ruiguang Rd., Neihu Dist.,Taipei City 114 , Taiwan (R.O.C)","02-87923941","ir@grandtechcloud.com","https://www.grandtechcloud.com","黃國&#23791;","副總經理","02-87923677","ir@grandtechcloud.com","https://www.grandtechcloud.com","－"
"7751","竑騰科技股份有限公司","竑騰","半導體業","－","高雄市楠梓區經六路61號","	89999982","王獻儀","徐嘉新","羅亦淞","專案經理","龔品瑜","07-3631000","1994/12/27","2025/08/26",新台幣                 10.0000元,268886000,26888600,0,0,合併,每年,董事會,"中國信託商業銀行代理部","02-66365566","10008台北市中正區重慶南路一段83號5樓","勤業眾信聯合會計師事務所","陳珍麗","吳秋燕","HORNG TERNG","No.61,Jing 6th Rd., Nantze DistrictKaohsiung 81170, Taiwan","07-3686640","isung.lo@hta.com.tw","https://www.hta.com.tw/","羅亦淞","專案經理","0978907751","isung.lo@hta.com.tw","https://www.hta.com.tw/article.php?lang=tw&tb=8&id=397","https://www.hta.com.tw/article.php?lang=tw&tb=8&id=407&ot=all"
"7753","星亞視覺股份有限公司","星亞","光電業","－","新竹科學園區新竹市力行五路1號8樓","	90542250","戴呈易","李柏龍","李柏龍","總經理","黃國書","03-5638966","2021/09/16","2025/08/11",新台幣                 10.0000元,250000000,25000000,0,0,個別,每年,董事會,"台新綜合證券股務代理部","02-25048125","台北市中山區建國北路一段96 號B1","勤業眾信聯合會計師事務所","陳致源","周仕杰","SAVC","8F.,NO.1,Li-hsin Rd.V,Hsinchu Science ParkHsinchu,Taiwan,R.O.C.","03-5773605","info-corp@savc-vision.com","https://www.savc-vision.com/","李柏龍","總經理","03-5638966","stock@savc-vision.com","https://www.savc-vision.com/about-savc/","－"
"7757","金色三麥餐飲股份有限公司","金色三麥","觀光餐旅","－","新北市三重區新北大道2段260號","	24692475","葉冠廷","葉淑芬","葉淑芬","總經理","王良佐","02-7716-6666","2014/09/01","2025/10/20",新台幣                 10.0000元,241000000,24100000,0,0,合併,每年,股東會,"中國信託商業銀行股份有限公司","02-6636-5566","台北市中正區重慶南路一段83號5樓","資誠聯合會計師事務所","林柏全","楊蕙慈","Lebledor","No. 260, Sec. 2, New Taipei Blvd., Sanchong Dist.New Taipei City 24158, Taiwan (R.O.C.)","02-7716-5555","ir@Lebledor.com","www.sunmaigroup.com","王良佐","財務長","02-7716-7757","ir@lebledor.com","www.sunmaigroup.com","－"
"7767","仁大資訊股份有限公司","仁大資訊","資訊服務業","－","新北市五股區五工三&#63799;118 號","	16890535","林士茵","陳宏明","陳宏明","總經&#63972;","陳欣喬","(02)2298-2958","1999/04/12","2025/12/10",新台幣                 10.0000元,301000000,30100000,0,0,合併,每年,董事會,"中國信託商業銀行代理部","(02)6636-5566","台北市中正區重慶南&#63799;一段83 號5 樓","勤業眾信聯合會計師事務所","邱盟捷","鄭欽宗","HPI","No. 118, Wugong 3rd Rd., Wugu Dist., New Taipei City 248019 , Taiwan (R.O.C.)New Taipei City, Taiwan.","(02)2298-2795","IR@hpicorp.com.tw","https://www.hpicorp.com.tw","陳宏明","總經&#63972;","(02)2298-2958","IR@hpicorp.com.tw","https://www.hpicorp.com.tw","－"
"7770","君曜科技股份有限公司","君曜","半導體業","－","新竹市東區光復路二段2巷49-1號2樓","	53175112","林澤琦","林秉琦","江佳蓁","財會行政處長","林俊佑","035790045","2010/10/28","2025/12/10",新台幣                 10.0000元,300620530,30062053,0,0,合併,每年,股東會,"永豐金證券股務代理部","0223816288","台北市博愛路17號3樓","資誠聯合會計師事務所","蔣承翰","鄭雅慧","ZEITEC","2F. NO.49-1 Ln, 2, Sec. 2GuangFu Rd., HsinChu City Taiwan (R.O.C)","035790045","IR@zeitecsemi.com","www.zeitecsemi.com","江佳蓁","財會行政處長","035790045","IR@zeitecsemi.com","www.zeitecsemi.com","－"
"7777","能率亞洲資本股份有限公司","能率亞洲","其他","－","台北市南京東路三段248號6樓之2","	54398718","謝發達","游智元","游智元","總經理","黃素君","02-27403628","2015/03/10","2025/12/22",新台幣                 10.0000元,1825000000,182500000,0,0,個別,每半會計年度,董事會,"第一金證券股務代理部","02-25635711","台北市大安區安和路一段27號6樓","資誠聯合會計師事務所","馮敏娟","王菘澤","ABICO ASIA","6F.-2, No. 248, Sec. 3, Nanjing E. Rd., Songshan Dist., Taipei CityTaipei,Taiwan ,R.O.C.","02-27400658","ir@abicoasia.com.tw","https://www.abicoasia.com.tw/","黃素君","協理","02-27403628","ir@abicoasia.com.tw","https://www.abicoasia.com.tw/investors_interest.php","－"
"7782","光速火箭股份有限公司","光速火箭","居家生活","－","新北市新莊區新北大道二段217號8F","	65279724","陳冠愷","李冠霆","蘇志和","財務長","沈宗良","02-8522-8955","2016/08/26","2025/10/28",新台幣                 10.0000元,232130000,23213000,0,0,合併,每年,董事會,"群益金鼎證券(股)公司股務代理部","(02)2702-3999","台北市敦化南路二段九十七號地下二樓","安侯建業聯合會計師事務所","黃明宏會計師","楊雲筑會計師","SPEEDING ROCKET","8F., No. 217, Sec. 2, New Taipei BlvdXinzhuang Dist., New Taipei City, Taiwan","02-8522-8956","spokesman@speeding-rocket.com","https://www.speeding-rocket.com","蘇志和","財務長","02-8522-8955","spokesman@speeding-rocket.com","https://www.speeding-rocket.com","－"
"7792","安葆國際實業股份有限公司","安葆","其他電子業","－","新北市新店區北新路三段207-5號5樓","	84751639","陳志復","陳志復","陳志復","董事長兼總經理","陳永裕","(02)29108118","1994/02/04","2026/01/28",新台幣                 10.0000元,466620000,46662000,0,0,合併,每年,董事會,"元大證券股份有限公司股務代理部","(02)2586-5859","106台北市大安區敦化南路二段67號地下1樓","安侯建業聯合會計師事務所","黃柏淑","吳仲舜","AM-POWER","5F., No. 207-5, Sec. 3, Beixin Rd., Xindian Dist., New Taipei City TaiwanXindian Dist., New Taipei City Taiwan","(02)29106689","IR@ampower.com.tw","https://www.ampower.com.tw/","陳志復","董事長兼總經理","(02)2910-8118","IR@ampower.com.tw","IR@ampower.com.tw","－"
"7805","威聯通科技股份有限公司","威聯通","數位雲端","－","新北市汐止區中興路22號2樓","	80682695","張明智","劉文義","陳怡蓉","財務長","林思綺","(02)26412000","2004/03/11","2025/12/22",新台幣                 10.0000元,328251010,32825101,0,0,合併,每年,董事會,"群益金鼎證券股務代理部","(02)2702-3999","台北市大安區敦化南路二段97號B2","安侯建業聯合會計師事務所","陳宗哲","韓沂璉","QNAP","2F., No. 22, Zhongxing Rd., Xizhi Dist.New Taipei City 221 , Taiwan (R.O.C.)","(02)26410555","IR@QNAP.COM","https://www.qnap.com","陳怡蓉","財務長","(02)26412000","IR@QNAP.COM","https://www.qnap.com","－"
"7810","捷創科技股份有限公司","捷創科技","半導體業","－","新竹市東區關新里關新路27號6樓之1","	27295674","林益民","林益民","鄭文吉","副總","胡嘉禎","03-5638886","2004/05/20","2025/12/23",新台幣                 10.0000元,202500000,20250000,0,0,個別,每年,股東會,"元大證券股份有限公司股務代理部","02-25865859","臺北市大安區敦化南路2段67號地下一樓","勤業眾信聯合會計師事務所","葉東煇","&#28201;智源","JTRON","6F-1, No.27, Guan-Hsin Rd., East DistHsinchu , Taiwan(R.O.C)","03-5638816","ir@jtron-tech.com","https://www.jtron-tech.com","鄭文吉","副總","03-5638886","ir@jtron-tech.com","https://www.jtron-tech.com","－"
"8024","佑華微電子股份有限公司","佑華","半導體業","－","新竹市光復路2段295號9樓之1","	86806602","林振興","翁啟培","翁啟培","總經理","廖郁欣","03-5736660","1992/07/28","2006/09/25",新台幣                 10.0000元,451601000,45160100,0,0,合併,每年,股東會,"永豐金證券股份有限公司","02-23816288","台北市中正區博愛路17號3樓","勤業眾信聯合會計師事務所","林心彤","葉東煇","　Alpha","9F-1,295,Sec. 2,Kuang Fu RoadHsinchu, Taiwan, R.O.C　","03-5736661","shareholder@ealpha.com.tw","https://www.ealpha.com.tw","廖郁欣","經理","03-5736660#399","shareholder@ealpha.com.tw","https://www.ealpha.com.tw/tw/info.asp","https://www.ealpha.com.tw/tw/info.asp"
"8027","鈦昇科技股份有限公司","鈦昇","電機機械","－","高雄市燕巢區橫山路六十一號","	22101002","王明慶","張光明","林傑倫","行銷處處長","張正彥","(07)6156600","1994/10/28","2015/06/09",新台幣                 10.0000元,1074805290,107480529,0,0,合併,每年,董事會,"永豐金證券股份有限公司","(02)23816288","台北市中正區博愛路十七號三樓","國富浩華聯合會計師事務所","謝仁耀","李國銘","E&R","61 , Heng  Shan  Road , Yen-Chau  HsiangKaohsiung  Taiwan  R.O.C","(07)6155511","spokesman_8027@enr.com.tw","www.enr.com.tw","林傑倫","行銷處處長","07-6156600","spokesman_8027@enr.com.tw","https://www.enr.com.tw/list/ir-1580715906.htm","https://www.enr.com.tw/list/ir-1580715999.htm"
"8032","光菱電子股份有限公司","光菱","電子通路業","－","新北市汐止區新台五路一段79號9樓之7","	22626725","廖順榮","陳建龍","帥緒廷","執行副總經理","張振成","(02)26981143","1987/08/15","2003/10/02",新台幣                 10.0000元,518103000,51810300,0,0,合併,每年,董事會,"元大證券股份有限公司股務代理部","(02)2586-5859","臺北市大安區敦化南路2段67號地下一樓","勤業眾信會計師事務所","陳俊宏","黃秀椿","KORYO","9F.-7, No.79, Sec. 1, Xintai 5th Rd.,Xizhi Dist.,New Taipei City 221,TaiwanTAIPEI,TAIWAN,R.O.C","(02)26981147","ir@koryo.com.tw","www.koryo.com.tw","張振成","管理部 協理","(02)26981143","ir@koryo.com.tw","www.koryo.com.tw/public/page/24","https://www.koryo.com.tw/public/investorsclass/1"
"8034","榮群電訊股份有限公司","榮群","通信網路業","－","新竹科學工業園區工業東九路五號３樓","	86001464","王慶橖","王慶橖","黃鳳珠","協理","王藝錚","03-5788693","1992/04/20","2004/05/06",新台幣                 10.0000元,565863530,56586353,0,0,合併,每年,股東會,"永豐金證券股務代理部","02-23816288","台北市中正區博愛路17號3F","資誠聯合會計師事務所","蔣承翰","鄭雅慧","OPNET","3F, No.5,Industry E, Rd. IX, Science-Based Industrial Park,Hsinchu, Taiwan, R.O.C.","03-5789788","ir@opnet.com.tw","www.opnet.com.tw","黃鳳珠","協理","03-5788693-500","spokesperson@opnet.com.tw","https://www.opnet.com.tw/zh-tw/a4-11049-12467/%E5%88%A9%E5%AE%B3%E9%97%9C%E4%BF%82%E4%BA%BA%E6%BA%9D","https://www.opnet.com.tw/zh-tw/a3-2476/%E5%85%AC%E5%8F%B8%E6%B2%BB%E7%90%86.html"
"8038","長園科技實業股份有限公司","長園科","電子零組件業","－","(407)中部科學工業園區台中市西屯區科雅東路9號","	16207745","張李琇玉","張惇育","張惇育","總經理","陳泰逢","04-25658768","1997/08/28","2013/11/21",新台幣                 10.0000元,622781900,62278190,1300000,0,合併,每年,股東會,"元大證券股份有限公司","02-2586-5859","臺北市大安區敦化南路2段67號地下一樓","資誠聯合會計師事務所","賴志維","王玉娟","CAEC","NO.9,Keya E.Rd,Situn District, Taichung City 407.TAICHUNG, TAIWAN","04-25658368","ir@caec.com.tw","www.caec.com.tw","張惇育","總經理","04-25658768","ir@caec.com.tw","http://www.caec.com.tw/investorzone_tw.php","http://www.caec.com.tw/governance_tw.php?id=46"
"8040","九暘電子股份有限公司","九暘","半導體業","－","新竹市光復路2段2巷47號10樓之1","	16069953","謝清江","潘建華","王婉娥","處長","林靜瑩","03-5750275","1997/07/19","2007/04/30",新台幣                 10.0000元,964138740,96413874,27563800,0,個別,每年,股東會,"永豐金證券股份有限公司","02-23816288","台北市中正區博愛路17號3樓","安永聯合會計師事務所","胡慎緁","楊雨霓","IC+　","10F, No.47, Lane 2, Kwang-Fu RD. Sec. 2,Hsin-Chu, Taiwan, R.O.C.　","03-5750475","investor@icplus.com.tw","www.icplus.com.tw","王婉娥","處長","03-5750275","investor@icplus.com.tw","www.icplus.com.tw","－"
"8042","臺灣金山電子工業股份有限公司","金山電","電子零組件業","－","新北市三重區光復路一段六十八巷十一弄一號二樓","	03550210","江士勳","江慶信","陳安琪","管理部處長","蔡茂松","(02)29950535","1970/03/20","2004/03/22",新台幣                 10.0000元,1294625490,129462549,0,0,合併,每年,董事會,"福邦證券股務代理部","(02)2383-6888","台北市中正區忠孝西路一路6號6樓","資誠聯合會計師事務所","涂展源","賴宗羲","CHINSAN","2F., No. 1, Aly. 11, Ln. 68, Sec. 1, Guangfu Rd.SanChong Dist., New Taipei City Taiwan","(02)29950202","angel.chen@chinsan.com","www.chinsan.com","蔡茂松","財務長","(02)29950535#223","Mason.Tsai@chinsan.com","www.chinsan.com","－"
"8043","蜜望實企業股份有限公司","蜜望實","電子零組件業","－","台北市內湖區內湖路1段316號8樓","	23310983","林訓民","許弘志","蔡素卿","財務部協理","張文文","(02)87511779","1989/05/20","2003/10/24",新台幣                 10.0000元,799071700,79907170,0,0,合併,每年,董事會,"凱基證券股份有限公司","2389-2999","台北市重慶南路1段2號5樓","資誠聯合會計師事務所","葉翠苗","涂展源","　　3H","8F, NO .316 ,NEIHU ROAD,SEC. 1,　　TAIPEI,  TAIWAN  R. O. C.　　","(02)27995753","emma@threehhh.com.tw","WWW.THREEHHH.COM.TW","蔡素卿","財務部協理","8751-1779","emma@threehhh.com.tw","http://www.threehhh.com.tw/?action=case&id=33","https://www.threehhh.com.tw/topic/governance/preview/116"
"8044","網路家庭國際資訊股份有限公司","網家","數位雲端","－","台北市敦化南路二段105號12樓","	16606102","詹宏志","張瑜珊","林佳慧","協理","甯智倫","27000898","1998/07/14","2005/01/24",新台幣                 10.0000元,2056470650,205647065,71070583,0,合併,每年,董事會,"台新證券股務代理部","2504-8125","台北市建國北路一段96號地下一樓","資誠聯合會計師事務所","梁嬋女","鄭裕仁","PChome online","12F, 105, Sec. 2, Tun-Hwa S. Rd.Taipei Taiwan","2709-5021","ir@pchome.tw","www.pchome.com.tw","林佳慧","協理","02-2700-0898","ir@pchome.tw","https://corp.pchome.tw/corporate-social-responsibility/stakeholder-communication/","https://corp.pchome.tw/investor-relations"
"8047","星雲電腦股份有限公司","星雲","其他電子業","－","新北市汐止區福德二路236號4樓-1","	23360202","張祐銘","許曜廷","方彥凱","董事長特助","待補","02 26946687","1989/04/20","2004/02/09",新台幣                 10.0000元,416663430,41666343,0,0,合併,每年,股東會,"富邦綜合證券股份有限公司","(02)2361-1300","台北市中正區許昌街17號11樓","安侯建業聯合會計師事務所","鄒依芸","曾國禓","GCC　","4F,No.236,Fu-Te 2nd Rd.,Xizhi Dist., New Taipei City 221 ,Taiwan","02 26935690","kevin.fang@gcc.com.tw","http://www.gccworld.com","方彥凱","董事長特助","分機168","kevin.fang@gcc.com.tw","http://www.gccworld.com","－"
"8048","德勝科技股份有限公司","德勝","通信網路業","－","台北市南港路三段50巷1號3樓","	05094603","林坤銘","楊育哲","楊育哲","總經理","陳雲珍","02-27853961","1981/07/14","2009/09/08",新台幣                 10.0000元,577057520,57705752,0,0,合併,每年,股東會,"元大證券股份有限公司","02-2586-5859","106臺北市大安區敦化南路2段67號地下一樓","勤業眾信聯合會計師事務所","林淑如","張淳儀","RUBYTECH　","3/F, NO.1, LANE 50, NAN KANG RD., SEC.3,TAIPEI, TAIWAN. R.O.C.　","02-27863012","rubytech@mail.rubytech.com.tw","www.rubytech.com.tw","楊育哲","總經理","02-27853961","spokesman@mail.rubytech.com.tw","https://www.rubytech.com.tw/rubytech/stakeholders/","https://www.rubytech.com.tw/rubytech/corporate-governance/"
"8049","晶采光電科技股份有限公司","晶采","光電業","－","新北市汐止區新台五路一段116號4樓","	16440433","蘇漢傑","陳志湧","陳科宏","財務長","黃秋凌","(02)2696-7269","1998/03/17","2004/02/02",新台幣                 10.0000元,1182798080,118279808,0,0,合併,每年,股東會,"永豐金證券股份有限公司","(02)2381-6288","台北市中正區博愛路17號3樓","安侯建業聯合會計師事務所","郭欣頤","寇惠植","AMPIRE","4th/FL.  No.  116,  Sec.  1,  Hsin-Tai  5th  Rd.,  Hsi-Chih  city,Taipei  Hsien,  Tawian,  R.O.C.","(02)2696-7196","pure.yang@ampire.com.tw","www.ampire.com.tw","陳科宏","財務長","(02)2696-7269#2300","investor@ampire.com.tw","http://www.ampire.com.tw/tc/p9-shareholder.asp","－"
"8050","廣積科技股份有限公司","廣積","電腦及週邊設備業","－","台北市南港區園區街3號15樓之1","	70479315","林秋旭","李家富","商志宏","執行副總經理","陳章泰/簡義芳","26557588","2000/02/15","2003/10/24",新台幣                 10.0000元,2051780350,205178035,0,0,合併,每年,董事會,"台新證券股務代理部","25048125","台北市建國北路一段96號地下一樓","勤業眾信會計師事務所","周仕杰","李東峰","IBASE　　","15F-1,No3,Yuan QU Street, NanKang,Taipei 115,Taiwan(NanKang Software Park)Taipei, Taiwan, R. O. C.　　　","26557388","benny@ibase.com.tw","www.ibase.com.tw","商志宏","執行副總經理","26557588","marketing@ibase.com.tw","www.ibase.com.tw","https://www.ibase.com.tw/tw/ir/corporate"
"8054","安國國際科技股份有限公司","安國","半導體業","－","臺北市南港區三重路66號9樓之1","	70455720","羅森洲","陳建盛","蔡玲君","執行長","陳建盛","(02)2653-5000","1999/11/23","2004/11/08",新台幣                 10.0000元,1057725660,105772566,27041000,0,合併,每年,董事會,"福邦證券股份有限公司","(02)2371-1658","台北市中正區忠孝西路一段6號6樓","安永聯合會計師事務所","徐榮煌","陳智忠","Alcor Micro","9F.-1, No. 66, Sanchong Rd., Nangang DistrictTaipei 115, Taiwan, R.O.C.　","(02)2783-7166","AM-IR@alcormicro.com","www.alcormicro.com","姚慈恩","資深高級專員","(02)2653-5000","AM-IR@alcormicro.com","www.alcormicro.com/zh-tw/stakeholder/","www.alcormicro.com/zh-tw/investment/"
"8059","凱碩科技股份有限公司","凱碩","通信網路業","－","新北市深坑區北深路三段141巷14號","	16631735","章瑛","章瑛(代理)","吳麗美","協理","待委任","02-2267-3858","1998/06/26","2010/03/16",新台幣                 10.0000元,1938497500,193849750,102500000,0,合併,每年,董事會,"元富證券股份有限公司股務代理部","02-2768-6668","台北市松山區光復北路11巷35號地下一樓","安永會計師事務所","陳智忠","余倩如","CTI","No.14, Ln.141, Sec.3, Beishen Rd.,Shenkeng, New Taipei City 222004, Taiwan","02-2664-0102","CTI_shareholder@castlenet.com.tw","http://www.castlenet.com.tw","吳麗美","協理","02-2267-3858 #28808","CTI_shareholder@castlenet.com.tw","https://www.castlenet.com.tw/tw/page/192","－"
"8064","東捷科技股份有限公司","東捷","光電業","－","南部科學園區台南市新市區南科六路9號","	16491312","嚴瑞雄","陳贊仁","陳贊仁","總經理","王姿惠","(06)5051188","1998/05/01","2006/09/25",新台幣                 10.0000元,1648178360,164817836,0,0,合併,每年,股東會,"群益金鼎證券股份有限公司","(02)27023999","台北市敦化南路二段97號地下二樓","勤業眾信聯合會計師事務所","陳秀雯","許瑞軒","CONTREL　　","NO.9,Nan-Ke 6th Rd.,Tainan Science-Based Industrial Park Tainan City, TaiwanTainan City, Taiwan　　　　","(06)5051195","ir@contrel.com.tw","www.contrel.com.tw","王姿惠","處長","(06)5051188","ir@contrel.com.tw","www.contrel.com.tw/inv_stakeholder.php","https://www.contrel.com.tw/inv_manage.php"
"8066","來思達國際企業股份有限公司","來思達","居家生活","－","臺北市內湖區新湖一路86號3樓","	84149821","謝采琁","謝孟霖","丁邦成","財務長","李秀婷","(02)87925189","1996/12/19","2004/12/24",新台幣                 10.0000元,296423040,29642304,156000,0,合併,每年,股東會,"群益金鼎證券(股)公司","(02)27035000","臺北市大安區敦化南路二段97號B2","資誠聯合會計師事務所","陳&#21843;東","林佳鴻","LIFESTYLE","3F., No.86, Xinhu 1st Rd.,Neihu Dist., Taipei  114, Taiwan (R.O.C)","(02)87925162","lifestyle@lifestyle-tw.com","www.lifestyle-global.com","楊宗興","副理","(02)87925189","duncany@lifestyle-tw.com","www.lifestyle-global.com","www.lifestyle-global.com/download/category/investor-director"
"8067","志旭國際股份有限公司","志旭","電子通路業","－","新北市三重區新北大道二段260號十四樓","	23286631","陳昱志","陳昱旭","陳紀菁","財務協理","周柏維","02-29953666","1989/03/24","2004/04/23",新台幣                 10.0000元,207000000,20700000,8590000,0,合併,每年,股東會,"富邦綜合證券股務代理部","02-2361-1300","台北市中正區許昌街17號11樓","安侯建業會計師事務所","莊鈞維","許明芳","Gish INT","14FL.,NO.260   Sec 2  New Taipei Blvd.SANCHUNG Dist ,NEW TAIPEI, TAIWAN ,ROC","02-29953632","Grace_chen@mail.gish.com.tw","http://www.gish.com.tw","陳紀菁","協理","02-29953666","Grace_chen@mail.gish.com.tw","http://www.gish.com.tw/Page1.htm","－"
"8068","全達國際股份有限公司","全達","電子通路業","－","臺北市內湖區內湖路一段360巷15號8樓之1","	16003714","&#20931;俊榮","王凱元","黃立維","財務長","暫缺","02-22186500","1997/05/15","2004/03/25",新台幣                 10.0000元,807659490,80765949,0,0,合併,每年,股東會,"元大證券股份限公司股務代理部","(02)25863117","台北市大安區敦化南路2段67號地下一樓","安侯建業聯合會計師事務所","余聖河","羅瑞芝","Chander　　","8th Floor, No. 15, Lane 360, Section 1, Neihu RoadNeihu District, Taipei City","02-22186501","Jerry_Huang@chander.com.tw　　","http://www.chander.com.tw/","黃立維","副總經理","22186500","Jerry_Huang@chander.com.tw","https://www.chander.com.tw/stakeholder.html","－"
"8069","元太科技工業股份有限公司","元太","光電業","－","新竹市科學園區力行一路3號","	22099890","李政昊","甘豐源","陳樂群","財務長","張元培","03-5643200","1992/06/16","2004/03/30",新台幣                 10.0000元,11504762590,1150476259,60000000,0,合併,每年,董事會,"永豐金證券股份有限公司","02-23816288","台北市博愛路17號3樓","勤業眾信聯合會計師事務所","黃惠敏","翁雅玲","EIH","3, LI  SHIN  RD.  1,  SCIENCE-BASED.  INDUSTRIAL  PARK　　HSINCHU, TAIWAN, R.O.C.　","03-5795072","ir@eink.com","www.eink.com","陳樂群","財務長","03-5643200","ir@eink.com","https://esg.eink.com/tw/sustainable/stakeholders","－"
"8071","能率網通股份有限公司","能率網通","電子零組件業","－","新北市汐止區康寧街169巷27號13樓之一","	84415355","胡湘麒","洪再發","胡湘麒","董事長","劉志雄","02-26923636","1993/06/29","2003/12/29",新台幣                 10.0000元,600842830,60084283,0,0,合併,每年,董事會,"華南永昌綜合證券股份有限公司","(02)27186425","台北市民生東路4段54號4樓","佳明聯合會計師事務所","葉湘萍","周峻墩","ABICO","13F-1, No. 27, Lane 169, Kang-Ning St.,Hsi-Chih Dist.,New Taipei City, Taiwan","02-26923232","paul.liu@fstdisc.com.tw","www.fstdisc.com.tw","劉志雄","財務長","02-26923636","paul.liu@fstdisc.com.tw","www.abico-fs.com.tw","http://www.fstdisc.com.tw/p2-investors4.asp"
"8074","鉅橡企業股份有限公司","鉅橡","電子零組件業","－","台南市佳里區海澄里萊芊寮12-27號","	96865657","莊煌星","莊煌星","馮興運","資深副總經理","賴宏杰","06-7266335","1996/02/01","2004/01/27",新台幣                 10.0000元,809744660,80974466,0,0,合併,每年,董事會,"華南永昌綜合證券股份有限公司","02-27186425","台北市民生東路4段54號4樓","勤業眾信聯合會計師事務所","楊朝欽","王騰葦","AURONA","NO. 12-27, LAI  GUAN  LIAU , CHIA  LIE  CHENG　TAINAN  SHIENG,  R.O.C .　　","06-7266331","aurona@aurona.com.tw","https://www.aurona.com.tw/","馮興運","資深副總經理","06-7266339","aurona@aurona.com.tw","https://www.aurona.com.tw/corpsocialres?main=13","https://www.aurona.com.tw/corpsocialres?main=7"
"8076","伍豐科技股份有限公司","伍豐","電腦及週邊設備業","－","新北市汐止區新台五路一段七十五號十樓","	89961466","徐明哲","彭禾夆","賴盈甫","財務處長","陳恒立","(02)26981446","1995/01/17","2003/12/15",新台幣                 10.0000元,2922135920,292213592,0,0,合併,每年,董事會,"兆豐證券股份有限公司股務代理部","(02)33930898","臺北市中正區忠孝東路二段９５號１樓","資誠聯合會計師事務所","支秉鈞","賴宗羲","FIRICH　　","10F, No.75, Sec. 1 Hsin Tai Wu  Rd., Xizhi Dist.,New Taipei City, Taiwan R. O. C.　　","(02)26981451","henry.chen@firich.com.tw","https://www.fecpos.com/tw/","陳恒立","董事長特助","2698-1446#688","henry.chen@firich.com.tw","https://www.fecpos.com/tw/","https://www.fecpos.com/tw/msg/message-Corporate-Governance-72.html?lg=T"
"8077","洛碁實業股份有限公司","洛碁","觀光餐旅","－","臺北市中山區南京東路2段69號3樓","	89211393","謝憲治","崔潔民","崔潔民","總經理","彭妃秀","02-2562-0018","1994/07/22","2004/12/06",新台幣                 10.0000元,219456690,21945669,11886691,0,個別,每年,董事會,"台新綜合證券股份有限公司","02-2504-8125","台北市建國北路一段96號B1","馬施云大華聯合會計師事務所","吳昆益","吳獻恩","GWH","3F., No.69, Sec. 2, Nanjing E. Rd., Zhongshan Dist.　　Taipei City 104, Taiwan, R.O.C.","02-2563-3115","greenworldhotel@gwh.global","http://www.greenworldhotels.com/","崔潔民","公司治理經理","02-25620018#777","Jeremy.tsui@gwh.global","http://invest.greenworldhotels.com","http://invest.greenworldhotels.com"
"8080","泰霖事業股份有限公司","泰霖","建材營造","－","台北市中山區植福路308號3樓","	84492351","劉東嶽","張志弘","蕭美智","財務經理","林昌廷","(02)8502-6858","1993/12/06","2004/05/10",新台幣                 10.0000元,671638210,67163821,56500013,0,合併,每年,股東會,"群益金鼎證券股份有限公司","(02)2702-3999","台北市大安區敦化南路二段97號地下2樓","安侯建業聯合會計師事務所","韓沂璉","毛聖崴","TerraLink","3F., No. 308, Zhifu Rd., Zhongshan Dist., Taipei CityTaipei City 104, Taiwan (R.O.C.)","(02)2782-0019","admin@terralink.com.tw","www.ost.com.tw","蕭美智","財務經理","(02)8502-6858","admin@terralink.com.tw","http://www.ost.com.tw/stakeholder.html","http://www.ost.com.tw/corporateGovernance.html"
"8083","瑞穎股份有限公司","瑞穎","電機機械","－","新北市新莊區新北產業園區五權三路八號","	16264415","陳柏峰","陳柏津","楊金義","財務課長","江月玲","89904567","1997/11/10","2004/09/23",新台幣                 10.0000元,351331930,35133193,0,0,個別,每年,股東會,"元富證券股份有限公司股務代理部","(02)27686668","台北市松山區光復北路11巷35號地下一樓","安永聯合會計師事務所","徐榮煌","馬君廷","　　TIC","NO.8, WU-CHUAN 3RD ROAD NEW TAIPEI INDUSTRIAL PARK XINZHUANG DISTRICT,　NEW TAIPEI CITY, TAIWAN　　","89903120","report@prohawk.com.tw","www.prohawk.com.tw","楊金義","財務課長","02-89904567","jiyang@prohawk.com.tw","www.prohawk.com.tw","－"
"8084","巨虹電子股份有限公司","巨虹","電子通路業","－","新北市中和區連城路258號9樓之1","	84630087","唐嘉君","唐嘉君","陳敏俊","總管理處副總","唐嘉君","82271166","1993/12/06","2004/03/08",新台幣                 10.0000元,695141490,69514149,29077605,0,合併,每年,董事會,"中國信託商業銀行","02-6636-5566","100台北市中正區重慶南路一段八十三號五樓","霈昇聯合會計師事務所","王新元","林育雅","CHIP HOPE　　","9F-1  NO.258, Liancheng Rd.,Junghe City, Taipei, Taiwan　　","82271296","service@chiphope.com","www.chiphope.com","陳敏俊/唐嘉君","發言人/代理發言人","02-82271166","service@chiphope.com","www.chiphope.com/stakeholder","www.chiphope.com/investors"
"8085","福華電子股份有限公司","福華","其他電子業","－","台北市中山北路三段22號","	11825450","宋成璽","宋成璽(代理)","宋成璽","代理總經理","黃秀華","(02)26730411","1970/08/31","2004/03/01",新台幣                 10.0000元,1399830600,139983060,0,0,合併,每年,股東會,"福邦證券股份有限公司","(02)2371-1658","台北市中正區忠孝西路一段6號6樓","安侯建業聯合會計師事務所","潘俊名","賴麗真","FD　　","22, Chungshan N. Rd., 3rd Sec.Taipei, Taiwan. 　","(02)26735889","forward@fwd.com.tw","http://www.fwd.com.tw","宋成璽","代理總經理","(02)26730411轉430","alex.sung@fwd.com.tw","http://www.fwd.com.tw","－"
"8086","宏捷科技股份有限公司","宏捷科","半導體業","－","南部科學園區台南市新市區大利一路6號","	16130423","祁幼銘","黃國鈞","薛文翔","行銷暨採購處長","黃國鈞","06-5050999","1998/12/30","2009/06/01",新台幣                 10.0000元,1965161230,196516123,45000000,0,個別,每年,股東會,"富邦綜合證券股份有限公司","02-23611300","台北市中正區許昌街17號11樓","安侯建業聯合會計師事務所","吳俊源","黃泳華","AWSC　　","NO.6 DA-LI 1ST RD. TAINAN SCIENCE-BASED INDUSTRIAL PARK　　HSIN-SHI DIST,TAINAN CITY TAIWAN,ROC　","06-5051723","e_Fin@awsc.com.tw","http://www.awsc.com.tw","薛文翔","行銷暨採購處長","06-5050999","e_Fin@awsc.com.tw","http://www.awsc.com.tw","https://www.awsc.com.tw/Governance.aspx?Lang=Chinese"
"8087","麗升能源科技股份有限公司","麗升能源","綠能環保","－","110404台北市信義區松高路1號10樓之1","	16203494","林麗珍","林麗珍","邱美雅","資深副總經理","吳婷婷","02-27099889","1997/08/22","2004/02/25",新台幣                 10.0000元,389853420,38985342,0,0,合併,每年,董事會,"富邦綜合證券股份有限公司","(02)2361-1300","台北市中正區許昌街17號2樓","安侯建業聯合會計師事務所","張淑瑩","黃欣婷","LEADSUN","10F-1, No. 1, Songgao Rd.Xinyi Dist., Taipei City, Taiwan, ROC　","02-27099997","tingting_wu@leadsun-green.com","www.leadsun-green.com","邱美雅","董事長特助","02-27099889 ext 646","meiya_chiu@leadsun-green.com","https://www.leadsun-green.com/%E4%BC%81%E6%A5%AD%E7%A4%BE%E6%9C%83%E8%B2%AC%E4%BB%BB","https://www.leadsun-green.com/%E5%85%AC%E5%8F%B8%E5%9F%BA%E6%9C%AC%E8%B3%87%E6%96%99"
"8088","品安科技股份有限公司","品安","半導體業","－","台北市內湖區成功路五段４６０號 9 樓","	84750054","謝吳沛","謝吳沛","吳惠珠","執行副總經理","魏淑玲","02-2631-8809","1994/02/01","2004/02/27",新台幣                 10.0000元,609217499,60921749,0,0,個別,每年,股東會,"富邦綜合證券股份有限公司","02-23611300","台北市許昌街17號2樓","立本台灣聯合會計師事務所","許坤錫","劉克宜","PANRAM","9F ,No.460, Sec.5 ChenggongRd.,Neihu District,Taipei City 114,Taiwan (R.O.C)Taipei Taiwan 114, R.O.C","02-2631-8629","Nancy_Wu@panram.com.tw","www.panram.com.tw","魏淑玲","代理發言人","02-26318809#268","judy_wei@panram.com.tw","WWW.PANRAM.COM.TW","－"
"8089","康全電訊股份有限公司","康全電訊","通信網路業","－","新北市三重區重新路5段609巷10號3樓之1","	23727877","潘良榮","洪榮隆","王淑靜","財務長","廖允武","29998261","1990/04/07","2020/09/23",新台幣                 10.0000元,659987180,65998718,0,0,合併,每年,股東會,"康和綜合證券股份有限公司","02-8787-1118","110台北市信義區基隆路一段176號B1","勤業眾信聯合會計師事務所","陳君銘","龔則立","Comtrend","3F-1, 10 Lane 609, Chung Hsin Road, Section 5Sanchong Dist., New Taipei City, Taiwan","29998497","Spokesperson@comtrend.com","www.comtrend.com","楊舒涵","副理","02-29998261","Spokesperson@comtrend.com","www.comtrend.com/tw/shareholder/2-7.html","www.comtrend.com/tw"
"8091","翔名科技股份有限公司","翔名","半導體業","－","新竹巿香山區牛埔南路221號","	86436593","吳宗豐","陳基川","吳予彤","資深經理","待補","(03)5384900","1991/12/27","2004/06/24",新台幣                 10.0000元,527601140,52760114,0,0,合併,每年,董事會,"福邦證券股份有限公司","(02)2371-1658","台北市中正區忠孝西路一段６號６樓","勤業眾信聯合會計師事務所","林心彤","陳明煇","FB","No.221,Nioupu S.Rd.,Siangshan District,Hsinchu City 30091,Taiwan,R.O.C","(03)5490180","stockaffairs@feedback.com.tw","http://www.feedback.com.tw","吳予彤","資深經理","(03)5384900","stockaffairs@feedback.com.tw","https://www.feedback.com.tw/tw/investors/691","https://www.feedback.com.tw/tw/investors/104"
"8092","建暐精密科技股份有限公司","建暐","其他電子業","－","高雄市鳳山區鎮北里鎮北北巷20-16號","	76470282","李聰林","賴秀華","張宏傑","財務副總","王茂源","07-7313911","1984/06/14","2004/02/02",新台幣                 10.0000元,571723250,57172325,0,0,合併,每年,股東會,"統一綜合證券(股)公司股務代理部","02-27478266","台北市松山區東興路8號B1","資誠聯合會計師事務所","廖阿甚","王國華","CWPT　　","20-16,Chen Pei Pei Hsiang,Chen Pei Li 　　Fengshan,Kaohsiung Hsien,Taiwan,R.O.C.","07-7314976","jw@chienwei.com.tw","http://www.chienwei.com","張宏傑","財務副總","077313911#336","kvn9881@chienwei.com.tw","http://www.chienwei.com","https://www.chienwei.com/tw/company.html"
"8093","保銳科技股份有限公司","保銳","電子零組件業","－","桃園市桃園區經國路888號2樓之1","	23725553","呂禮正","呂禮正","張智雅","行銷業務部經理","傅玉梅","03-3161675","1990/04/02","2004/12/31",新台幣                 10.0000元,365675670,36567567,9600000,0,合併,每年,股東會,"福邦證券股務代理部","02-23836888","10041台北市中正區忠孝西路一段6號6樓","資誠聯合會計師事務所","涂展源","林佳鴻","ENERMAX","2F-1,NO.888,Jing-Guo Road,Taoyuan Dist.,Taoyuan Dist.Taoyuan City 330,Taiwan,R.O.C.　　　","03-3466626","maggie.huang@enermax.com","www.enermax.com","黃淑芬","管理處協理","03-3161675","maggie.huang@enermax.com","http://www.enermax.com/home.php?fn=chi/management","－"
"8096","擎亞電子股份有限公司","擎亞","電子通路業","－","台北市南港區園區街3-2號13樓","	16099112","李熙俊","申東洙","陳鴻義","財務長","戴婕如","2655-7699","1997/11/21","2004/07/15",新台幣                 10.0000元,1493430660,149343066,0,0,合併,每年,董事會,"群益金鼎證券股份有限公司","2702-3999","台北市大安區敦化南路二段九十七號地下二樓","資誠聯合會計師事務所","馮敏娟","林永智","CoAsia","13F,No.3-2,Yuanqu St.Nangang District,Taipei 115,Taiwan,R.O.C","2655-7189","wilson_chen@coasia.com","www.coasiaelec.com","陳鴻義","財務長","2655-7699(661)","wilson_chen@coasia.com","http://www.coasiaelec.com/investor-relations/press-release/?lang=zh-hant","https://www.coasiaelec.com/zhtw-investor-relations/"
"8097","常珵科技股份有限公司","常珵","通信網路業","－","新北市樹林區博愛街236號1樓","	22206879","林銜錄","楊健明","李靜宜","財務處副總","蔡孟圜","02 86857300","1986/06/17","2004/03/01",新台幣                 10.0000元,638024680,63802468,12000000,0,合併,每年,董事會,"福邦證券股份有限公司","(02)2371-1658","台北市中正區忠孝西路一段6號6樓","日正聯合會計師事務所","陳枝凌","陳依玲","ATW","1F., No.236, Bo’ai St.Shulin Dist., New Taipei City , Taiwan","02 86856178","ir@atwtechnology.com","www.atwtechnology.com","李靜宜","財務處副總","02-86857300","ir@atwtechnology.com","www.atwtechnology.com","www.atwtechnology.com/zh/investor/corporate-governance/"
"8099","大同世界科技股份有限公司","大世科","資訊服務業","－","台北市中山北路三段22號","	70771557","張榮華","劉盈秀","許秋嬋","財務長","待委任","(02)25915266","2000/05/05","2004/03/29",新台幣                 10.0000元,1000728000,100072800,0,0,合併,每年,股東會,"福邦證券股份有限公司","(02)2371-1658","台北市中正區忠孝西路1段6號6樓","安侯建業聯合會計師事務所","黃欣婷","賴麗真","TSTI　　","22 CHUNGSHAN N. RD., 3RD SEC., TAIPEI, TAIWAN, 104, R. O.C.TAIPEI-CITY, R. O. C.","(02)25957606","spokesman.tsti@etatung.com","https://www.etatung.com","許秋嬋","財務長","02-55625600","investor.tsti@etatung.com","https://www.etatung.com/Home/ShowProductionInfoIdea?ID=6bffb077-a090-4f72-a70b-573cc5e519c7","https://www.etatung.com/Home/ShowProductionInfo3Idea?ID=696f3067-d9e8-46aa-8039-3c2d0ec2e147"
"8102","傑霖科技股份有限公司","傑霖科技","半導體業","－","新北巿中和區建一路179號8樓","	86976198","梁春林","梁春林","陳崇文","資深經理","曾怡誠","(02)82215466","1992/10/29","2025/12/22",新台幣                 10.0000元,233583500,23358350,0,0,合併,每半會計年度,董事會,"群益金鼎證券(股)公司股務代理部","(02) 8789-888","台北市大安區敦化南路二段97號B2","安侯建業聯合會計師事務所","趙敏如會計師","吳佳翰會計師","JEILIN　　","8F, No. 179, Jian 1ST Rd., Zhonghe Dist.,New Taipei City 235045 ,Taiwan (R.O.C.)","(02)82215456","service@jeilin.com.tw","Http://www.jeilin.com.tw","陳崇文","資深經理","(02)82215466","service@jeilin.com.tw","Http://www.jeilin.com.tw","https://www.jeilin.com.tw/ec99/rwd1646/category.asp?category_id=16"
"8107","大億金茂股份有限公司","大億金茂","電機機械","－","台南市南區新樂路39號","	16359284","吳俊億","陳俊宏","劉茵姍","財務暨會計主管","黃琬婷","06-2650688","1998/01/05","2005/11/15",新台幣                 10.0000元,750000000,75000000,0,0,合併,每年,董事會,"台新證券股務代理部","02-25048125","台北市中山區建國北路一段96號B1","資誠聯合會計師事務所","林秀珊","葉芳婷","KENMOS","No.39, Xinle Rd., South Dist.,Tainan City 702, Taiwan (R.O.C.)","06-2651288","www.kenmos.com","www.kenmos.com","劉茵姍","經理","06-2650688","www.kenmos.com","http://www.kenmos.com/investors/investors.htm","https://www.kenmos.com.tw/tw/shmember.php"
"8109","博大科技股份有限公司","博大","電子零組件業","－","台中市工業區22路36號","	86757291","廖本崇","廖本崇","吳忠原","市場部副理","陳瓊妙","(04)23590668","1992/06/16","2005/03/22",新台幣                 10.0000元,821612360,82161236,0,0,合併,每年,董事會,"凱基證券股份有限公司","(02)23892999","台北市重慶南路一段二號五樓","安侯建業聯合會計師事務所","張字信","陳政學","P-DUKE　","NO.36,ROAD22TH,TAICHUNGINDUSTRIALPARK,TAICHUNG,TAIWAN,R.O.C.","(04)23591337","sales@pduke.com","www.pduke.com","吳忠原","市場部副理","(04)23590668","kevin@pduke.com.tw","https://www.pduke.com/tc/stakeholder.htm","https://www.pduke.com/tc/corporate-governance.htm"
"8111","立碁電子工業股份有限公司","立碁","光電業","－","238新北市樹林區博愛街238號","	23378792","童義興","童義興","黃冠甄","稽核主管","童建融","02-77036000","1989/06/27","2004/02/09",新台幣                 10.0000元,1091022230,109102223,0,0,合併,每年,董事會,"元大證券股份有限公司股務代理部","02-2586-5859","台北市大安區敦化南路二段67號地下一樓","國富浩華聯合會計師事務所","王戊昌","陳昭惠","LIGITEK　","No.238,Bo'ai StShulin District, New Taipei City R.O.C.","02-77036288","coco_huang@mail.ligitek.com","http://www.ligitek.com","黃冠甄","稽核主管","02-77036166","coco_huang@mail.ligitek.com","http://www.ligitek.com","https://www.ligitek.com/tw/Inv1_ab"
"8121","越峰電子材料股份有限公司","越峰","電子零組件業","－","台北市內湖區基湖路39號8樓","	86124395","吳亦圭","吳文豪","王敏華","業務協理","池玫萱","02-2650-3337","1991/09/05","2005/02/17",新台幣                 10.0000元,2129937430,212993743,0,0,合併,每年,股東會,"本公司股務部","02-2650-3773","台北市內湖區內湖路一段120巷17號6樓","勤業眾信聯合會計師事務所","張正修","邱政俊","ACME","8th Floor, No. 39, Ji-Hu Rd., Nei-Hu Dist.,Taipei, Taiwan, R.O.C.","02-2659-9511","vickie@usig.com","https://www.acme-ferrite.com.tw","王敏華","業務協理","(02)26503337#6810","vickie@usig.com","https://www.usig.com/ACMECSR/Contact.aspx","https://www.acme-ferrite.com.tw/Offical_Zone/CorporateGovernance"
"8147","正淩精密工業股份有限公司","正淩","電子零組件業","－","新北市汐止區康寧街169巷1號5樓","	22324051","徐季麟","陳言成","劉偉豪","副總經理","陳瑞玲","02-66162000","1986/10/21","2013/04/30",新台幣                 10.0000元,410786660,41078666,0,0,合併,每年,股東會,"群益金鼎證券股份有限公司","02-2703-5000","台北市敦化南路二段97號B2","資誠聯合會計師事務所","吳偉豪","蔣承翰","NEXTRON","2F , No.31 , Lane. 169, Kangning St.,Xizhi Dist., New Taipei City 221, Taiwan","02-86951177","nextronics@nextron.com.tw","www.nextrongroup.com","劉偉豪","副總經理","02-66162000","nextronics@nextron.com.tw","https://www.nextrongroup.com/zh-TW/stakeholder-1","https://www.nextrongroup.com/zh-TW/governance-1"
"8155","博智電子股份有限公司","博智","電子零組件業","－","桃園市龍潭區烏林里工二路128號","	89495531","張永青","洪輝龍","林于凱","業務處副總經理","楊大緯","03-4992500","1995/04/26","2012/12/18",新台幣                 10.0000元,557675500,55767550,0,0,合併,每年,董事會,"中國信託商業銀行股份有限公司","02-66365566","台北市重慶南路一段83號5樓","安侯建業聯合會計師事務所","黃更佳","郭冠纓","ACCL　","128 Gong 2nd Rd., Wu Lin Village.Tao Yuan, TAIWAN, R.O.C","03-4992501","speaker@accl.com.tw","www.accl.com.tw","林于凱","業務處副總經理","03-4992500","speaker@accl.com.tw","http://www.accl.com.tw/","－"
"8171","天宇工業股份有限公司","天宇","綠能環保","－","新北市新店區民權路130巷8號5樓","	38426929","吳祖璋","劉奇威","劉奇威","總經理","吳祖璋","02-2218-7688","1983/10/01","2011/12/19",新台幣                 10.0000元,1128533260,112853326,35000000,0,合併,每年,股東會,"福邦證券股份有限公司","(02)2371-1658","台北市中正區忠孝西路一段6號6樓","資誠聯合會計師事務所","王菘澤","謝瑋莉","Formosa","5F,NO.8,Lane130,Ming Chuan Rd.,　　Hsin Tien Dist., New Taipei City,Taiwan","02-2218-5428","feii@ms4.hinet.net","http?G//www.feii.com.tw?@?@","劉奇威","總經理","2218-7688","reggiel@feii.com.tw","http?G//www.feii.com.tw","－"
"8176","智捷科技股份有限公司","智捷","通信網路業","－","30078新竹市科學工業園區新安路8號5樓","	84149408","凡恩科技股份有限公司","吳佳芳","吳佳芳","總經理","彭智勇","03-5777364","1995/03/10","2013/06/25",新台幣                 10.0000元,717010000,71701000,0,0,合併,每年,董事會,"永豐金證券(股)公司股務代理部","02-23816288","台北市中正區博愛路17號3樓","安永聯合會計師事務所","劉榮進","張正道","ZCOM","5F,NO.8 HSIN-ANN RD,HSINCHU SCIENCE PARK,HSINCHU TAIWANHsinchu,Taiwan R.O.C.","03-5773359","investor@zcom.com.tw","www.zcom.com.tw","吳佳芳","總經理","03-5777364","investor@zcom.com.tw","www.zcom.com.tw","www.zcom.com.tw"
"8182","加高電子股份有限公司","加高","電子零組件業","－","高雄市大寮區大發工業區華東路39號","	75914885","楊景晴","楊景晴","陳毓宏","特助","賴美云","07-7871555","1976/11/22","2006/05/25",新台幣                 10.0000元,1070412150,107041215,0,0,合併,每年,董事會,"凱基證券股份有限公司股務代理部","02-23892999","台北市重慶南路一段2號5樓","資誠聯合會計師事務所","吳建志","王國華","HELE　","No.39, Huadong Rd., Tafa industrial Park.,Daliao DistKaohsiung City 831, Taiwan (R.O.C.)","07-7871557","yun@hele.com.tw","http://www.hele.com.tw","陳毓宏","特助","07-7871555","chen54007@hele.com.tw","https://www.hele.com.tw/esg.php?id=93","https://www.hele.com.tw/corporate.php?id=81"
"8183","台灣精星科技股份有限公司","精星","其他電子業","－","新竹縣湖口鄉鳳凰村實踐路12號","	23984925","焦佑衡","劉貞佑","黃伯彰","財務總處經理","徐幼珍","03-5979999","1990/12/15","2005/03/30",新台幣                 10.0000元,1212510680,121251068,0,0,合併,每年,股東會,"台灣精星股務辦事處","02-27905885","台北市內湖區行善路３９８號８樓","勤業眾信聯合會計師事務所","李芸珊","薛峻泯","ITC","12 Shyr Jiann Road, Hsin-Chu Industrial District.Hsin-Chu,Taiwan.","03-5977553","hank.huang@psaitc.com","http://www.psaitc.com","黃伯彰","財務總處經理","03-5979999#1106","ir@psaitc.com","ir@psaitc.com","－"
"8227","巨有科技股份有限公司","巨有科技","半導體業","－","台北市內湖路一段88號8樓","	86169913","賴志賢","賴志賢","宋志翔","副總經理","洪泰盛","2658-2233","1991/08/15","2022/12/20",新台幣                 10.0000元,395430000,39543000,0,0,合併,每年,股東會,"群益金鼎證券股份有限公司","2702-3999","台北市敦化南路二段97號地下二樓","勤業眾信聯合會計師事務所","洪偉倫","尤盟貴","PGC","8TH FL., NO.88, SEC.1, NEI HU RD.　　TAIPEI 114, TAIWAN, R.O.C.","2659-3266","fin@pgc.com.tw","www.pgc.com.tw","宋志翔","副總經理","2658-2233","fin@pgc.com.tw","www.pgc.com.tw","https://www.pgc.com.tw/corporate-organization-governance/#corporate-governance"
"8234","新漢股份有限公司","新漢","電腦及週邊設備業","－","新北市中和區中正路920號9樓","	86891972","林茂昌","楊建興","陳原彬","財務長","杜淑玲","(02)8226-7786","1992/11/14","2007/06/07",新台幣                 10.0000元,1412264720,141226472,0,0,合併,每年,股東會,"台新證券股務代理部","(02)2504-8125","台北市中山區建國北路1段96號地下1樓","資誠聯合會計師事務所","吳仁杰","王菘澤","NEXCOM　　","9F., No.920, Zhongzheng Rd., Zhonghe Dist.,New Taipei City 235, Taiwan, R.O.C.　　","(02)8226-7782","nexcom_ir@nexcom.com.tw","www.nexcom.com.tw","陳原彬","財務長","02-8226-7786","nexcom_ir@nexcom.com.tw","www.nexcom.com.tw","－"
"8240","華宏新技股份有限公司","華宏","光電業","－","高雄市前金區中正四路235號11樓6-7室","	83428825","張尊賢","林志明","林志明","總經理","張毓仁","07-9717777","1973/08/09","2005/06/23",新台幣                 10.0000元,1000044140,100004414,0,0,合併,每年,董事會,"台新證券股務代理部","02-2504-8125","台北市建國北路一段96號地下一樓","勤業眾信聯合會計師事務所","吳秋燕","張慈媛","WAH HONG　　","6&7,11F,NO.235,Chung Cheng 4th Road　　Kaohsiung,Taiwan,R.O.C","07-9717787","ir@wahhong.com","https://www.wahhong.com","袁若綺","高級管理師","07-9717777","ir@wahhong.com","https://www.wahhong.com/sta.html","https://www.wahhong.com/cov.html?id=cov1"
"8255","朋程科技股份有限公司","朋程","電機機械","－","桃園市蘆竹區南崁路2段22號1樓","	16748101","姚宕梁","吳憲忠","吳憲忠","總經理","黃錫欽","03-3115555","1998/11/17","2006/04/25",新台幣                 10.0000元,1017974800,101797480,0,0,合併,每年,董事會,"元大證券股份有限公司股務代理部","(02)2586-5859","106台北市大安區敦化南路二段67號地下1樓","勤業眾信會計師事務所","劉明賢","陳建瑋","ATC　","1F,No 22 ,Sec 2, Nan-Kan Rd.,Luchu Hsiang, Taoyuan, R.O.C.","03-3119977","IR@actron.com.tw","www.actron.com.tw","吳憲忠","總經理","03-3115555","IR@actron.com.tw","www.actron.com.tw","www.actron.com.tw"
"8272","全景軟體股份有限公司","全景軟體","資訊服務業","－","新竹科學園區新竹縣寶山鄉園區二路48號2樓","	16325089","楊瑞明","楊文和","楊文和","總經理","黃&#38901;棋","03-5630688","1998/04/14","2024/10/23",新台幣                 10.0000元,189977550,18997755,0,0,個別,每年,股東會,"富邦綜合證券股份有限公司","02-23611300","台北市中正區許昌街17號11樓","安侯建業聯合會計師事務所","呂倩慧","鄭安志","Changing","2F, 48 Park Ave.2, Hsinchu Science Park,Hsinchu 30844,TaiwanHsinchin ,Taiwan　　","03-5630618","IR@changingtec.com","http://www.changingtec.com","黃&#38901;棋","會計主管","035630688","IR@changingtec.com","www.changingtec.com","－"
"8277","商丞科技股份有限公司","商丞","半導體業","－","台北市內湖區瑞光路513巷22弄5號3樓之6","	84783772","林進財","林進財","謝大偉","副總經理","林慧明","(02)87971108","1994/05/16","2004/12/27",新台幣                 10.0000元,916288330,91628833,0,0,合併,每年,董事會,"群益金鼎證券股份有限公司","(02)27023999","台北市大安區敦化南路二段97號B2","國富浩華聯合會計師事務所","張亞荃","林金鳳","UNIFOSA","3F.-6, No. 5, Aly. 22, Ln. 513, Ruiguang Rd., Neihu Dist.Taipei City 114063 , Taiwan (R.O.C.)","(02)87971218","david@unifosa.com.tw","https://www.unifosa.com.tw","謝大偉","副總經理","(02)87971108","david@unifosa.com.tw","https://www.unifosa.com.tw/company_tw.php?id=55","http://www.unifosa.com.tw/index_tw.php"
"8279","生展生物科技股份有限公司","生展","生技醫療業","－","台南市新營區開元路154號A棟","	16130471","陳威仁","陳威仁","吳介尊","總經理特別助理","卓秀玲","(06)6323588","1999/04/28","2016/09/26",新台幣                 10.0000元,271008510,27100851,0,0,合併,每年,董事會,"群益金鼎證券股務代理部","(02)2702-3999","台北市大安區敦化南路二段97號B2","資誠聯合會計師事務所","葉芳婷","徐惠榆","SYNGEN","Building A, NO.154,Kai-Yuan Road,Hsin-Ying(730), Tainan, Taiwan","(06)6361964","service@syngen.com.tw","http://www.syngen.com.tw","吳介尊","總經理特別助理","(06)6323588","wu.jesse@syngen.com.tw","http://www.syngen.com.tw/contact_us.html","－"
"8284","三竹資訊股份有限公司","三竹","資訊服務業","－","台北市中山區新生北路二段39號11樓","	86136982","邱宏哲","邱宏哲","方和慶","副總經理","陳榮彬","02-25639999","1991/05/30","2020/05/18",新台幣                 10.0000元,463420000,46342000,0,0,合併,每年,股東會,"兆豐證券股份有限公司","02-33930898","台北市中正區忠孝東路二段95號1樓","資誠聯合會計師事務所","陳憲正","林冠宏","MITAKE　　","11F, No. 39, Sec. 2, Hsin Sheng N. Rd.Taipei, Taiwan, R.O.C.","02-25671968","IR@mitake.com.tw","https://www.mitake.com.tw/","方和慶","副總經理","02-25420000","IR@mitake.com.tw","https://www.mitake.com.tw/Introduction_8.aspx","https://www.mitake.com.tw/"
"8289","泰藝電子股份有限公司","泰藝","電子零組件業","－","新北市樹林區樹潭街5號","	70540563","宋勝泰","宋佳欣","楊麗菊","財會部協理","李玉鳳","2686-1287","2000/03/23","2008/04/24",新台幣                 10.0000元,683337650,68333765,0,0,合併,每年,董事會,"中國信託商業銀行代理部","6636-5566","台北市重慶南路一段83號5樓","勤業眾信聯合會計師事務所","梁盛泰","陳招美","Taitien","No.5, Shutan St., Shulin DistNew Taipei City, Taiwan (R.O.C.)","8675-1427","spokesperson@taitien.com.tw","www.taitien.com.tw","楊麗菊","財會部協理","2686-1287","spokesperson@taitien.com.tw","https://www.taitien.com/tw/%e5%88%a9%e5%ae%b3%e9%97%9c%e4%bf%82%e4%ba%ba%e5%b0%88%e5%8d%80/","https://www.taitien.com/tw/corporate_governance/"
"8291","尚茂電子材料股份有限公司","尚茂","電子零組件業","－","桃園市大園區濱海路二段208號","	16431363","佐佐木Beji","佐佐木Beji","胡志強","生物管經理","何美玲","03-386-4289","1997/12/03","2011/11/29",新台幣                 10.0000元,174784500,17478450,7215210,0,個別,每年,股東會,"中國信託商業銀行代理部","02-23111838","10008臺北市中正區重慶南路一段83號3樓","勤業眾信聯合會計師事務所","林淑如","陳昭伶","SMT","No.208, Sec. 2, Binhai Rd., Dayuan Dist.,Taoyuan City 337, Taiwan (R.O.C.)","03-386-4309","eric.hu@shinemore.com.tw","www.shinemore.com.tw","胡志強","生物管經理","03-3864289","eric.hu@shinemore.com.tw","www.shinemore.com.tw","www.shinemore.com.tw"
"8299","群聯電子股份有限公司","群聯","半導體業","－","新竹縣竹北市復興一街251號10樓之6","	12649951","顏暐駩","馬中迅","于志強","資深特別助理暨營運長","呂國鼎","037-586896","2000/11/08","2004/12/06",新台幣                 10.0000元,2079733280,207973328,0,0,合併,每半會計年度,董事會,"宏遠證券股份有限公司","02-23268818","台北市信義路四段236號3樓","安侯建業聯合會計師事務所","鄭安志","吳俊源","Phison","10F-6, No.251, Fuxing 1st St.Zhubei City, Hsinchu County 302, Taiwan","037-587699","ir@phison.com","www.phison.com","于志強","資深特別助理暨營運長","037-586896 #10019","ir@phison.com","https://www.phison.com/zh-tw/csr/resource-centre","https://www.phison.com/zh-tw/investor-relations/corporate-governance"
"8342","益張實業股份有限公司","益張","其他","－","彰化縣埤頭鄉崙腳村興工路四號","	22492367","陳新約","邱明鶴","蘇明宏","董事長室協理","邱明鶴","(04)8926130","1987/05/04","2017/11/23",新台幣                 10.0000元,335366920,33536692,0,0,合併,每年,股東會,"中國信託商業銀行代理部","(02)6636-5566","台北市中正區重慶南路一段83號5樓","勤業眾信聯合會計師事務所","劉力維","蔣淑菁","I  JANG　　","4,HSING  KUNG  RD.,LUN  CHIAO  VILLAGE , PITOU  HSIANG　　CHANG  HUA  HSIEN ,TAIWAN","(04)8921953","tazy@ijang.com.tw","www.ijang.com.tw","蘇明宏","董事長室協理","(04)8926130","ij0055@ijang.com.tw","http://www.ijang.com.tw/policy.htm","https://www.ijang.com.tw/msg/message-???q?v?z-71.html"
"8349","恒耀國際股份有限公司","恒耀國際","鋼鐵工業","－","台南市東區長榮路一段203號3樓","	69916350","吳榮彬","吳健序","許繼文","副總經理","歐玲妦","06-2081997","1985/04/10","2006/03/10",新台幣                 10.0000元,2188213910,208821391,0,10000000,合併,每年,董事會,"中國信託商業銀行代理部","02-66365566","台北市中正區重慶南路一段83號5樓","勤業眾信聯合會計師事務所","吳長駿","廖鴻儒","QST","3F, NO.203, SEC.1,  CHANG-RONG  ROAD,TAINAN,  TAIWAN, R.O.C.","06-2082072","investor_r@qst.com.tw","www.qst.com.tw","許繼文","副總經理","06-2081997 ext:11888","investor_r@qst.com.tw","http://www.qst.com.tw/cht/sub_2_8.html","－"
"8354","冠好科技股份有限公司","冠好","其他","－","南投縣南投市成功三路239號","	86779099","楊淇筠","李永坤","何志平","經理","蔡佩樺","049-2257852","1992/07/02","2004/04/15",新台幣                 10.0000元,785322630,78532263,0,0,合併,每年,股東會,"台新證券股務代理部","0225048125","台北市建國北路一段96號地下一樓","安侯建業聯合會計師事務所","陳政學","陳燕慧","KH　　","No. 239, Chenggong 3rd RdNantou City, TAIWA","049-2261997","reply@koanhao.com.tw","http://www.koanhao.com","何志平","經理","049-2257852","chihpinghe@koanhao.com.tw","http://www.koanhao.com","https://www.koanhao.com/corporate-governance/"
"8358","金居開發股份有限公司","金居","電子零組件業","－","台北市內湖區瑞光路392號18樓","	16447610","李思賢","李思賢","李思賢","董事長兼任總經理","葉雪貞","02-6615-8899","1998/05/22","2010/09/27",新台幣                 10.0000元,2525880000,252588000,0,0,合併,每年,股東會,"中國信託商業銀行 代理部","02-6636-5566","台北市中正區重慶南路一段83號5樓","勤業眾信聯合會計師事務所","王浚宇","邱盟捷","CO-TECH","18F,392,Ruey Kuang Road, Neihu, TaipeiTaipei, Taiwan, R.O.C.　","02-6615-5588","jane@co-tech.com","http://www.co-tech.com","葉雪貞","財務主管兼任公司治理主管","02-6615-8899","jane@co-tech.com","https://www.co-tech.com/tw/ir/legal","https://www.co-tech.com/tw/ir/company"
"8383","千附實業股份有限公司","千附","半導體業","－","桃園市蘆竹區南崁路一段99號9樓","	12378253","張瓊如","待董事會通過後另行公告","龔慧慈","經理","新任人選待董事會通過後再另行公告","03-3220022","1982/04/28","2004/09/10",新台幣                 10.0000元,1137604820,113760482,0,0,合併,每年,股東會,"統一綜合證券股份有限公司","02-2747-8266","105台北市松山區東興路八號地下一樓","勤業眾信聯合會計師事務所","曾建銘","劉書琳","ChenFull","9F, No. 99, Sec. 1, Nan-Kan Road, Lu-Chu Dist. , Taoyuan City , TaiwanTaoyuan   Taiwan","03-3220055","public@chenfull.com.tw","WWW.CHENFULL.COM.TW","投資人關係專員","專員","02-66263082","ir@chenfull.com.tw","WWW.CHENFULL.COM.TW","WWW.CHENFULL.COM.TW"
"8390","金益鼎企業股份有限公司","金益鼎","綠能環保","－","新竹市西濱路六段五九九號","	97419282","莊清旗","莊瑞元","莊瑞瑾","副總經理","許珮如","(03)5182368","1997/04/10","2008/05/21",新台幣                 10.0000元,961161280,96116128,0,0,合併,每年,董事會,"福邦證券股份有限公司股務代理部","(02)2371-1658","台北市中正區忠孝西路一段6號6樓","安侯建業聯合會計師事務所","羅瑞芝","黃泳華","JYD","599, Sec. 6, Xibin Rd.,Hsinchu Taiwan","(03)5182968","yen.chu@tw.jydgroup.com","www.jyd.com.tw","莊瑞瑾","副總經理","03-5182368#205","yen.chu@tw.jydgroup.com","https://www.jyd.com.tw/investor-zone-63-85","https://www.jyd.com.tw/investor-zone-63"
"8401","白紗科技印刷股份有限公司","白紗科","其他","－","台中市太平區祥順路1段116號","	70730281","林衍束","陳俊傑","賴富美","行政管理處主管","陳雨欣經理","04-36083888","2000/03/27","2010/03/29",新台幣                 10.0000元,706690580,70669058,0,0,個別,每年,董事會,"福邦證券股份有限公司","(02)2371-1658","台北市中正區忠孝西路一段6號6樓","安永聯合會計師事務所","&#20931;清淵","羅文振","BAI SHA","No.116, Sec. 1, Xiangshun Rd.,Taiping City, Taichung , Taiwan, R.O.C","04-36118050","bs70730281@bsbs.com.tw","www.bsbs.com.tw","賴富美","行政管理處主管","04-36083888","fionalai@bsbs.com.tw","https://www.bsbs.com.tw/investors/3/","https://www.bsbs.com.tw/investors/2/"
"8403","盛弘醫藥股份有限公司","盛弘","生技醫療業","－","桃園市經國路168號19樓","	80563852","楊弘仁","劉慶文","何偉光","副總經理","李沛宸","03-3469595","2003/11/04","2011/03/01",新台幣                 10.0000元,1376403430,137640343,0,0,合併,每年,股東會,"群益金鼎證券股份有限公司","02-2702-3999","台北市敦化南路二段97號B2","安侯建業聯合會計師事務所","寇惠植","郭欣頤","SHAREHOPE","19F., No. 168, Jingguo Rd.,Taoyuan 330,Taiwan","03-3164312","sharehope@share-hope.com","www.share-hope.com","何偉光","副總經理","03-3469595","vincent.ho@share-hope.com","http://www.share-hope.com/","https://www.share-hope.com/"
"8409","商之器科技股份有限公司","商之器","生技醫療業","－","(11493)台北市內湖路一段516號5樓","	22743619","盤龍","盤龍","陳迪智","策略長","邱國維","(02)8751-4567","1988/01/19","2013/11/25",新台幣                 10.0000元,320000000,32000000,0,0,合併,每年,股東會,"華南永昌綜合證券股份有限公司","(02)2718-6425","台北市105民生東路4段54號4樓","勤業眾信會計師事務所","龔則立","李穗青","EBM","5Fl., No.516, sec.1,Neihu Rd.Taipei 114,Taiwan","(02)8751-3300","public@ebmtech.com","https://www.ebmtech.com/tw","陳迪智","策略長","(02)8751-4567","derek@ebmtech.com","https://www.ebmtech.com/tw/investors/stakeholder-area","https://www.ebmtech.com/tw/investors/corporate-governance-rules"
"8410","森田印刷廠股份有限公司","森田","電腦及週邊設備業","－","台南市安南區科技五路85號","	68682185","黃樟山","黃展隆","陳俊雄","協理","蔡旻修","(06)3842811","1972/09/08","2011/02/23",新台幣                 10.0000元,365892000,36589200,0,0,個別,每年,董事會,"中國信託商業銀行代理部","(02)66365566","台北市中正區重慶南路一段83號5樓","安侯建業聯合會計師事務所","蘇彥達","陳永祥","Sen Tien","No.85, Keji 5th Rd., Annan Dist., Tainan City 709, Taiwan (R.O.C.)Tainan Taiwan R.O.C.","(06)3843057","finance@sentien.com.tw","http://www.sentien.com.tw/","盧昇洪","高級專員","(06)3842811","finance@sentien.com.tw","http://www.sentien.com.tw/page_investors_detail002.html","https://www.sentien.com.tw/tw/corporate.html"
"8415","大成國際鋼鐵股份有限公司","大國鋼","鋼鐵工業","－","(717)台南市仁德區義林路122號","	28754606","謝麗雲","謝榮坤","張地金","副總經理","李建德","06-2701756","2007/07/12","2016/09/07",新台幣                 10.0000元,10315000000,1031500000,0,0,合併,每年,股東會,"統一綜合證券股份有限公司","02-27463797","台北市東興路8號地下一樓","勤業眾信聯合會計師事務所","吳長駿","李季珍","Brighton-Best","No. 122, Yilin RoadRende Township, Tainan, Taiwan","06-2706354","chender91@tachen.com.tw","www.brighton-best.com.tw/","張地金","副總經理","06-2701756#4108","chender91@tachen.com.tw","www.brighton-best.com.tw/","－"
"8416","實威國際股份有限公司","實威","資訊服務業","－","台北市內湖區行愛路78巷28號5樓之5","	27746072","李建興","許泰源","許泰源","總經理","陳月美","02-2795-1618","2005/07/07","2012/09/19",新台幣                 10.0000元,282107100,28210710,0,0,合併,每年,股東會,"群益金鼎證券股份有限公司","02-2702-3999","台北市大安區敦化南路二段97號B2","資誠聯合會計師事務所","楊蕙慈","王菘澤","SWTC","5F-5, NO. 28, LANE 78, XING-AI RD.,NEI HU, TAIPEI, TAIWAN, ROC","02-2795-2338","info@swtc.com","WWW.SWTC.COM","陳忠誠","總經理特助","02-2795-1618#1160","jschen@swtc.com","http://www.swtc.com/cht/formidable.php","－"
"8421","旭源包裝科技股份有限公司","旭源","其他","－","新竹縣新埔鎮新龍路98巷33弄10號","	27476083","黃南源","莊雅萍","楊素鍰","財務長","許玉英","03-5982727","2004/10/26","2012/11/23",新台幣                 10.0000元,548171400,54817140,0,0,合併,每年,董事會,"第一金證券股份有限公司","02-2563-5711","台北市大安區安和路一段27號六樓","資誠聯合會計師事務所","吳偉豪","鄭雅慧","XYP","No. 10, Lane 33, Lane 98, Xinlong Road, Xinpu TownshHSINCHU COUNTY, TAIWAN, R.O.C.","03-5982738","spokesperson@xuyuanpack.com","www.xuyuanpack.com","楊素鍰","財務長","03-5982727","spokesperson@xuyuanpack.com","www.xuyuanpack.com/zh/§Q?`???Y?H/","www.xuyuanpack.com/zh/???q?v?z±M°?"
"8423","保綠資源股份有限公司","保綠-KY","綠能環保","KY","Cannon Place, P.O.Box712,North Sound Rd., Grand Cayman","	53003483","陳東興","李雲山","李雲山","總經理","許承煜","603-3176 2602","2009/11/03","2012/03/14",新台幣                 10.0000元,417140300,41714030,0,0,合併,每年,股東會,"元富證券股務代理部","(02)27686668","台北市光復北路11巷35號B1","安侯建業聯合會計師事務","楊樹芝","紀孟君","Polygreen","Suite 102,Cannon Place, P.O.Box712,North Sound Rd., Grand Cayman,KY1-9006 Cayman Islands","603-3176 1045","info@pgr.com.tw","www.pgr.com.tw","黃元建","財務長","03-4863800","info@pgr.com.tw","www.pgr.com.tw","www.pgr.com.tw"
"8424","惠普股份有限公司","惠普","建材營造","－","台北市內湖區新湖一路8號5樓","	12371385","張世宗","倪勇","許嘉明","行政管理處協理","陳宣蓉","(02)2553-3099","1981/11/30","2012/12/18",新台幣                 10.0000元,360543680,36054368,0,0,合併,每年,股東會,"群益金鼎證券股份有限公司","(02)2702-3999","台北市大安區敦化南路二段97號B2","安永聯合會計師事務所","王瑄瑄","劉慧媛","WELLPOOL","5 F., No. 8, Xinhu 1st Rd., Neihu DistTaipei City , Taiwan (R.O.C.)","(02)2557-0106","wp.tp@msa.hinet.net","http://www.wellpool.com.tw","許嘉明","行政管理處協理","(02)2553-3099","rabbit123@wellpool.com.tw","http://www.wellpool.com.tw/stakeholder.php","https://www.wellpool.com.tw/tw/news-12-1.html"
"8426","紅木集團有限公司","紅木-KY","其他","KY","One Nexus Way Camana Bay, Grand Cayman, Cayman Islands","	53003863","蘇聰明","李聖強","蘇聰明","董事長","蘇斌慶","(02)2778-9121","2010/08/20","2011/12/13",新台幣                 10.0000元,502425000,50242500,0,0,合併,每半會計年度,股東會,"凱碁證券股份有限公司","(02)2389-2999","台北市重慶南路一段2號5F","勤業眾信聯合會計師事務所","李麗凰","蔡宗遠","Redwood","25 Sungei Kadut Street 2Singapore","(02)2778-9132","rwg@redwoodgroup.co","https://www.redwoodgroup.co/","蘇斌慶","財務暨投資人關係經理","02-2778-9121","bensu@redwoodgroup.co","https://www.redwoodgroup.co/nc/18/120/","https://www.redwoodgroup.co/nclass/18/54/"
"8431","匯鑽科技股份有限公司","匯鑽科","其他電子業","－","台北市內湖區新湖一路151號7樓","	29061764","花鐳哲","從缺","俞伯璋","董事長特助","待補","02-27926918","2008/09/24","2015/03/30",新台幣                 10.0000元,487783310,48778331,0,0,合併,每半會計年度,董事會,"凱基證券股份有限公司股務代理部","02-2389-2999","100502台北市中正區重慶南路一段2號5樓","勤業眾信聯合會計師事務所","梁盛泰","尤盟貴","SPT","7F., No.151, Xinhu 1st Rd., Neihu Dist.,Taipei City 114, Taiwan (R.O.C.)","02-87913426","ir@superior-sz.com","https://thesuperiorplating.com","林士&#29234;","董事長特助","02-27926918","ir@superior-sz.com","https://thesuperiorplating.com","https://thesuperiorplating.com"
"8432","東生華製藥股份有限公司","東生華","生技醫療業","－","台北市南港區園區街3之1號3樓之1","	53093421","林全","楊思源","高榮良","資深處長暨財務長","黃淑平","02-2655-8525","2010/09/01","2012/04/30",新台幣                 10.0000元,383981400,38398140,0,0,合併,每年,股東會,"群益金鼎證券股份有限公司","02-2702-3999","台北市敦化南路2段97號B2","安侯建業聯合會計師事務所","韓沂璉","黃欣婷","TSH","3F-1,No.3-1, Park St., Nangang Dist.,Taipei,Taiwan, R.O.C.","02-2655-8526","tsh@tshbiopharm.com","http://www.tshbiopharm.com","黃淑平","經理","02-2655-8525","Shupinghuang@tshbiopharm.com","http://www.tshbiopharm.com/stock.html","https://www.tshbiopharm.com/ec99/rwd1427/category.asp?category_id=68"
"8433","弘帆股份有限公司","弘帆","居家生活","－","台北市內湖區內湖路一段360巷17號5樓","	12547173","普世開發(股)公司代表人朱鵬飛","朱鵬飛","曹雪芳","財務經理","朱英帆","(02)87972000","1985/03/28","2012/12/19",新台幣                 10.0000元,542128740,54212874,0,0,合併,每年,董事會,"富邦綜合證券股份有限公司","(02)2361-1300","台北市許昌街17號11樓","勤業眾信聯合會計師事務所","曾建銘","彭以驊","BON FAME","5F,NO.17,360 LANE,SEC.1 NE-HU ROAD,TAIPEI, TAIWAN R.O.C.","(02)87971000","evelyn@bonfame.com","http://www.bonfame.com/","曹雪芳","財務經理","02-87972000#203","evelyn@bonfame.com","evelyn@bonfame.com","http://www.bonfame.com/zh-tw/company.php?act=director_list"
"8435","台灣鉅邁股份有限公司","鉅邁","其他","－","新北市汐止區新台五路一段77號5樓之4","	12137902","林樂萍","曾元起","楊鵑菱","副總經理","曹榮津","02-26988112","1977/09/01","2012/12/28",新台幣                 10.0000元,317004500,31700450,0,0,合併,每年,董事會,"華南永昌綜合證券股務代理部","02-27186425","台北市民生東路四段54號4樓","勤業眾信聯合會計師事務所","蔡宗遠","翁博仁","Zimmite","5F-4,No77,Sec.1,Xintai 5Th Rd.,Xizhi Dist.,New Taipei City22101,Taiwan","02-26988362","z8435@zimmite.com","https://www.zimmite.com","楊鵑菱","副總經理","02-26988112","gina@zimmite.com","https://www.zimmite.com/tc/p10-citizenship1.asp","https://www.zimmite.com/tc/p9-investor10.asp"
"8436","大江生醫股份有限公司","大江","生技醫療業","－","(11494)台北市內湖區港墘路187號8樓","	12292039","林詠翔","林詠翔","邱薇穎","財務長","邱俊穎","(02)8797-7811","1980/08/22","2013/09/12",新台幣                 10.0000元,1177288300,117728830,0,0,合併,每年,董事會,"富邦綜合證券(股)公司股務代理部","(02)2361-1300","台北市中正區許昌街17號11樓","資誠聯合會計師事務所","支秉鈞","涂展源","TCI","8F, NO.187  Kang Chien Rd.,Taipei , Taiwan R.O.C","(02)7720-6691","ir@tci-bio.com","www.tci-bio.com","邱薇穎","財務長","(02)8797-7811","ir@tci-bio.com","http://www.tci-bio.com/investor_f_about.html","－"
"8437","大地幼教股份有限公司","大地-KY","其他","KY","台北市衡陽路51號11樓217室","	41421434","程釱坤","程釱坤","范文奇","財務長","鄭子庭","02-23826998#9","2008/05/22","2015/05/06",新台幣                 10.0000元,470140700,47014070,0,0,合併,每年,股東會,"永豐金證券股務代理部","2381-6288","臺北市博愛路17號3樓","資誠聯合會計師事務所","蔣承翰","李典易","Dadi","Rm. 217, 11F., No. 51, Hengyang Rd., Zhongzheng Dist.,Taipei City 100504 , Taiwan (R.O.C.)","02-23826992","fanwenqi@dadikid.com.tw","http://www.edudadi.com/","鄭子庭","公司治理副理","02-23826998*28","invest@dadikid.com.tw","http://www.edudadi.com/","http://www.edudadi.com/NewContent/1734"
"8440","綠電再生股份有限公司","綠電","綠能環保","－","32669桃園市楊梅區頭湖里泰圳路313巷128號","	16636181","陳正林","陳建潤","陳俊龍","總管理處協理","徐睦賢","02-2381-8000","1998/08/05","2018/03/28",新台幣                 10.0000元,502552990,50255299,0,0,合併,每年,股東會,"永豐金證券股份有限公司","02-2381-6288","台北市博愛路17號3樓","安侯建業聯合會計師事務所","陳富仁","李逢暉","E＆E","No.128, Ln. 313, Taizun Rd., Touhu Vil., Yangmei Dist.,Taoyuan City 32669, Taiwan (R.O.C.)","02-2381-9000","information@eer.com.tw","www.eer.com.tw","陳俊龍","總管理處協理","02-2381-8000","information@eer.com.tw","www.eer.com.tw","https://www.eer.com.tw/governance_tw.php"
"8444","綠河股份有限公司","綠河-KY","其他","KY","222 Moo 4, T.Thachang, A.Bangklum, Songkhla, Thailand","	54387326","謝榮輝","黃登士","王聖豐","財務暨會計主管","李木文","6674328955","2011/01/14","2015/10/27",新台幣                 10.0000元,1111668450,111166845,700000,0,合併,每半會計年度,董事會,"台新綜合證券(股)公司股務代理部","02-25048125","台北市建國北路一段96號地下一樓","安侯建業聯合會計師事務所","張純怡會計師","江家齊會計師","Green River","222 Moo 4, T.Thachang, A.BangklumSongkhla, Thailand","6674268782","investgr@greenriverholding.com","www.greenriverholding.com","董正珣","投資人關係","02-23966066#215","lucytung@greenriverholding.com","https://www.greenriverholding.com/zh-hant/§Q?`???Y?H/","－"
"8446","華研國際音樂股份有限公司","華研","文化創意業","－","(104)台北市中山區建國北路二段135號15樓","	16842491","呂燕清","何燕玲","李首賢","副總經理","蘇雅惠","02-25121919","1999/05/01","2013/12/19",新台幣                 10.0000元,529144050,52914405,0,0,合併,每半會計年度,董事會,"兆豐證券股份有限公司股務代理部","(02)3393-0898","台北市忠孝東路二段95號1樓","資誠聯合會計師事務所","涂展源","周筱姿","HIM Music","15 F., No 135, Sec.2 , Jian Guo N Rd.Taipei, Taiwan","02-25079569","spokesman@him.com.tw","http://www.him.com.tw","李首賢","副總經理","02-27183199","alvinlee@him.com.tw","http://www.him.com.tw/about.php","https://www.him.com.tw/about13.php"
"8450","霹靂國際多媒體股份有限公司","霹靂","文化創意業","－","新北市汐止區新台五路一段95號32樓","	97053241","黃文章","黃亮勛","黃文章","董事長","黃亮勛","(02)8978-0555","1996/07/02","2014/10/07",新台幣                 10.0000元,513099470,51309947,0,0,合併,每年,董事會,"中國信託商業銀行(股)公司代理部","(02)6636-5566","台北市重慶南路一段83號5樓","安永聯合會計師事務所","王彥鈞","劉慧媛","PILI","32F., No. 95, Sec. 1, Xintai 5th Rd.,Xizhi Dist., New Taipei City,Taiwan","(02)8978-0666","public@pili.tw","http://www.pili.com.tw/","吳素卿","副理","(02)8978-0555","public@pili.tw","https://beta.pili.com.tw/investor.php?category=company","https://www.pili.com.tw/investor.php?category=governance&lang="
"8455","蓋曼群島商日本大拓股份有限公司","大拓-KY","其他電子業","KY","190 ElginAvenue,George Town, Grand Cayman KY1-9005,Cayman","	54385657","佐佐木Beji","奧山一寸法師","尾崎史照","會計主管","胡志強","886-227133220","2014/01/07","2016/01/08",新台幣                 10.0000元,252190560,25219056,0,0,合併,每年,董事會,"康和綜合證券股份有限公司","886-287871888","台北市信義區基隆路一段176號B1","勤業眾信聯合會計師事務所","林淑如","陳昭伶","Daito ME","190 ElginAvenue,George TownGrand Cayman KY1-9005,Cayman Islands","0","ir@daito-me.com","www.daito-me.com.tw","尾崎史照","會計主管","886-227133220","ir@daito-me.com","www.daito-me.com.tw/zh_TW/questionnaire/","http://daito-me.com.tw/zh_TW/company-manage/"
"8472","夠麻吉股份有限公司","夠麻吉","數位雲端","－","新北市新店區北新路2段262號2樓之6","	25145643","吳進昌","施凱文","施凱文","總經理","王玉玲","02-2711-8177","2010/07/12","2016/01/11",新台幣                 10.0000元,177358000,17735800,0,0,合併,每年,董事會,"福邦證券 股務代理部","02-2371-1658","台北市中正區忠孝西路１段６號６樓","勤業眾信聯合會計師事務所","陳俊宏","莊碧玉","GOMAJI","Rm. 6, 2F., No. 262, Sec. 2, Beixin Rd., Xindian DistNew Taipei City , Taiwan (R.O.C.)","02-2741-4271","invest@gomaji.com","http://www.gomaji.com/","施凱文","總經理","(02) 2711-8177","invest@gomaji.com","http://www.gomaji.com/stakeholder/pip_0.php","https://www.gomaji.com/stakeholder#pip-7"
"8477","創業家數位股份有限公司","創業家","數位雲端","－","台南市仁德區中山路6號4樓","	53761823","李月春","蔡忠佑","蔡忠佑","總經理","石展丞","06-2796896","2012/05/03","2016/10/31",新台幣                 10.0000元,641706160,64170616,30000000,0,合併,每年,股東會,"宏遠證券股份有限公司股務代理部","02-23268818","台北市信義路4段236號3樓","勤業眾信聯合會計師事務所","吳長駿","李季珍","XXTECHEC","4F., No. 6, Zhongshan Rd., Rende Dist.Tainan City 717, Taiwan (R.O.C.)","06-2796815","yurong.chang@xxtechec.com","https://www.xxtechec.com/","張玉蓉","財務主管","06-2796896","ir@xxtechec.com","https://www.xxtechec.com/stakeholder.html","－"
"8489","三貝德數位文創股份有限公司","三貝德","其他","－","新北市三重區重新路五段609巷2號5樓","	28443147","余明珊","欽憶弘","欽憶弘","總經理","王家政","02-6635-5288","2006/10/30","2017/04/27",新台幣                 10.0000元,592988970,59298897,19000000,0,合併,每年,股東會,"福邦證券股份有限公司股務代理部","(02)2371-1658","台北市中正區忠孝西路一段6號6樓","安永聯合會計師事務所","羅筱靖","鄭清標","Samebest","5F., No.2, Ln. 609, Sec. 5, Chongxin Rd., Sanchong Dist., New Taipei City 241New Taipei City 241, Taiwan(R.O.C)","02-2995-9255","investor@samebest.com.tw","www.samebest.com.tw","王家政","財務長","02-6635-5288","investor@samebest.com.tw","https://www.samebest.com.tw/interested-parties.html","https://www.samebest.com.tw/investor_manageRule.html"
"8905","裕國冷凍冷藏股份有限公司","裕國","其他","－","台中市西屯區工業二路三號","	23641978","楊育偉","楊盛昌","楊盛昌","總經理","陳麗妃","04-23591313","1990/05/30","1996/01/31",新台幣                 10.0000元,1194400000,119440000,0,0,合併,每年,股東會,"群益金鼎證券股份有限公司","02-27023999","台北市敦化南路二段97號地下二樓","安侯建業聯合會計師事務所","陳政學","陳燕慧","　　ECS","　　NO.3 Industrial 2ND RD.　　Taichung  Taiwan","04-23500210","service@cooleagle.com.tw","www.eaglegroup.com.tw","陳麗妃","財會部協理","04-23591313","judychen@cooleagle.com.tw","www.eaglegroup.com.tw","www.eaglegroup.com.tw/info3.php"
"8906","花王企業股份有限公司","花王","其他","－","新北市土城區中山路六十五號","	33742362","謝宗翰","謝宗翰","莊秋賢","副總經理","陳惠敏","03-3908833","1968/07/31","1996/04/23",新台幣                 10.0000元,440373700,44037370,0,0,個別,每年,董事會,"福邦證券股份有限公司","2371-1658","台北市中正區忠孝西路一段6號6樓","資誠聯合會計師事務所","林佳鴻","文雅芳","Forward　","No.65 Chung Shan Rd., Tu Cheng Dist.New Taipei City, Taiwan, R.O.C.","03-3908871","a3742362@ms21.hinet.net","http://www.forward-net.com.tw","莊秋賢","副總經理","03-3908833","albert@forward-net.com.tw","http://www.forward-net.com.tw","－"
"8908","欣雄天然氣股份有限公司","欣雄","油電燃氣業","－","高雄市鳳山區國泰路一段99號","	07861475","朱文煌","王定中","王定中","總經理","朱錦福","(07)7416101","1986/04/16","1997/02/14",新台幣                 10.0000元,3153327420,315332742,0,0,合併,每年,董事會,"元大證券(股)公司股務代理部","(02)25865859","106臺北市大安區敦化南路2段67號地下一樓","安永聯合會計師事務所","姚世傑","胡子仁","SHIN HSIUNG　　","99 KUO TAI ROAD SEC.1　FENG SHAN,KAOHSIUNG COUNTY TAIWAN　","(07)7100321","finance@shng.com.tw","www.shng.com.tw","陳宜貞","經理","(07)7416101","finance@shng.com.tw","www.shng.com.tw/invment05.html","www.shng.com.tw/invment03.html"
"8916","光隆實業股份有限公司","光隆","其他","－","台北市敦化南路二段105號16樓","	33111800","詹賀博","詹賀博","李柏彥","經理","徐立亭","02-27092550","1966/02/17","1999/04/20",新台幣                 10.0000元,1504997010,150242759,0,256942,合併,每年,董事會,"凱基證券股份有限公司","02-23892999","台北市中正區重慶南路一段2號5樓","勤業眾信聯合會計師事務所","劉明賢","趙永祥","KLF　","16TH FL.NO.105,THN-HWA S.RD SEC.2 TAIWAN.R.O.C　　TAIPEI TAIWAN　　","02-27092555","kl.888@klf-group.com","http://www.klf-group.com/","李柏彥","經理","02-27092550","kl.888@klf-group.com","http://www.klf-group.com/chinese/04_ir/01_company.php","https://klf-group.com/chinese/04_ir/00_overview.php"
"8917","欣泰石油氣股份有限公司","欣泰","油電燃氣業","－","新北市土城區中華路2段221號","	22000004","莊鴻文","簡世峰","王際誠","工務部經理","林怡雯","(02)80753600","1986/01/06","1999/05/06",新台幣                 10.0000元,1626524590,162652459,0,0,個別,每年,股東會,"元大證券股份有限公司","(02)25865859","台北市大安區敦化南路2段67號地下一樓","勤業眾信會計師事務所","蘇郁琇","王攀發","HTGas","No.221, Sec. 2, Zhonghua Rd.,Tucheng Dist.,New Taipei City 236, Taiwan (R.O.C.)","(02)80753655","investor@htgas.com.tw","http://www.htgas.com.tw/","林怡雯","副總經理","(02)80753679","investor@htgas.com.tw","https://www.htgas.com.tw/investor_area.aspx?content=%E5%88%A9%E5%AE%B3%E9%97%9C%E4%BF%82%E4%BA%BA&p=","https://www.htgas.com.tw/investor_area.aspx?content=%E5%85%AC%E5%8F%B8%E6%B2%BB%E7%90%86&p=%E7%B5%84"
"8921","沈氏藝術印刷股份有限公司","沈氏","其他","－","新北市土城區中央路1段365巷7號3樓","	15820097","陳正剛","方世調","方世調","總經理","陳宗易","(02)2270-8198","1977/12/15","2000/03/21",新台幣                 10.0000元,465921590,46592159,0,0,合併,每年,董事會,"永豐金證券股份有限公司","(02)2381-6288","100台北市博愛路17號3樓","國富浩華聯合會計師事務所","張亞荃","潘金樹","SHEN'S ART","No.7,Lane365,Sec.1,Chung-Yung Road,To-Chen,Taipei Hsien,Taiwan,R.O.C.","(02)2270-6111","victor@shen.com.tw","www.shen.com.tw","陳宗易","財務主管","(02)2270-8198","victor@shen.com.tw","www.shen.com.tw","www.shen.com.tw"
"8923","時報文化出版企業股份有限公司","時報","文化創意業","－","台北市萬華區和平西路3段240號1至7樓","	01405937","趙政岷","趙政岷","黃振元","財務部財務長","張正芳","(02)23066600","1985/11/05","1999/12/27",新台幣                 10.0000元,303758000,30375800,0,0,合併,每年,股東會,"富邦綜合證券股份有限公司","(02)23611300","台北市許昌街17號11樓","勤業眾信聯合會計師事務所","王浚宇","劉明賢","C.T.Publishing","1-7F, No.240, Sec. 3, Heping W. Rd., Wanhua Dist.,  　　TAIPEI,  R.O.C.　　","(02)23025638","simon@readingtimes.com.tw","www.readingtimes.com.tw","黃振元","財務部財務長","02-23066600#8616","simon@readingtimes.com.tw","www.readingtimes.com.tw/timeshtml/Readingtimes/p02d.html","http://www.readingtimes.com.tw/timeshtml/Readingtimes/p02.html"
"8924","大田精密工業股份有限公司","大田","運動休閒","－","屏東縣內埔鄉豐田村建富路8號","	23060009","李孔文","許戎民","鍾政義","協理","李忠穆","08-7783855","1988/07/18","2000/02/09",新台幣                 10.0000元,838000000,83800000,0,0,合併,每年,董事會,"凱基證券股份有限公司","02-23892999","台北市重慶南路一段2號5樓","安永聯合會計師事務所","陳政初","李芳文","O-TA","NO.8 CHIEN-FU ROAD, NEI-PU INDUSTRIAL ZONEPING-TUNG HSIEN, TAIWAN, R.O.C.　　","08-7792922","invest@o-ta.com.tw","www.o-ta.com.tw","鍾政義","協理","08-7783855#125","chungyi@o-ta.com.tw","https://www.o-ta.com.tw/§Q?`???Y?H±M°?/","https://www.o-ta.com.tw/investor/"
"8927","北基國際股份有限公司","北基","油電燃氣業","－","新北市板橋區新海路137號","	23218091","鍾育霖","廖順慶","廖順慶","總經理","韓佳憲","(02)2259-6969","1988/12/16","2000/11/02",新台幣                 10.0000元,4277963670,427796367,0,0,合併,每年,股東會,"永豐金證券股份有限公司","(02)2381-6288","台北市博愛路17號3樓","安侯建業聯合會計師事務所","余聖河","羅瑞芝","Pei Chi　","No.137, Shinhai Rd.,　Banqiao Dist., New Taipei City 220","(02)2259-9232","nspcosrv@mail.nspco.com.tw","http://www.nspco.com.tw","韓佳憲","財務部副總經理","(02)2259-6969","davishan@mail.nspco.com.tw","http://www.nspco.com.tw","－"
"8928","鉅明股份有限公司","鉅明","運動休閒","－","高雄市大寮區大寮區和業八路8號","	85634075","林進能","蔡昌均","顏志憲","經理","林萌妍","07-7875510","1973/06/25","2001/02/02",新台幣                 10.0000元,508540150,50854015,0,0,合併,每年,董事會,"華南永昌綜合證券股務代理部","02-27186425","台北市松山區民生東路四段54號4樓","安侯建業聯合會計師事務所","陳永祥","高鈺倫","DYNAMIC　　","No. 8, Hoye 8th Rd., Daliao Dist.,Kaohsiung City,Taiwan,R.O.C.　　","07-7876001","finance@dynamic.com.tw","www.dynamic.com.tw","顏志憲","經理","07-7875510-539","finance@dynamic.com.tw","www.dynamic.com.tw","－"
"8929","富堡工業股份有限公司","富堡","其他","－","台北市中正區忠孝東路2段130號2樓之3","	30851864","林煥強","林峻樟","葉倚妡","財務部經理","張慧玲","03-352-9862","1977/08/29","2000/11/30",新台幣                 10.0000元,505808620,50580862,0,0,合併,每年,董事會,"永豐金證券股份有限公司","02-2381-6288","台北市中正區博愛路17號3樓","正風聯合會計師事務所","曾國富","賴永吉","FBIC　　","2F-3,NO,130,sec.2,Zhong-Xiao E,Road.,Taipei TaiwanTaipei, Taiwan 100, R.O.C.","03-312-8974","sarah.yeh@fuburg.com","http://www.fuburg.com","張慧玲","財務部主任","03-3529862","Nicole.Chang@Fuburg.com","www.fuburg.com/index.php/stakeholders","https://www.fuburg.com/§????H±M°?/???q?v?z/????·|/"
"8930","青鋼應用材料股份有限公司","青鋼","鋼鐵工業","－","台南市官田區二鎮里工業路九號","	69797158","陳元籐","陳元籐","施俊男","副總經理","邱莉雯","(06)6986623","1982/08/06","2000/12/06",新台幣                 10.0000元,818094060,81809406,0,0,個別,每年,董事會,"福邦證券股份有限公司","(02)2371-1658","台北市中正區忠孝西路一段６號６樓","安侯建業聯合會計師事務所","蘇彥達","許振隆","CKM　","No.9, Gongye Rd., Guantian DistTainan City,Taiwan,R.O.C.　","(06)6990272","ir@mail.ckm.com.tw","www.ckm.com.tw","施俊男","副總經理","(06)6986623#6600","ir@mail.ckm.com.tw","https://www.ckm.com.tw/zh-hant/investment-governance.php","https://www.ckm.com.tw/zh-hant/investment-governance.php"
"8931","大園汽電共生股份有限公司","大汽電","油電燃氣業","－","桃園市大園區北港里14鄰潮音北路276號","	84526079","陳明安","張世陽","張世陽","總經理","邱瓊如","(03)386-8066","1993/08/14","2001/05/10",新台幣                 10.0000元,1222548620,122254862,0,0,個別,每年,股東會,"富邦綜合證券股份有限公司","(02)2361-1300","台北市中正區許昌街十七號十一樓","勤業眾信聯合會計師事務所","翁博仁","李麗凰","TYC　","NO.276, CHAOYIN N RDDAYUAN  DIST.,  TAOYUAN  CITY ,  TAIWAN.","(03)3851880","service@tycc.com.tw","http://www.tycc.com.tw","邱瓊如","會計主管","03-3868066#122","service@tycc.com.tw","www.tycc.com.tw","https://www.tycc.com.tw/investors/index/6"
"8932","智通科創股份有限公司","智通*","其他","－","台北市內湖區洲子街196號7樓","	35892013","鍾富瑋","蔡焜煌","陳淑雯","財務長","簡麗玲","(02)2627-1828","1978/02/18","2001/03/29",新台幣                  5.0000元,894908210,178981642,0,0,合併,每年,股東會,"福邦證券股份有限公司","(02)2371-1658","台北市中正區忠孝西路一段6號6樓","勤業眾信聯合會計師事務所","莊文源","陳致源","Wiselink","7F,NO.196,JOUTZ ST,NEIHU DIST.,TAIPEI 114, TAIWAN, R.O.C.","(02)2627-1827","speak@wiselink.tw","https://wiselink.tw/","陳淑雯","財務長","(02)2627-1828","speak@wiselink.tw","https://wiselink.tw/%e5%88%a9%e5%ae%b3%e9%97%9c%e4%bf%82%e4%ba%ba/","https://wiselink.tw/%E5%85%AC%E5%8F%B8%E6%B2%BB%E7%90%86-3/"
"8933","愛地雅工業股份有限公司","愛地雅","運動休閒","－","台中市梧棲區草湳里港埠路一段497號","	97506791","張元賓","陳敬旺","賴名美","行政管理處副總經理","黃惠君","04-26393242","1980/09/16","2001/03/28",新台幣                 10.0000元,3267243050,326724305,108000000,0,合併,每年,股東會,"愛地雅工業股份有限公司股務室","02-27051333","台北市大安區敦化南路二段98號12樓","勤業眾信聯合會計師事務所","高逸欣","張麗君","IDEAL　　","No. 497, Sec. 1, Gangbu Rd., Caonan Vil., Wuqi Dist.,Taichung City 435054, Taiwan (R.O.C.)","04-26393247","ideal@idealbike.com.tw","www.idealbike.com.tw","賴名美","副總經理","04-26393242","spokesperson@idealbike.com.tw","www.idealbike.com.tw","https://www.idealbike.com.tw"
"8935","邦泰複合材料股份有限公司","邦泰","其他","－","台中市潭子區豐興路二段龍興巷23-6號","	52784171","亨利通投資股份有限公司代表人:沈國榮","沈國榮","洪敬程","行政管理處執行協理","鍾秀菊","04-25384121","1982/12/21","2002/03/26",新台幣                 10.0000元,1134950000,113495000,26961800,0,合併,每年,股東會,"群益金鼎證券股份有限公司","02-27023999","台北市大安區敦化南路二段97號地下二樓","聯捷聯合會計師事務所","邱烺民","簡志宏","PONTEX","No.23-6, Longxing Ln., Sec. 2, Fengxing Rd., Tanzi Dist.,Taichung Taiwan","04-25384120","service@pontex.com","www.pontex.com","洪敬程","行政管理處執行協理、公司治理主管","04-25384121#3511","bob.hong@pontex.com","http://www.pontex.com/finance/index.php?parent_id=34","https://www.pontex.com/govern.php"
"8936","國統國際股份有限公司","國統","其他","－","屏東縣新園鄉媽祖路400號","	91888619","洪雅滿","洪雅滿","黃富貞","副總經理","黃雯慧","07-5573755","1978/07/15","2002/09/09",新台幣                 10.0000元,2480781570,248078157,0,0,合併,每年,董事會,"福邦證券股份有限公司","02-23711658","台北市中正區忠孝西路一段6號6樓","安永聯合會計師事務所","洪國森","姚世傑","KTI","400,Matzu Rd., Xinyuan Township,Pingtung County, Taiwan, R.O.C.","07-5575300","IR@kti.com.tw","http://www.kti.com.tw","黃雯慧","財會主管","07-5577080","IR@kti.com.tw","http://www.kti.com.tw/stakeholder.html","－"
"8937","合騏工業股份有限公司","合騏","其他","－","嘉義縣義竹鄉義竹工業區義工二路二號","	66338721","謝菁菁","王惠明","王惠明","總經理","李竹信","05-3426621","1975/10/09","2002/10/29",新台幣                 10.0000元,1079200680,107920068,35441268,0,合併,每年,董事會,"福邦證券股份有限公司股務代理部","(02)2371-1658","台北市中正區忠孝西路一段6號6樓","正風聯合會計師事務所","彭莉真","曾國富","HER CHEE","No.2 YI-KUNG 2 ROAD. YI-CHU INDUSTRIAL AREA, YI-CHU HSIANG,CHIA-YI HSIEN, TAIWAN, R.O.C","05-3427208","audit@hercheemoto.com.tw","www.hercheemoto.com.tw","王惠明","總經理","05-3426621","audit@hercheemoto.com.tw","www.hercheemoto.com.tw","www.hercheemoto.com.tw"
"8938","明安國際企業股份有限公司","明安","運動休閒","－","高雄市小港區中林路26號","	22532826","鄭錫潛","周益男","周益男","總經理","郭怡妙及劉彥良","07-8721410","1987/07/20","2002/12/02",新台幣                 10.0000元,1569864900,156986490,0,0,合併,每年,董事會,"凱基證券股份有限公司股務代理部","02-23892999","台北市重慶南路一段2號5樓","資誠聯合會計師事務所","王駿凱","吳建志","ADVANCED  GROUP","NO. 26  CHUNG LIN RD, LIN HAI INDUSTRIAL DISTRICTKAOHSIUNG, TAIWAN, R.O.C.","07-8716242","jane.wang@adgroup.com.tw","www.adgroup.com.tw","郭怡妙及劉彥良","協理及副理","07-8721410","ym.kuo@adgroup.com.tw     jimmy.liu@adgroup.com.tw","https://www.adgroup.com.tw/page/about/index.aspx?kind=275&lang=TW","https://www.adgroup.com.tw/page/about/index.aspx?kind=33&lang=TW"
"8941","關中股份有限公司","關中","居家生活","－","台北市內湖區瑞光路298號9樓","	14062738","洪文照","林士超","謝嘉維","財務長","陳彥光","02-26591119","1976/03/26","2003/01/20",新台幣                 10.0000元,349720710,34972071,0,0,合併,每半會計年度,董事會,"凱基證券股份有限公司","02-23148800","台北市重慶南路一段2號4樓","安侯建業聯合會計師事務所","辛郁婷","黃更佳","GRAND HALL","9TH, NO. 298, RUEIGUANG RD., NEIHU,TAIPEI, TAIWAN, R.O.C.","02-26591060","service@grandhall.com.tw","www.grandhall.com.tw","謝嘉維","財務長","(02)2659-1119#168","anson_hsieh@grandhall.com.tw","www.grandhall.com.tw","－"
"8942","森鉅科技材料股份有限公司","森鉅","其他","－","台南市仁德區中山路10巷16號","	89845559","鄭憲得","鄭憲松","陳啟煌","副總經理","李芸芳","06-2703868","1994/09/09","2003/05/16",新台幣                 10.0000元,1988422550,198842255,0,0,合併,每半會計年度,董事會,"兆豐證券(股)公司","02-33930898","台北市忠孝東路二段95號1樓","勤業眾信聯合會計師事務所","李季珍","吳長駿","Xxentria　","No. 16, Lane 10, Zhongshan RoadRende District, Tainan City, Taiwan　","06-2708968","finance@xxentria-tech.com","http://xxentria-tech.com/","陳啟煌","副總經理","06-2703868","finance@xxentria-tech.com","http://xxentria-tech.com/","http://xxentria-tech.com/"
"9949","琉園股份有限公司","琉園","文化創意業","－","新北市永和區成功路一段80號22樓","	84767175","王永山","葉如萍","王永山","董事長","葉如萍","(02)77055168","1994/04/07","2003/11/21",新台幣                 10.0000元,440333600,44033360,0,0,合併,每半會計年度,董事會,"元富證券股份有限公司","27686668","台北市松山區光復北路11巷35號地下一樓","勤業眾信聯合會計師事務所","葉淑娟","黃國寧","TITTOT","22F., No.80, Sec. 1, Chenggong Rd., Yonghe City,New Taipei City 23452, Taiwan (R.O.C.)","(02)77055188","ruby.yeh@tittot.com","http://www.tittot.com","江雯櫻","專員","(02)77055168分機107","sara.chiang@tittot.com","http://www.tittot.com/Tittot/ch/zhTW-stockholder.jsp","http://www.tittot.com/Tittot/ch/zhTW-stockholder.jsp"
"9950","萬國通路股份有限公司","萬國通","塑膠工業","－","台南市711歸仁區中正南路二段1號","	73644351","謝明振","謝奇諺","謝奇諺","總經理","許慈慧","06-2303952","1979/04/25","2004/02/17",新台幣                 10.0000元,1677160000,167716000,67999691,0,合併,每年,股東會,"福邦證券股份有限公司股務代理部","02-23711658","台北市中正區忠孝西路一段6號6樓","安永聯合會計師事務所","姚世傑","胡子仁","EMINENT","NO. 1, SEC. 2, ZHONGZHENG S. RD., GUIREN DIST.,TAINAN CITY 711, TAIWAN (R.O.C.)","06-2301936","tainan@eminent.com","www.eminent.com","謝奇諺","總經理","06-2303952","tainan@eminent.com","https://tw.eminent.com/?route=article/invest","https://tw.eminent.com/?route=article/invest&path=1"
"9951","皇田工業股份有限公司","皇田","電機機械","－","台南市永康區王行里16鄰永科五路6號","	73707377","周幼珊","周幼珊","許竹如","財務部經理","林孟雨","(06)2331088","1983/07/25","2003/12/18",新台幣                 10.0000元,733000000,73300000,0,0,合併,每年,董事會,"群益金鼎證券股份有限公司","(02)27023999","台北市大安區敦化南路二段97號B2","資誠聯合會計師事務所","葉芳婷","徐惠榆","MACAUTO","No.6, Yongke 5th Rd.,Yongkang Dist., Tainan City, Taiwan","(06)2010999","ir@macauto-group.com","https://www.macauto-group.com/zh-hant/","許竹如","財務部經理","(06)2331088-2900","ir@macauto-group.com","https://www.macauto-group.com/zh-hant/","－"
"9960","邁達康網路事業股份有限公司","邁達康","運動休閒","－","高雄市苓雅區海邊路29號2樓","	16824183","吳沖","黃瓊瑤","黃瓊瑤","總經理","施姵瑜","07-5369536","2000/02/14","2004/12/06",新台幣                 10.0000元,335925000,33592500,0,0,合併,每年,股東會,"元大證券股份有限公司股務代理部","02-25865859","臺北市大安區敦化南路2段67號地下一樓","勤業眾信聯合會計師事務所","劉裕祥","吳長駿","DACOME","2F #29  HAI  BIAN  ROADKAOHSIUNG,  TAIWAN  R.O.C","07-3302074","9960@golfshop.com.tw","www.golfshop.com.tw","施姵瑜","經理","07-5369536","9960@golfshop.com.tw","www.golfshop.com.tw/aboutus/aboutus_INVESTMENT.asp","https://www.golfshop.com.tw/aboutus/aboutus_investment.asp#3_9"
"9962","有益鋼鐵股份有限公司","有益","鋼鐵工業","－","高雄市永安區永工十路2號","	96862363","劉憲同","張睿芯","張睿芯","總經理","郭志傑","07-6225616","1996/01/29","2006/07/10",新台幣                 10.0000元,902202600,90220260,0,0,合併,每年,董事會,"褔邦證券股份有限公司","(02)2371-1658","100台北市中正區忠孝西路一段6號6樓","國富浩華聯合會計師事務所","李國銘","蔡淑滿","YYS","NO.2 YEONG GONG 10TH ROAD, YEONG AN DISTRICTKAOHSIUNG CITY, TAIWAN, R.O.C.","07-6214979","service@yeouyih.com.tw","http://www.yeouyih.com.tw","陳麗紋","助理副總","07-6225616#231","nini@yeouyih.com.tw","http://www.yeouyih.com.tw","－"